REGION,PROVINCE,MUNICIPALITY,PROGRAM,GENDER,STATUS
REGION IV-A,LAGUNA,CABUYAO CITY,Res,MALE,On-Going
REGION IV-A,LAGUNA,CABUYAO CITY,Res,MALE,On-Going
REGION IV-A,LAGUNA,CABUYAO CITY,Res,FEMALE,On-Going
REGION IV-A,LAGUNA,CABUYAO CITY,Res,MALE,On-Going
REGION IV-A,LAGUNA,CABUYAO CITY,Res,FEMALE,On-Going
REGION IV-A,LAGUNA,CABUYAO CITY,Res,FEMALE,Completed
REGION IV-A,LAGUNA,CABUYAO CITY,Ind,MALE,Completed
REGION IV-A,LAGUNA,CABUYAO CITY,Res,MALE,On-Going
REGION IV-A,LAGUNA,CABUYAO CITY,Res,MALE,Completed
REGION IV-A,LAGUNA,CABUYAO CITY,Res,FEMALE,On-Going
REGION IV-A,LAGUNA,CABUYAO CITY,Ind,FEMALE,Cancelled
REGION IV-A,LAGUNA,CABUYAO CITY,Res,FEMALE,Cancelled
REGION IV-A,LAGUNA,CABUYAO CITY,Res,MALE,On-Going
REGION IV-A,LAGUNA,CABUYAO CITY,Res,FEMALE,On-Going
REGION IV-A,LAGUNA,CABUYAO CITY,Com,MALE,On-Going
REGION IV-A,LAGUNA,CABUYAO CITY,Res,MALE,On-Going
REGION IV-A,LAGUNA,CABUYAO CITY,Res,MALE,On-Going
REGION IV-A,LAGUNA,CABUYAO CITY,Res,MALE,On-Going
REGION IV-A,LAGUNA,CABUYAO CITY,Res,MALE,Completed
REGION IV-A,LAGUNA,CABUYAO CITY,Res,MALE,On-Going
REGION IV-A,LAGUNA,CABUYAO CITY,Res,FEMALE,On-Going
REGION IV-A,LAGUNA,CABUYAO CITY,Res,FEMALE,On-Going
REGION IV-A,LAGUNA,CABUYAO CITY,Res,FEMALE,On-Going
REGION IV-A,LAGUNA,CABUYAO CITY,Res,FEMALE,On-Going
REGION IV-A,LAGUNA,CABUYAO CITY,Res,FEMALE,Completed
REGION IV-A,LAGUNA,CABUYAO CITY,Ind,FEMALE,On-Going
REGION IV-A,LAGUNA,CABUYAO CITY,Res,MALE,On-Going
REGION IV-A,LAGUNA,CABUYAO CITY,Ind,MALE,Completed
REGION IV-A,LAGUNA,CABUYAO CITY,Res,MALE,Completed
REGION IV-A,LAGUNA,CABUYAO CITY,Res,FEMALE,On-Going
REGION IV-A,LAGUNA,CABUYAO CITY,Res,MALE,On-Going
REGION X,LANAO DEL NORTE,TAGOLOAN,Ind,MALE,On-Going
REGION X,LANAO DEL NORTE,TAGOLOAN,Res,FEMALE,On-Going
REGION X,LANAO DEL NORTE,TAGOLOAN,Res,FEMALE,On-Going
REGION X,LANAO DEL NORTE,TAGOLOAN,Com,FEMALE,On-Going
REGION X,LANAO DEL NORTE,TAGOLOAN,Res,MALE,Completed
REGION X,LANAO DEL NORTE,TAGOLOAN,Res,MALE,Pending
REGION VIII,LEYTE,HILONGOS,Res,MALE,On-Going
REGION VIII,LEYTE,HILONGOS,Res,MALE,On-Going
REGION VIII,LEYTE,HILONGOS,Res,MALE,On-Going
REGION VIII,LEYTE,HILONGOS,Res,FEMALE,On-Going
REGION VIII,LEYTE,HILONGOS,Res,FEMALE,Pending
REGION VIII,LEYTE,HILONGOS,Res,MALE,On-Going
REGION VIII,LEYTE,HILONGOS,Res,FEMALE,On-Going
REGION VIII,LEYTE,HILONGOS,Res,MALE,On-Going
REGION VIII,LEYTE,HILONGOS,Res,FEMALE,Completed
REGION VIII,LEYTE,HILONGOS,Com,MALE,On-Going
REGION VIII,LEYTE,HILONGOS,Res,MALE,On-Going
REGION VIII,LEYTE,HILONGOS,Res,MALE,On-Going
REGION VIII,LEYTE,HILONGOS,Res,FEMALE,Pending
REGION VIII,LEYTE,HILONGOS,Res,FEMALE,Completed
REGION VIII,LEYTE,HILONGOS,Res,FEMALE,Completed
REGION VIII,LEYTE,HILONGOS,Com,MALE,On-Going
REGION VIII,LEYTE,HILONGOS,Res,MALE,Pending
REGION VIII,LEYTE,HILONGOS,Res,FEMALE,On-Going
REGION VIII,LEYTE,HILONGOS,Com,FEMALE,On-Going
REGION VIII,LEYTE,HILONGOS,Res,MALE,On-Going
REGION VIII,LEYTE,HILONGOS,Res,FEMALE,Completed
REGION VIII,LEYTE,HILONGOS,Res,FEMALE,Pending
REGION II,ISABELA,REINA MERCEDES,Res,FEMALE,On-Going
REGION II,ISABELA,REINA MERCEDES,Ind,MALE,Cancelled
REGION II,ISABELA,REINA MERCEDES,Res,MALE,On-Going
REGION II,ISABELA,REINA MERCEDES,Res,FEMALE,On-Going
REGION II,ISABELA,REINA MERCEDES,Res,FEMALE,Pending
REGION II,ISABELA,REINA MERCEDES,Com,MALE,On-Going
REGION II,ISABELA,REINA MERCEDES,Res,FEMALE,On-Going
REGION II,ISABELA,REINA MERCEDES,Res,MALE,On-Going
REGION II,ISABELA,REINA MERCEDES,Res,FEMALE,On-Going
REGION II,ISABELA,REINA MERCEDES,Res,FEMALE,On-Going
REGION II,ISABELA,REINA MERCEDES,Res,FEMALE,On-Going
REGION II,ISABELA,REINA MERCEDES,Res,MALE,Completed
REGION II,ISABELA,REINA MERCEDES,Res,FEMALE,Completed
REGION II,ISABELA,REINA MERCEDES,Res,FEMALE,On-Going
REGION II,ISABELA,REINA MERCEDES,Res,MALE,On-Going
REGION II,ISABELA,REINA MERCEDES,Res,FEMALE,On-Going
REGION II,ISABELA,REINA MERCEDES,Res,MALE,On-Going
REGION II,ISABELA,REINA MERCEDES,Res,MALE,On-Going
REGION II,ISABELA,REINA MERCEDES,Res,FEMALE,On-Going
REGION II,ISABELA,REINA MERCEDES,Com,MALE,On-Going
REGION II,ISABELA,REINA MERCEDES,Res,FEMALE,On-Going
REGION II,ISABELA,REINA MERCEDES,Res,FEMALE,Completed
REGION II,ISABELA,REINA MERCEDES,Res,FEMALE,On-Going
REGION II,ISABELA,REINA MERCEDES,Res,FEMALE,On-Going
REGION II,ISABELA,REINA MERCEDES,Res,MALE,On-Going
REGION II,ISABELA,REINA MERCEDES,Res,MALE,On-Going
REGION II,ISABELA,REINA MERCEDES,Res,MALE,On-Going
REGION II,ISABELA,REINA MERCEDES,Res,FEMALE,On-Going
REGION II,ISABELA,REINA MERCEDES,Res,FEMALE,On-Going
REGION II,ISABELA,REINA MERCEDES,Com,FEMALE,On-Going
REGION II,ISABELA,REINA MERCEDES,Res,FEMALE,On-Going
REGION II,ISABELA,REINA MERCEDES,Res,MALE,Completed
REGION II,ISABELA,REINA MERCEDES,Res,MALE,Pending
REGION VI,ANTIQUE,SAN JOSE (CAPITAL),Ind,MALE,On-Going
REGION VI,ANTIQUE,SAN JOSE (CAPITAL),Res,FEMALE,On-Going
REGION VI,ANTIQUE,SAN JOSE (CAPITAL),Res,MALE,On-Going
REGION VI,ANTIQUE,SAN JOSE (CAPITAL),Res,FEMALE,Completed
REGION VI,ANTIQUE,SAN JOSE (CAPITAL),Res,FEMALE,On-Going
REGION VI,ANTIQUE,SAN JOSE (CAPITAL),Ind,MALE,On-Going
REGION VI,ANTIQUE,SAN JOSE (CAPITAL),Com,FEMALE,On-Going
REGION VI,ANTIQUE,SAN JOSE (CAPITAL),Res,MALE,On-Going
REGION VI,ANTIQUE,SAN JOSE (CAPITAL),Res,FEMALE,On-Going
REGION VI,ANTIQUE,SAN JOSE (CAPITAL),Res,FEMALE,On-Going
REGION VI,ANTIQUE,SAN JOSE (CAPITAL),Ind,MALE,On-Going
REGION VI,ANTIQUE,SAN JOSE (CAPITAL),Res,FEMALE,On-Going
REGION VI,ANTIQUE,SAN JOSE (CAPITAL),Com,FEMALE,On-Going
REGION VI,ANTIQUE,SAN JOSE (CAPITAL),Res,MALE,On-Going
REGION VI,ANTIQUE,SAN JOSE (CAPITAL),Res,MALE,On-Going
REGION VI,ANTIQUE,SAN JOSE (CAPITAL),Res,MALE,Completed
REGION VI,ANTIQUE,SAN JOSE (CAPITAL),Res,FEMALE,On-Going
REGION VI,ANTIQUE,SAN JOSE (CAPITAL),Ind,MALE,On-Going
REGION VI,ANTIQUE,SAN JOSE (CAPITAL),Ind,FEMALE,On-Going
REGION VI,ANTIQUE,SAN JOSE (CAPITAL),Com,FEMALE,Completed
REGION VI,ANTIQUE,SAN JOSE (CAPITAL),Res,FEMALE,Completed
REGION VI,ANTIQUE,SAN JOSE (CAPITAL),Ind,MALE,On-Going
REGION VI,ANTIQUE,SAN JOSE (CAPITAL),Res,FEMALE,On-Going
REGION VI,ANTIQUE,SAN JOSE (CAPITAL),Ind,MALE,On-Going
REGION VI,ANTIQUE,SAN JOSE (CAPITAL),Res,MALE,On-Going
REGION VI,ANTIQUE,SAN JOSE (CAPITAL),Res,FEMALE,On-Going
REGION VI,ANTIQUE,SAN JOSE (CAPITAL),Res,MALE,Completed
REGION VI,ANTIQUE,SAN JOSE (CAPITAL),Res,MALE,On-Going
REGION VI,ANTIQUE,SAN JOSE (CAPITAL),Res,MALE,Completed
REGION VI,ANTIQUE,SAN JOSE (CAPITAL),Res,FEMALE,On-Going
REGION VI,ANTIQUE,SAN JOSE (CAPITAL),Res,FEMALE,On-Going
REGION VI,ANTIQUE,SAN JOSE (CAPITAL),Com,FEMALE,On-Going
REGION VI,ANTIQUE,SAN JOSE (CAPITAL),Res,MALE,On-Going
REGION VI,ANTIQUE,SAN JOSE (CAPITAL),Ind,FEMALE,On-Going
REGION VI,ANTIQUE,SAN JOSE (CAPITAL),Com,MALE,On-Going
REGION VI,ANTIQUE,SAN JOSE (CAPITAL),Res,MALE,On-Going
REGION VI,ANTIQUE,SAN JOSE (CAPITAL),Res,MALE,On-Going
REGION VI,ANTIQUE,SAN JOSE (CAPITAL),Res,FEMALE,On-Going
REGION I,PANGASINAN,CITY OF URDANETA,Res,FEMALE,On-Going
REGION I,PANGASINAN,CITY OF URDANETA,Res,FEMALE,Pending
REGION I,PANGASINAN,CITY OF URDANETA,Res,MALE,Cancelled
REGION I,PANGASINAN,CITY OF URDANETA,Com,FEMALE,Completed
REGION I,PANGASINAN,CITY OF URDANETA,Res,MALE,On-Going
REGION I,PANGASINAN,CITY OF URDANETA,Ind,FEMALE,On-Going
REGION I,PANGASINAN,CITY OF URDANETA,Res,FEMALE,On-Going
REGION I,PANGASINAN,CITY OF URDANETA,Res,FEMALE,On-Going
REGION I,PANGASINAN,CITY OF URDANETA,Res,FEMALE,Completed
REGION I,PANGASINAN,CITY OF URDANETA,Res,MALE,On-Going
REGION I,PANGASINAN,CITY OF URDANETA,Ind,FEMALE,Pending
REGION I,PANGASINAN,CITY OF URDANETA,Res,MALE,On-Going
REGION I,PANGASINAN,CITY OF URDANETA,Res,MALE,Completed
REGION I,PANGASINAN,CITY OF URDANETA,Com,FEMALE,On-Going
REGION I,PANGASINAN,CITY OF URDANETA,Res,FEMALE,On-Going
REGION I,PANGASINAN,CITY OF URDANETA,Res,MALE,Completed
REGION I,PANGASINAN,CITY OF URDANETA,Res,FEMALE,On-Going
REGION I,PANGASINAN,CITY OF URDANETA,Res,MALE,On-Going
REGION I,PANGASINAN,CITY OF URDANETA,Res,MALE,On-Going
REGION I,PANGASINAN,CITY OF URDANETA,Com,MALE,On-Going
REGION I,PANGASINAN,CITY OF URDANETA,Res,FEMALE,On-Going
REGION I,PANGASINAN,CITY OF URDANETA,Com,FEMALE,On-Going
REGION I,PANGASINAN,CITY OF URDANETA,Res,FEMALE,Cancelled
REGION I,PANGASINAN,CITY OF URDANETA,Res,FEMALE,On-Going
REGION I,PANGASINAN,CITY OF URDANETA,Res,MALE,On-Going
REGION I,PANGASINAN,CITY OF URDANETA,Res,FEMALE,On-Going
REGION I,PANGASINAN,CITY OF URDANETA,Res,FEMALE,On-Going
REGION I,PANGASINAN,CITY OF URDANETA,Res,MALE,On-Going
REGION I,PANGASINAN,CITY OF URDANETA,Res,FEMALE,On-Going
REGION I,PANGASINAN,CITY OF URDANETA,Res,FEMALE,On-Going
REGION I,PANGASINAN,CITY OF URDANETA,Res,FEMALE,Completed
REGION I,PANGASINAN,CITY OF URDANETA,Ind,MALE,Pending
REGION I,PANGASINAN,CITY OF URDANETA,Com,FEMALE,On-Going
REGION I,PANGASINAN,CITY OF URDANETA,Res,MALE,On-Going
REGION I,PANGASINAN,CITY OF URDANETA,Res,MALE,On-Going
REGION I,PANGASINAN,CITY OF URDANETA,Res,MALE,On-Going
REGION I,PANGASINAN,CITY OF URDANETA,Res,FEMALE,Completed
REGION I,ILOCOS SUR,SANTIAGO,Res,MALE,On-Going
REGION I,ILOCOS SUR,SANTIAGO,Com,MALE,On-Going
REGION I,ILOCOS SUR,SANTIAGO,Ind,MALE,On-Going
REGION I,ILOCOS SUR,SANTIAGO,Res,FEMALE,Completed
REGION I,ILOCOS SUR,SANTIAGO,Res,FEMALE,Completed
REGION I,ILOCOS SUR,SANTIAGO,Res,FEMALE,Completed
REGION I,ILOCOS SUR,SANTIAGO,Res,MALE,On-Going
REGION I,ILOCOS SUR,SANTIAGO,Res,FEMALE,On-Going
BARMM,MAGUINDANAO DEL SUR,PANDAG,Res,FEMALE,On-Going
BARMM,MAGUINDANAO DEL SUR,PANDAG,Res,FEMALE,On-Going
BARMM,MAGUINDANAO DEL SUR,PANDAG,Res,FEMALE,On-Going
BARMM,MAGUINDANAO DEL SUR,PANDAG,Res,MALE,On-Going
BARMM,MAGUINDANAO DEL SUR,PANDAG,Res,MALE,On-Going
BARMM,MAGUINDANAO DEL SUR,PANDAG,Res,MALE,Pending
BARMM,MAGUINDANAO DEL SUR,PANDAG,Res,MALE,Completed
BARMM,MAGUINDANAO DEL SUR,PANDAG,Com,FEMALE,Completed
BARMM,MAGUINDANAO DEL SUR,PANDAG,Res,MALE,On-Going
BARMM,MAGUINDANAO DEL SUR,PANDAG,Com,FEMALE,On-Going
BARMM,MAGUINDANAO DEL SUR,PANDAG,Res,FEMALE,On-Going
BARMM,MAGUINDANAO DEL SUR,PANDAG,Res,MALE,On-Going
BARMM,MAGUINDANAO DEL SUR,PANDAG,Res,FEMALE,On-Going
BARMM,MAGUINDANAO DEL SUR,PANDAG,Res,MALE,On-Going
BARMM,MAGUINDANAO DEL SUR,PANDAG,Com,FEMALE,On-Going
BARMM,MAGUINDANAO DEL SUR,PANDAG,Res,FEMALE,Completed
BARMM,MAGUINDANAO DEL SUR,PANDAG,Res,FEMALE,Completed
BARMM,MAGUINDANAO DEL SUR,PANDAG,Res,MALE,On-Going
BARMM,MAGUINDANAO DEL SUR,PANDAG,Res,MALE,On-Going
BARMM,MAGUINDANAO DEL SUR,PANDAG,Res,MALE,Completed
BARMM,MAGUINDANAO DEL SUR,PANDAG,Res,FEMALE,On-Going
BARMM,MAGUINDANAO DEL SUR,PANDAG,Res,FEMALE,On-Going
REGION II,ISABELA,SAN MANUEL,Res,FEMALE,On-Going
REGION II,ISABELA,SAN MANUEL,Res,MALE,On-Going
REGION II,ISABELA,SAN MANUEL,Res,MALE,On-Going
REGION II,ISABELA,SAN MANUEL,Res,FEMALE,Pending
REGION II,ISABELA,SAN MANUEL,Res,FEMALE,Cancelled
REGION II,ISABELA,SAN MANUEL,Res,MALE,On-Going
REGION II,ISABELA,SAN MANUEL,Res,MALE,On-Going
REGION II,ISABELA,SAN MANUEL,Res,MALE,On-Going
REGION II,ISABELA,SAN MANUEL,Res,FEMALE,On-Going
REGION II,ISABELA,SAN MANUEL,Res,MALE,Completed
REGION II,ISABELA,SAN MANUEL,Res,MALE,Cancelled
REGION II,ISABELA,SAN MANUEL,Res,MALE,Completed
REGION II,ISABELA,SAN MANUEL,Res,FEMALE,On-Going
REGION II,ISABELA,SAN MANUEL,Ind,MALE,On-Going
REGION II,ISABELA,SAN MANUEL,Ind,MALE,On-Going
REGION II,ISABELA,SAN MANUEL,Res,MALE,On-Going
REGION II,ISABELA,SAN MANUEL,Res,MALE,On-Going
REGION II,ISABELA,SAN MANUEL,Res,MALE,On-Going
REGION II,ISABELA,SAN MANUEL,Res,MALE,On-Going
REGION II,ISABELA,SAN MANUEL,Ind,FEMALE,On-Going
REGION II,ISABELA,SAN MANUEL,Res,MALE,Completed
REGION II,ISABELA,SAN MANUEL,Res,MALE,On-Going
REGION II,ISABELA,SAN MANUEL,Ind,MALE,On-Going
REGION II,ISABELA,SAN MANUEL,Res,MALE,On-Going
REGION II,ISABELA,SAN MANUEL,Ind,FEMALE,Completed
REGION II,ISABELA,SAN MANUEL,Res,FEMALE,On-Going
REGION II,ISABELA,SAN MANUEL,Res,FEMALE,On-Going
REGION II,ISABELA,SAN MANUEL,Res,MALE,On-Going
REGION II,ISABELA,SAN MANUEL,Res,MALE,On-Going
REGION II,ISABELA,SAN MANUEL,Res,FEMALE,Pending
REGION II,ISABELA,SAN MANUEL,Res,FEMALE,On-Going
REGION II,ISABELA,SAN MANUEL,Com,FEMALE,On-Going
REGION II,ISABELA,SAN MANUEL,Res,MALE,On-Going
REGION II,ISABELA,SAN MANUEL,Res,MALE,On-Going
REGION II,ISABELA,SAN MANUEL,Res,MALE,On-Going
REGION II,ISABELA,SAN MANUEL,Res,FEMALE,Completed
REGION II,ISABELA,SAN MANUEL,Res,FEMALE,Cancelled
REGION II,ISABELA,SAN MANUEL,Ind,FEMALE,On-Going
REGION II,ISABELA,SAN MANUEL,Ind,FEMALE,Completed
REGION II,ISABELA,SAN MANUEL,Ind,FEMALE,On-Going
REGION X,MISAMIS ORIENTAL,LIBERTAD,Ind,MALE,On-Going
REGION X,MISAMIS ORIENTAL,LIBERTAD,Com,FEMALE,On-Going
REGION X,MISAMIS ORIENTAL,LIBERTAD,Res,MALE,Completed
REGION X,MISAMIS ORIENTAL,LIBERTAD,Res,MALE,Cancelled
REGION X,MISAMIS ORIENTAL,LIBERTAD,Res,MALE,On-Going
REGION X,MISAMIS ORIENTAL,LIBERTAD,Res,MALE,On-Going
REGION X,MISAMIS ORIENTAL,LIBERTAD,Res,FEMALE,Cancelled
REGION X,MISAMIS ORIENTAL,LIBERTAD,Res,MALE,Completed
REGION X,MISAMIS ORIENTAL,LIBERTAD,Ind,MALE,On-Going
REGION X,MISAMIS ORIENTAL,LIBERTAD,Res,FEMALE,Cancelled
REGION X,MISAMIS ORIENTAL,LIBERTAD,Res,MALE,On-Going
REGION X,MISAMIS ORIENTAL,LIBERTAD,Ind,MALE,Completed
REGION X,MISAMIS ORIENTAL,LIBERTAD,Res,FEMALE,Completed
REGION X,MISAMIS ORIENTAL,LIBERTAD,Res,FEMALE,Completed
REGION X,MISAMIS ORIENTAL,LIBERTAD,Res,FEMALE,On-Going
REGION X,MISAMIS ORIENTAL,LIBERTAD,Res,FEMALE,On-Going
REGION X,MISAMIS ORIENTAL,LIBERTAD,Res,FEMALE,On-Going
REGION X,MISAMIS ORIENTAL,LIBERTAD,Res,FEMALE,On-Going
REGION X,MISAMIS ORIENTAL,LIBERTAD,Com,MALE,Completed
REGION X,MISAMIS ORIENTAL,LIBERTAD,Ind,FEMALE,On-Going
REGION X,MISAMIS ORIENTAL,LIBERTAD,Res,FEMALE,Completed
REGION X,MISAMIS ORIENTAL,LIBERTAD,Ind,FEMALE,On-Going
REGION X,MISAMIS ORIENTAL,LIBERTAD,Com,FEMALE,On-Going
REGION X,MISAMIS ORIENTAL,LIBERTAD,Res,MALE,On-Going
REGION X,MISAMIS ORIENTAL,LIBERTAD,Res,MALE,On-Going
REGION X,MISAMIS ORIENTAL,LIBERTAD,Ind,MALE,Cancelled
REGION X,MISAMIS ORIENTAL,LIBERTAD,Res,FEMALE,On-Going
REGION X,MISAMIS ORIENTAL,LIBERTAD,Res,FEMALE,On-Going
REGION X,MISAMIS ORIENTAL,LIBERTAD,Res,FEMALE,On-Going
REGION X,MISAMIS ORIENTAL,LIBERTAD,Res,MALE,Completed
REGION X,MISAMIS ORIENTAL,LIBERTAD,Res,FEMALE,On-Going
REGION X,MISAMIS ORIENTAL,LIBERTAD,Com,FEMALE,Completed
REGION X,MISAMIS ORIENTAL,LIBERTAD,Com,FEMALE,On-Going
REGION X,MISAMIS ORIENTAL,LIBERTAD,Res,MALE,On-Going
REGION X,MISAMIS ORIENTAL,LIBERTAD,Res,FEMALE,On-Going
REGION X,MISAMIS ORIENTAL,LIBERTAD,Res,MALE,Completed
REGION X,MISAMIS ORIENTAL,LIBERTAD,Res,FEMALE,Cancelled
REGION VII,BOHOL,SAN ISIDRO,Ind,FEMALE,On-Going
REGION VII,BOHOL,SAN ISIDRO,Res,MALE,On-Going
REGION VII,BOHOL,SAN ISIDRO,Res,FEMALE,Completed
REGION VII,BOHOL,SAN ISIDRO,Res,FEMALE,On-Going
REGION VII,BOHOL,SAN ISIDRO,Res,MALE,Completed
REGION VII,BOHOL,SAN ISIDRO,Res,FEMALE,On-Going
REGION VII,BOHOL,SAN ISIDRO,Res,FEMALE,On-Going
REGION VII,BOHOL,SAN ISIDRO,Ind,FEMALE,On-Going
REGION VII,BOHOL,SAN ISIDRO,Res,FEMALE,On-Going
REGION VII,BOHOL,SAN ISIDRO,Res,FEMALE,On-Going
REGION VII,BOHOL,SAN ISIDRO,Res,FEMALE,Completed
REGION VII,BOHOL,SAN ISIDRO,Res,MALE,On-Going
REGION VII,BOHOL,SAN ISIDRO,Res,FEMALE,Pending
REGION VII,BOHOL,SAN ISIDRO,Res,MALE,On-Going
REGION VII,BOHOL,SAN ISIDRO,Ind,MALE,On-Going
REGION VII,BOHOL,SAN ISIDRO,Res,FEMALE,Completed
REGION VII,BOHOL,SAN ISIDRO,Res,FEMALE,On-Going
REGION VII,BOHOL,SAN ISIDRO,Res,MALE,On-Going
REGION VII,BOHOL,SAN ISIDRO,Ind,FEMALE,Completed
REGION VII,BOHOL,SAN ISIDRO,Res,MALE,Completed
REGION VII,BOHOL,SAN ISIDRO,Res,MALE,On-Going
REGION VII,BOHOL,SAN ISIDRO,Res,MALE,Pending
REGION VII,BOHOL,SAN ISIDRO,Res,MALE,On-Going
REGION VII,BOHOL,SAN ISIDRO,Com,MALE,On-Going
REGION VII,BOHOL,SAN ISIDRO,Res,FEMALE,Completed
REGION VII,BOHOL,SAN ISIDRO,Res,FEMALE,Cancelled
REGION VII,BOHOL,SAN ISIDRO,Res,FEMALE,Completed
REGION VII,BOHOL,SAN ISIDRO,Res,FEMALE,Completed
REGION VII,BOHOL,SAN ISIDRO,Res,FEMALE,On-Going
REGION VII,BOHOL,SAN ISIDRO,Res,FEMALE,Completed
REGION VII,BOHOL,SAN ISIDRO,Res,MALE,On-Going
REGION VII,BOHOL,SAN ISIDRO,Ind,MALE,Completed
REGION VII,BOHOL,SAN ISIDRO,Res,MALE,Completed
REGION VII,BOHOL,SAN ISIDRO,Res,FEMALE,On-Going
REGION VII,BOHOL,SAN ISIDRO,Res,FEMALE,Completed
REGION VII,BOHOL,SAN ISIDRO,Ind,FEMALE,On-Going
REGION VII,BOHOL,SAN ISIDRO,Com,MALE,Completed
REGION VII,BOHOL,SAN ISIDRO,Res,FEMALE,On-Going
REGION VII,BOHOL,SAN ISIDRO,Res,FEMALE,On-Going
REGION VII,BOHOL,SAN ISIDRO,Res,FEMALE,Completed
REGION VII,BOHOL,SAN ISIDRO,Res,FEMALE,Cancelled
REGION IV-B,PALAWAN,KALAYAAN,Res,FEMALE,On-Going
REGION IV-B,PALAWAN,KALAYAAN,Res,FEMALE,Completed
REGION IV-B,PALAWAN,KALAYAAN,Res,MALE,On-Going
REGION IV-B,PALAWAN,KALAYAAN,Res,MALE,On-Going
REGION IV-B,PALAWAN,KALAYAAN,Res,FEMALE,On-Going
REGION IV-B,PALAWAN,KALAYAAN,Res,FEMALE,On-Going
REGION IV-B,PALAWAN,KALAYAAN,Res,MALE,On-Going
REGION IV-B,PALAWAN,KALAYAAN,Res,FEMALE,On-Going
REGION IV-B,PALAWAN,KALAYAAN,Res,FEMALE,On-Going
REGION IV-B,PALAWAN,KALAYAAN,Res,FEMALE,On-Going
REGION IV-B,PALAWAN,KALAYAAN,Ind,FEMALE,Completed
REGION IV-B,PALAWAN,KALAYAAN,Res,FEMALE,Completed
REGION IV-A,LAGUNA,FAMY,Res,MALE,On-Going
REGION IV-A,LAGUNA,FAMY,Res,FEMALE,On-Going
REGION IV-A,LAGUNA,FAMY,Res,FEMALE,Completed
REGION IV-A,LAGUNA,FAMY,Res,FEMALE,Pending
REGION IV-A,LAGUNA,FAMY,Res,FEMALE,Pending
REGION IV-A,LAGUNA,FAMY,Res,MALE,On-Going
REGION IV-A,LAGUNA,FAMY,Res,MALE,On-Going
REGION IV-A,LAGUNA,FAMY,Com,MALE,Completed
REGION IV-A,LAGUNA,FAMY,Res,FEMALE,On-Going
REGION IV-A,LAGUNA,FAMY,Res,FEMALE,On-Going
REGION IV-A,LAGUNA,FAMY,Res,FEMALE,Completed
REGION IV-A,LAGUNA,FAMY,Ind,FEMALE,Completed
REGION IV-A,LAGUNA,FAMY,Com,FEMALE,Completed
REGION IV-A,LAGUNA,FAMY,Ind,FEMALE,On-Going
REGION IV-A,LAGUNA,FAMY,Res,MALE,Pending
REGION IV-A,LAGUNA,FAMY,Res,MALE,On-Going
REGION IV-A,LAGUNA,FAMY,Res,FEMALE,Completed
REGION IV-A,LAGUNA,FAMY,Res,FEMALE,On-Going
REGION IV-A,LAGUNA,FAMY,Res,MALE,Pending
REGION IV-A,LAGUNA,FAMY,Res,MALE,Completed
REGION IV-A,LAGUNA,FAMY,Res,MALE,On-Going
REGION IV-A,LAGUNA,FAMY,Res,MALE,On-Going
REGION IV-A,LAGUNA,FAMY,Res,MALE,Completed
REGION IV-A,LAGUNA,FAMY,Com,FEMALE,Cancelled
REGION IV-A,LAGUNA,FAMY,Ind,FEMALE,Pending
REGION IV-A,LAGUNA,FAMY,Res,MALE,On-Going
REGION IV-A,LAGUNA,FAMY,Com,MALE,On-Going
REGION X,LANAO DEL NORTE,MAGSAYSAY,Com,MALE,On-Going
REGION X,LANAO DEL NORTE,MAGSAYSAY,Res,FEMALE,Completed
REGION X,LANAO DEL NORTE,MAGSAYSAY,Com,MALE,On-Going
REGION X,LANAO DEL NORTE,MAGSAYSAY,Res,MALE,On-Going
REGION X,LANAO DEL NORTE,MAGSAYSAY,Res,FEMALE,On-Going
REGION VII,BOHOL,DIMIAO,Res,FEMALE,On-Going
REGION VII,BOHOL,DIMIAO,Res,MALE,Completed
REGION VII,BOHOL,DIMIAO,Com,MALE,On-Going
REGION VII,BOHOL,DIMIAO,Res,FEMALE,Completed
REGION VII,BOHOL,DIMIAO,Res,FEMALE,On-Going
REGION VII,BOHOL,DIMIAO,Res,FEMALE,Cancelled
REGION VII,BOHOL,DIMIAO,Com,MALE,Completed
REGION VII,BOHOL,DIMIAO,Res,MALE,On-Going
REGION VII,BOHOL,DIMIAO,Res,FEMALE,On-Going
REGION VII,BOHOL,DIMIAO,Res,MALE,On-Going
REGION VII,BOHOL,DIMIAO,Res,MALE,Cancelled
REGION VII,BOHOL,DIMIAO,Res,MALE,On-Going
REGION VII,BOHOL,DIMIAO,Res,FEMALE,On-Going
REGION VII,BOHOL,DIMIAO,Res,MALE,Completed
REGION VII,BOHOL,DIMIAO,Res,FEMALE,Completed
REGION VII,BOHOL,DIMIAO,Res,MALE,On-Going
REGION VII,BOHOL,DIMIAO,Res,FEMALE,On-Going
REGION VII,BOHOL,DIMIAO,Res,MALE,On-Going
REGION VII,BOHOL,DIMIAO,Res,MALE,On-Going
REGION VII,BOHOL,DIMIAO,Com,FEMALE,On-Going
REGION VII,BOHOL,DIMIAO,Res,MALE,On-Going
REGION VII,BOHOL,DIMIAO,Res,FEMALE,Pending
REGION VII,BOHOL,DIMIAO,Res,FEMALE,On-Going
REGION VII,BOHOL,DIMIAO,Res,FEMALE,On-Going
REGION VII,BOHOL,DIMIAO,Res,FEMALE,On-Going
REGION VII,BOHOL,DIMIAO,Res,FEMALE,On-Going
REGION VII,BOHOL,DIMIAO,Res,FEMALE,On-Going
REGION VII,BOHOL,DIMIAO,Res,MALE,On-Going
REGION VII,BOHOL,DIMIAO,Res,MALE,On-Going
REGION VII,BOHOL,DIMIAO,Res,FEMALE,On-Going
REGION VII,BOHOL,DIMIAO,Res,MALE,Pending
REGION VII,BOHOL,DIMIAO,Com,MALE,Pending
REGION VII,BOHOL,DIMIAO,Res,FEMALE,Completed
REGION VII,BOHOL,DIMIAO,Res,FEMALE,On-Going
REGION VII,BOHOL,DIMIAO,Res,FEMALE,Completed
REGION VII,BOHOL,DIMIAO,Res,FEMALE,On-Going
REGION V,CAMARINES SUR,PRESENTACION (PARUBCAN),Res,MALE,On-Going
REGION V,CAMARINES SUR,PRESENTACION (PARUBCAN),Res,MALE,Cancelled
REGION V,CAMARINES SUR,PRESENTACION (PARUBCAN),Res,FEMALE,Completed
REGION V,CAMARINES SUR,PRESENTACION (PARUBCAN),Com,MALE,Pending
REGION V,CAMARINES SUR,PRESENTACION (PARUBCAN),Res,MALE,On-Going
REGION V,CAMARINES SUR,PRESENTACION (PARUBCAN),Res,FEMALE,On-Going
REGION V,CAMARINES SUR,PRESENTACION (PARUBCAN),Ind,FEMALE,On-Going
REGION V,CAMARINES SUR,PRESENTACION (PARUBCAN),Res,MALE,On-Going
REGION V,CAMARINES SUR,PRESENTACION (PARUBCAN),Res,FEMALE,On-Going
REGION V,CAMARINES SUR,PRESENTACION (PARUBCAN),Com,FEMALE,Cancelled
REGION V,CAMARINES SUR,PRESENTACION (PARUBCAN),Res,FEMALE,On-Going
REGION V,CAMARINES SUR,PRESENTACION (PARUBCAN),Res,FEMALE,On-Going
REGION V,CAMARINES SUR,PRESENTACION (PARUBCAN),Res,FEMALE,Completed
REGION V,CAMARINES SUR,PRESENTACION (PARUBCAN),Res,FEMALE,On-Going
REGION V,CAMARINES SUR,PRESENTACION (PARUBCAN),Res,MALE,On-Going
REGION V,CAMARINES SUR,PRESENTACION (PARUBCAN),Res,MALE,On-Going
REGION V,CAMARINES SUR,PRESENTACION (PARUBCAN),Res,FEMALE,On-Going
REGION V,CAMARINES SUR,MILAOR,Ind,FEMALE,On-Going
REGION V,CAMARINES SUR,MILAOR,Res,FEMALE,On-Going
REGION V,CAMARINES SUR,MILAOR,Res,FEMALE,On-Going
REGION V,CAMARINES SUR,MILAOR,Res,MALE,On-Going
REGION V,CAMARINES SUR,MILAOR,Res,FEMALE,Cancelled
REGION V,CAMARINES SUR,MILAOR,Res,FEMALE,On-Going
REGION V,CAMARINES SUR,MILAOR,Ind,MALE,On-Going
REGION V,CAMARINES SUR,MILAOR,Ind,FEMALE,Pending
REGION V,CAMARINES SUR,MILAOR,Com,FEMALE,On-Going
REGION V,CAMARINES SUR,MILAOR,Res,FEMALE,On-Going
REGION V,CAMARINES SUR,MILAOR,Res,MALE,Completed
REGION V,CAMARINES SUR,MILAOR,Res,MALE,Pending
REGION V,CAMARINES SUR,MILAOR,Res,MALE,Completed
REGION V,CAMARINES SUR,MILAOR,Res,MALE,On-Going
REGION V,CAMARINES SUR,MILAOR,Com,FEMALE,On-Going
REGION V,CAMARINES SUR,MILAOR,Res,MALE,Pending
REGION V,CAMARINES SUR,MILAOR,Res,FEMALE,Pending
REGION V,CAMARINES SUR,MILAOR,Res,MALE,Completed
REGION V,CAMARINES SUR,MILAOR,Res,MALE,On-Going
REGION V,CAMARINES SUR,MILAOR,Res,MALE,Completed
REGION V,CAMARINES SUR,MILAOR,Res,MALE,On-Going
REGION V,CAMARINES SUR,MILAOR,Res,MALE,On-Going
REGION V,CAMARINES SUR,MILAOR,Res,MALE,On-Going
REGION V,CAMARINES SUR,MILAOR,Ind,MALE,Cancelled
REGION V,CAMARINES SUR,MILAOR,Res,MALE,On-Going
REGION V,CAMARINES SUR,MILAOR,Res,MALE,On-Going
REGION V,CAMARINES SUR,MILAOR,Res,FEMALE,On-Going
REGION V,CAMARINES SUR,MILAOR,Com,MALE,On-Going
REGION V,CAMARINES SUR,MILAOR,Ind,FEMALE,On-Going
REGION V,CAMARINES SUR,MILAOR,Res,FEMALE,On-Going
REGION V,CAMARINES SUR,MILAOR,Res,FEMALE,Pending
REGION V,CAMARINES SUR,MILAOR,Res,FEMALE,On-Going
REGION V,CAMARINES SUR,MILAOR,Res,FEMALE,On-Going
REGION V,CAMARINES SUR,MILAOR,Res,MALE,On-Going
REGION V,CAMARINES SUR,MILAOR,Res,MALE,Completed
REGION V,CAMARINES SUR,MILAOR,Res,MALE,Completed
REGION V,CAMARINES SUR,MILAOR,Res,FEMALE,On-Going
REGION V,CAMARINES SUR,MILAOR,Res,MALE,On-Going
REGION V,CAMARINES SUR,MILAOR,Res,MALE,Completed
REGION V,CAMARINES SUR,MILAOR,Res,MALE,On-Going
REGION V,CAMARINES SUR,MILAOR,Res,FEMALE,On-Going
REGION V,CAMARINES SUR,MILAOR,Res,MALE,On-Going
REGION V,CAMARINES SUR,MILAOR,Res,MALE,Completed
REGION V,CAMARINES SUR,MILAOR,Ind,FEMALE,On-Going
REGION V,CAMARINES SUR,MILAOR,Ind,FEMALE,On-Going
REGION V,CAMARINES SUR,MILAOR,Res,MALE,Cancelled
REGION V,CAMARINES SUR,MILAOR,Res,FEMALE,Completed
REGION V,CAMARINES SUR,MILAOR,Ind,FEMALE,On-Going
REGION V,CAMARINES SUR,MILAOR,Res,FEMALE,On-Going
REGION V,CAMARINES SUR,MILAOR,Res,MALE,On-Going
REGION I,PANGASINAN,CITY OF ALAMINOS,Res,FEMALE,On-Going
REGION I,PANGASINAN,CITY OF ALAMINOS,Res,FEMALE,On-Going
REGION I,PANGASINAN,CITY OF ALAMINOS,Com,FEMALE,Cancelled
REGION I,PANGASINAN,CITY OF ALAMINOS,Res,MALE,On-Going
REGION I,PANGASINAN,CITY OF ALAMINOS,Res,FEMALE,Cancelled
REGION I,PANGASINAN,CITY OF ALAMINOS,Res,FEMALE,On-Going
REGION I,PANGASINAN,CITY OF ALAMINOS,Res,MALE,On-Going
REGION I,PANGASINAN,CITY OF ALAMINOS,Ind,MALE,On-Going
REGION I,PANGASINAN,CITY OF ALAMINOS,Res,MALE,On-Going
REGION I,PANGASINAN,CITY OF ALAMINOS,Res,MALE,On-Going
REGION I,PANGASINAN,CITY OF ALAMINOS,Res,MALE,Completed
REGION I,PANGASINAN,CITY OF ALAMINOS,Res,FEMALE,Completed
REGION I,PANGASINAN,CITY OF ALAMINOS,Res,MALE,Completed
REGION I,PANGASINAN,CITY OF ALAMINOS,Ind,FEMALE,On-Going
REGION I,PANGASINAN,CITY OF ALAMINOS,Res,FEMALE,On-Going
REGION I,PANGASINAN,CITY OF ALAMINOS,Res,MALE,Pending
REGION I,PANGASINAN,CITY OF ALAMINOS,Res,MALE,On-Going
REGION I,PANGASINAN,CITY OF ALAMINOS,Res,FEMALE,Pending
REGION I,PANGASINAN,CITY OF ALAMINOS,Res,FEMALE,Pending
REGION I,PANGASINAN,CITY OF ALAMINOS,Res,FEMALE,On-Going
REGION I,PANGASINAN,CITY OF ALAMINOS,Res,MALE,Completed
REGION I,PANGASINAN,CITY OF ALAMINOS,Res,MALE,On-Going
REGION I,PANGASINAN,CITY OF ALAMINOS,Res,MALE,On-Going
REGION I,PANGASINAN,CITY OF ALAMINOS,Res,FEMALE,On-Going
REGION I,PANGASINAN,CITY OF ALAMINOS,Res,FEMALE,On-Going
REGION I,PANGASINAN,CITY OF ALAMINOS,Ind,FEMALE,On-Going
REGION I,PANGASINAN,CITY OF ALAMINOS,Res,FEMALE,Pending
REGION I,PANGASINAN,CITY OF ALAMINOS,Res,FEMALE,On-Going
REGION I,PANGASINAN,CITY OF ALAMINOS,Com,FEMALE,Completed
REGION I,PANGASINAN,CITY OF ALAMINOS,Res,FEMALE,On-Going
REGION I,PANGASINAN,CITY OF ALAMINOS,Res,MALE,Completed
REGION I,PANGASINAN,CITY OF ALAMINOS,Res,FEMALE,On-Going
REGION I,PANGASINAN,CITY OF ALAMINOS,Res,FEMALE,On-Going
REGION I,PANGASINAN,CITY OF ALAMINOS,Res,FEMALE,On-Going
REGION I,PANGASINAN,CITY OF ALAMINOS,Res,MALE,On-Going
REGION I,PANGASINAN,CITY OF ALAMINOS,Res,FEMALE,On-Going
REGION I,PANGASINAN,CITY OF ALAMINOS,Res,MALE,Cancelled
REGION I,PANGASINAN,CITY OF ALAMINOS,Res,MALE,On-Going
REGION I,PANGASINAN,CITY OF ALAMINOS,Res,FEMALE,Completed
REGION I,PANGASINAN,CITY OF ALAMINOS,Res,FEMALE,On-Going
REGION I,PANGASINAN,CITY OF ALAMINOS,Com,FEMALE,On-Going
REGION I,PANGASINAN,CITY OF ALAMINOS,Res,MALE,Pending
REGION I,PANGASINAN,CITY OF ALAMINOS,Res,MALE,On-Going
REGION I,PANGASINAN,CITY OF ALAMINOS,Res,FEMALE,On-Going
BARMM,TAWI-TAWI,TANDUBAS,Res,FEMALE,Pending
BARMM,TAWI-TAWI,TANDUBAS,Res,FEMALE,On-Going
BARMM,TAWI-TAWI,TANDUBAS,Com,MALE,Cancelled
BARMM,TAWI-TAWI,TANDUBAS,Res,FEMALE,On-Going
BARMM,TAWI-TAWI,TANDUBAS,Res,FEMALE,Completed
BARMM,TAWI-TAWI,TANDUBAS,Res,MALE,On-Going
BARMM,TAWI-TAWI,TANDUBAS,Res,MALE,On-Going
BARMM,TAWI-TAWI,TANDUBAS,Res,FEMALE,On-Going
BARMM,TAWI-TAWI,TANDUBAS,Res,MALE,On-Going
BARMM,TAWI-TAWI,TANDUBAS,Res,FEMALE,Completed
BARMM,TAWI-TAWI,TANDUBAS,Res,MALE,On-Going
BARMM,TAWI-TAWI,TANDUBAS,Res,MALE,Completed
BARMM,TAWI-TAWI,TANDUBAS,Com,FEMALE,On-Going
BARMM,TAWI-TAWI,TANDUBAS,Res,FEMALE,On-Going
BARMM,TAWI-TAWI,TANDUBAS,Res,MALE,On-Going
BARMM,TAWI-TAWI,TANDUBAS,Res,MALE,Cancelled
BARMM,TAWI-TAWI,TANDUBAS,Res,FEMALE,Completed
BARMM,TAWI-TAWI,TANDUBAS,Ind,FEMALE,On-Going
BARMM,TAWI-TAWI,TANDUBAS,Res,FEMALE,Pending
BARMM,TAWI-TAWI,TANDUBAS,Res,MALE,Cancelled
BARMM,TAWI-TAWI,TANDUBAS,Res,MALE,Completed
BARMM,TAWI-TAWI,TANDUBAS,Res,MALE,Completed
BARMM,TAWI-TAWI,TANDUBAS,Res,MALE,On-Going
BARMM,TAWI-TAWI,TANDUBAS,Res,FEMALE,On-Going
BARMM,TAWI-TAWI,TANDUBAS,Res,MALE,On-Going
BARMM,TAWI-TAWI,TANDUBAS,Res,FEMALE,On-Going
BARMM,LANAO DEL SUR,PAGAYAWAN (TATARIKAN),Res,FEMALE,On-Going
BARMM,LANAO DEL SUR,PAGAYAWAN (TATARIKAN),Res,MALE,Completed
BARMM,LANAO DEL SUR,PAGAYAWAN (TATARIKAN),Com,MALE,On-Going
BARMM,LANAO DEL SUR,PAGAYAWAN (TATARIKAN),Res,FEMALE,On-Going
BARMM,LANAO DEL SUR,PAGAYAWAN (TATARIKAN),Res,MALE,On-Going
BARMM,LANAO DEL SUR,PAGAYAWAN (TATARIKAN),Res,FEMALE,On-Going
BARMM,LANAO DEL SUR,PAGAYAWAN (TATARIKAN),Res,FEMALE,Completed
BARMM,LANAO DEL SUR,PAGAYAWAN (TATARIKAN),Res,FEMALE,On-Going
BARMM,LANAO DEL SUR,PAGAYAWAN (TATARIKAN),Res,MALE,On-Going
BARMM,LANAO DEL SUR,PAGAYAWAN (TATARIKAN),Res,FEMALE,On-Going
BARMM,LANAO DEL SUR,PAGAYAWAN (TATARIKAN),Res,MALE,Completed
BARMM,LANAO DEL SUR,PAGAYAWAN (TATARIKAN),Res,MALE,Cancelled
BARMM,LANAO DEL SUR,PAGAYAWAN (TATARIKAN),Com,FEMALE,On-Going
BARMM,LANAO DEL SUR,PAGAYAWAN (TATARIKAN),Ind,FEMALE,Completed
BARMM,LANAO DEL SUR,PAGAYAWAN (TATARIKAN),Res,FEMALE,On-Going
BARMM,LANAO DEL SUR,PAGAYAWAN (TATARIKAN),Ind,MALE,Completed
BARMM,LANAO DEL SUR,PAGAYAWAN (TATARIKAN),Res,FEMALE,On-Going
BARMM,LANAO DEL SUR,PAGAYAWAN (TATARIKAN),Res,MALE,On-Going
BARMM,LANAO DEL SUR,PAGAYAWAN (TATARIKAN),Res,MALE,On-Going
BARMM,LANAO DEL SUR,PAGAYAWAN (TATARIKAN),Res,MALE,On-Going
BARMM,LANAO DEL SUR,PAGAYAWAN (TATARIKAN),Com,MALE,On-Going
BARMM,LANAO DEL SUR,PAGAYAWAN (TATARIKAN),Res,MALE,Pending
BARMM,LANAO DEL SUR,PAGAYAWAN (TATARIKAN),Res,MALE,Completed
BARMM,LANAO DEL SUR,PAGAYAWAN (TATARIKAN),Res,MALE,Completed
BARMM,LANAO DEL SUR,PAGAYAWAN (TATARIKAN),Res,FEMALE,On-Going
BARMM,LANAO DEL SUR,PAGAYAWAN (TATARIKAN),Res,MALE,On-Going
BARMM,LANAO DEL SUR,PAGAYAWAN (TATARIKAN),Res,MALE,On-Going
BARMM,LANAO DEL SUR,PAGAYAWAN (TATARIKAN),Res,FEMALE,Cancelled
BARMM,LANAO DEL SUR,PAGAYAWAN (TATARIKAN),Ind,FEMALE,On-Going
BARMM,LANAO DEL SUR,PAGAYAWAN (TATARIKAN),Com,MALE,On-Going
BARMM,LANAO DEL SUR,PAGAYAWAN (TATARIKAN),Ind,MALE,On-Going
BARMM,LANAO DEL SUR,PAGAYAWAN (TATARIKAN),Res,FEMALE,On-Going
BARMM,LANAO DEL SUR,PAGAYAWAN (TATARIKAN),Res,FEMALE,On-Going
BARMM,LANAO DEL SUR,PAGAYAWAN (TATARIKAN),Res,FEMALE,On-Going
BARMM,LANAO DEL SUR,PAGAYAWAN (TATARIKAN),Res,MALE,On-Going
BARMM,LANAO DEL SUR,PAGAYAWAN (TATARIKAN),Com,MALE,Completed
BARMM,LANAO DEL SUR,PAGAYAWAN (TATARIKAN),Res,FEMALE,On-Going
BARMM,LANAO DEL SUR,PAGAYAWAN (TATARIKAN),Res,FEMALE,On-Going
BARMM,LANAO DEL SUR,PAGAYAWAN (TATARIKAN),Res,MALE,On-Going
BARMM,LANAO DEL SUR,PAGAYAWAN (TATARIKAN),Res,MALE,On-Going
BARMM,LANAO DEL SUR,PAGAYAWAN (TATARIKAN),Res,MALE,On-Going
BARMM,LANAO DEL SUR,PAGAYAWAN (TATARIKAN),Res,FEMALE,On-Going
BARMM,LANAO DEL SUR,PAGAYAWAN (TATARIKAN),Ind,MALE,On-Going
BARMM,LANAO DEL SUR,PAGAYAWAN (TATARIKAN),Res,FEMALE,On-Going
BARMM,LANAO DEL SUR,PAGAYAWAN (TATARIKAN),Com,MALE,On-Going
BARMM,MAGUINDANAO DEL SUR,DATU SAUDI-AMPATUAN,Res,FEMALE,On-Going
BARMM,MAGUINDANAO DEL SUR,DATU SAUDI-AMPATUAN,Res,MALE,On-Going
BARMM,MAGUINDANAO DEL SUR,DATU SAUDI-AMPATUAN,Res,FEMALE,On-Going
BARMM,MAGUINDANAO DEL SUR,DATU SAUDI-AMPATUAN,Res,FEMALE,Completed
BARMM,MAGUINDANAO DEL SUR,DATU SAUDI-AMPATUAN,Com,MALE,On-Going
BARMM,MAGUINDANAO DEL SUR,DATU SAUDI-AMPATUAN,Res,FEMALE,On-Going
BARMM,MAGUINDANAO DEL SUR,DATU SAUDI-AMPATUAN,Res,FEMALE,On-Going
BARMM,MAGUINDANAO DEL SUR,DATU SAUDI-AMPATUAN,Res,MALE,On-Going
BARMM,MAGUINDANAO DEL SUR,DATU SAUDI-AMPATUAN,Res,MALE,On-Going
BARMM,MAGUINDANAO DEL SUR,DATU SAUDI-AMPATUAN,Res,FEMALE,On-Going
BARMM,MAGUINDANAO DEL SUR,DATU SAUDI-AMPATUAN,Res,FEMALE,Cancelled
BARMM,MAGUINDANAO DEL SUR,DATU SAUDI-AMPATUAN,Res,MALE,Cancelled
BARMM,MAGUINDANAO DEL SUR,DATU SAUDI-AMPATUAN,Ind,FEMALE,On-Going
BARMM,MAGUINDANAO DEL SUR,DATU SAUDI-AMPATUAN,Ind,MALE,On-Going
BARMM,MAGUINDANAO DEL SUR,DATU SAUDI-AMPATUAN,Com,FEMALE,On-Going
REGION VIII,LEYTE,HINDANG,Res,MALE,On-Going
REGION VIII,LEYTE,HINDANG,Res,FEMALE,On-Going
REGION VIII,LEYTE,HINDANG,Res,MALE,Pending
REGION VIII,LEYTE,HINDANG,Res,MALE,On-Going
REGION VIII,LEYTE,HINDANG,Res,FEMALE,On-Going
REGION VIII,LEYTE,HINDANG,Res,MALE,On-Going
REGION VIII,LEYTE,HINDANG,Res,FEMALE,Completed
REGION VIII,LEYTE,HINDANG,Res,FEMALE,On-Going
REGION VIII,LEYTE,HINDANG,Res,FEMALE,Pending
REGION VIII,LEYTE,HINDANG,Res,FEMALE,On-Going
REGION VIII,LEYTE,HINDANG,Res,FEMALE,Pending
REGION VIII,LEYTE,HINDANG,Res,FEMALE,On-Going
REGION VIII,LEYTE,HINDANG,Res,FEMALE,On-Going
REGION VIII,LEYTE,HINDANG,Res,MALE,Completed
REGION VIII,LEYTE,HINDANG,Res,MALE,On-Going
REGION VIII,LEYTE,HINDANG,Res,FEMALE,On-Going
REGION VIII,LEYTE,HINDANG,Res,FEMALE,Pending
REGION VIII,LEYTE,HINDANG,Res,MALE,Cancelled
REGION VIII,LEYTE,HINDANG,Res,MALE,Completed
REGION VIII,LEYTE,HINDANG,Res,FEMALE,Completed
REGION VIII,LEYTE,HINDANG,Res,FEMALE,On-Going
REGION VIII,LEYTE,HINDANG,Res,FEMALE,Completed
REGION VIII,LEYTE,HINDANG,Res,FEMALE,Cancelled
REGION VIII,LEYTE,HINDANG,Res,FEMALE,Completed
REGION VIII,LEYTE,HINDANG,Ind,FEMALE,Completed
REGION VIII,LEYTE,HINDANG,Res,MALE,Completed
REGION VIII,LEYTE,HINDANG,Res,FEMALE,On-Going
REGION VIII,LEYTE,HINDANG,Com,FEMALE,Cancelled
REGION VIII,LEYTE,HINDANG,Res,FEMALE,On-Going
REGION VIII,LEYTE,HINDANG,Res,FEMALE,On-Going
REGION VIII,LEYTE,HINDANG,Res,MALE,On-Going
REGION VIII,LEYTE,HINDANG,Com,FEMALE,On-Going
REGION VIII,LEYTE,HINDANG,Ind,MALE,On-Going
REGION VIII,LEYTE,HINDANG,Ind,MALE,On-Going
REGION VIII,LEYTE,HINDANG,Res,FEMALE,On-Going
REGION VIII,LEYTE,HINDANG,Com,FEMALE,On-Going
REGION VIII,LEYTE,HINDANG,Res,MALE,On-Going
REGION VIII,LEYTE,HINDANG,Res,MALE,On-Going
REGION XIII,SURIGAO DEL SUR,LIANGA,Ind,FEMALE,Cancelled
REGION XIII,SURIGAO DEL SUR,LIANGA,Res,MALE,On-Going
REGION XIII,SURIGAO DEL SUR,LIANGA,Res,MALE,Cancelled
REGION XIII,SURIGAO DEL SUR,LIANGA,Ind,MALE,On-Going
REGION XIII,SURIGAO DEL SUR,LIANGA,Ind,FEMALE,On-Going
REGION XIII,SURIGAO DEL SUR,LIANGA,Res,FEMALE,Completed
REGION XIII,SURIGAO DEL SUR,LIANGA,Res,FEMALE,Completed
REGION XIII,SURIGAO DEL SUR,LIANGA,Res,MALE,Completed
REGION XIII,SURIGAO DEL SUR,LIANGA,Res,MALE,On-Going
REGION XIII,SURIGAO DEL SUR,LIANGA,Res,MALE,Completed
REGION XIII,SURIGAO DEL SUR,LIANGA,Ind,FEMALE,On-Going
REGION XIII,SURIGAO DEL SUR,LIANGA,Res,FEMALE,Pending
REGION XIII,SURIGAO DEL SUR,LIANGA,Res,MALE,On-Going
REGION XIII,SURIGAO DEL SUR,LIANGA,Res,FEMALE,On-Going
REGION XIII,SURIGAO DEL SUR,LIANGA,Com,MALE,Completed
REGION XIII,SURIGAO DEL SUR,LIANGA,Ind,MALE,On-Going
REGION XIII,SURIGAO DEL SUR,LIANGA,Res,FEMALE,Completed
REGION XIII,SURIGAO DEL SUR,LIANGA,Res,MALE,On-Going
REGION XIII,SURIGAO DEL SUR,LIANGA,Res,MALE,On-Going
REGION XIII,SURIGAO DEL SUR,LIANGA,Res,FEMALE,On-Going
REGION XIII,SURIGAO DEL SUR,LIANGA,Res,MALE,On-Going
REGION XIII,SURIGAO DEL SUR,LIANGA,Res,FEMALE,On-Going
REGION XIII,SURIGAO DEL SUR,LIANGA,Com,MALE,On-Going
REGION IV-A,QUEZON,AGDANGAN,Ind,MALE,On-Going
REGION IV-A,QUEZON,AGDANGAN,Res,FEMALE,On-Going
REGION IV-A,QUEZON,AGDANGAN,Com,FEMALE,On-Going
REGION IV-A,QUEZON,AGDANGAN,Com,FEMALE,Completed
REGION IV-A,QUEZON,AGDANGAN,Res,FEMALE,On-Going
REGION IV-A,QUEZON,AGDANGAN,Com,MALE,On-Going
REGION IV-A,QUEZON,AGDANGAN,Res,MALE,Completed
REGION IV-A,QUEZON,AGDANGAN,Res,MALE,On-Going
REGION IV-A,QUEZON,AGDANGAN,Res,FEMALE,On-Going
REGION IV-A,QUEZON,AGDANGAN,Res,FEMALE,On-Going
REGION IV-A,QUEZON,AGDANGAN,Res,MALE,On-Going
REGION IV-A,QUEZON,AGDANGAN,Res,FEMALE,Completed
REGION IV-A,QUEZON,AGDANGAN,Com,MALE,On-Going
REGION IV-A,QUEZON,AGDANGAN,Res,FEMALE,Completed
REGION IV-A,QUEZON,AGDANGAN,Res,MALE,On-Going
REGION IV-A,QUEZON,AGDANGAN,Res,MALE,Completed
REGION IV-A,QUEZON,AGDANGAN,Res,FEMALE,On-Going
REGION IV-A,QUEZON,AGDANGAN,Res,MALE,On-Going
REGION IV-A,QUEZON,AGDANGAN,Ind,MALE,On-Going
REGION IV-A,QUEZON,AGDANGAN,Res,FEMALE,On-Going
REGION IV-A,QUEZON,AGDANGAN,Res,FEMALE,Pending
REGION IV-A,QUEZON,AGDANGAN,Res,FEMALE,Completed
REGION IV-A,QUEZON,AGDANGAN,Res,FEMALE,On-Going
REGION IV-A,QUEZON,AGDANGAN,Res,MALE,Completed
REGION IV-A,QUEZON,AGDANGAN,Res,FEMALE,On-Going
REGION IV-A,QUEZON,AGDANGAN,Res,MALE,On-Going
REGION IV-A,QUEZON,AGDANGAN,Res,FEMALE,On-Going
REGION IV-A,QUEZON,AGDANGAN,Res,FEMALE,On-Going
REGION IV-A,QUEZON,AGDANGAN,Res,MALE,Completed
REGION IV-A,QUEZON,AGDANGAN,Ind,FEMALE,On-Going
REGION IV-A,QUEZON,AGDANGAN,Res,MALE,Completed
REGION IV-A,QUEZON,AGDANGAN,Res,FEMALE,On-Going
REGION IV-A,QUEZON,AGDANGAN,Res,FEMALE,On-Going
REGION IV-A,QUEZON,AGDANGAN,Com,MALE,Completed
REGION IV-A,QUEZON,AGDANGAN,Ind,FEMALE,Cancelled
REGION IV-A,QUEZON,AGDANGAN,Res,MALE,Completed
REGION IV-A,QUEZON,AGDANGAN,Ind,FEMALE,On-Going
REGION IV-A,QUEZON,AGDANGAN,Res,MALE,On-Going
REGION IV-A,QUEZON,AGDANGAN,Res,MALE,On-Going
REGION IV-A,QUEZON,AGDANGAN,Res,MALE,On-Going
REGION IV-A,QUEZON,AGDANGAN,Res,MALE,On-Going
REGION IV-A,QUEZON,AGDANGAN,Res,MALE,On-Going
REGION IV-A,QUEZON,AGDANGAN,Res,MALE,Completed
REGION I,PANGASINAN,UMINGAN,Res,MALE,On-Going
REGION I,PANGASINAN,UMINGAN,Res,MALE,On-Going
REGION I,PANGASINAN,UMINGAN,Res,FEMALE,Completed
REGION I,PANGASINAN,UMINGAN,Ind,MALE,On-Going
REGION I,PANGASINAN,UMINGAN,Res,FEMALE,Completed
REGION I,PANGASINAN,UMINGAN,Ind,FEMALE,On-Going
REGION I,PANGASINAN,UMINGAN,Com,MALE,On-Going
REGION I,PANGASINAN,UMINGAN,Res,FEMALE,On-Going
REGION I,PANGASINAN,UMINGAN,Res,MALE,On-Going
REGION I,PANGASINAN,UMINGAN,Com,MALE,On-Going
REGION I,PANGASINAN,UMINGAN,Res,FEMALE,On-Going
REGION I,PANGASINAN,UMINGAN,Res,MALE,On-Going
REGION I,PANGASINAN,UMINGAN,Res,MALE,Cancelled
REGION I,PANGASINAN,UMINGAN,Res,FEMALE,Pending
REGION I,PANGASINAN,UMINGAN,Ind,FEMALE,On-Going
REGION I,PANGASINAN,UMINGAN,Res,MALE,On-Going
REGION I,PANGASINAN,UMINGAN,Res,FEMALE,On-Going
REGION I,PANGASINAN,UMINGAN,Res,MALE,On-Going
REGION I,PANGASINAN,UMINGAN,Res,FEMALE,Cancelled
REGION I,PANGASINAN,UMINGAN,Res,FEMALE,Completed
REGION I,PANGASINAN,UMINGAN,Res,FEMALE,On-Going
REGION I,PANGASINAN,UMINGAN,Res,FEMALE,On-Going
REGION I,PANGASINAN,UMINGAN,Res,MALE,On-Going
REGION I,PANGASINAN,UMINGAN,Res,MALE,On-Going
REGION I,PANGASINAN,UMINGAN,Res,FEMALE,On-Going
REGION I,PANGASINAN,UMINGAN,Res,FEMALE,Pending
REGION I,PANGASINAN,UMINGAN,Res,MALE,On-Going
REGION I,PANGASINAN,UMINGAN,Res,FEMALE,On-Going
REGION I,PANGASINAN,UMINGAN,Res,MALE,Completed
REGION I,PANGASINAN,UMINGAN,Res,MALE,On-Going
REGION I,PANGASINAN,UMINGAN,Res,MALE,Completed
REGION I,PANGASINAN,UMINGAN,Res,MALE,On-Going
REGION I,PANGASINAN,UMINGAN,Res,FEMALE,Completed
REGION I,PANGASINAN,UMINGAN,Com,MALE,Completed
REGION I,PANGASINAN,UMINGAN,Res,MALE,On-Going
REGION I,PANGASINAN,UMINGAN,Res,MALE,Completed
REGION I,PANGASINAN,UMINGAN,Res,FEMALE,On-Going
REGION I,PANGASINAN,UMINGAN,Res,FEMALE,On-Going
REGION I,PANGASINAN,UMINGAN,Res,MALE,Completed
REGION I,PANGASINAN,UMINGAN,Res,FEMALE,Completed
REGION I,PANGASINAN,UMINGAN,Res,MALE,On-Going
REGION I,PANGASINAN,UMINGAN,Res,FEMALE,Completed
REGION I,PANGASINAN,UMINGAN,Res,FEMALE,Pending
REGION I,PANGASINAN,UMINGAN,Res,MALE,On-Going
REGION I,LA UNION,PUGO,Res,MALE,On-Going
REGION I,LA UNION,PUGO,Res,FEMALE,On-Going
REGION I,LA UNION,PUGO,Res,MALE,On-Going
REGION I,LA UNION,PUGO,Res,FEMALE,Pending
REGION I,LA UNION,PUGO,Res,FEMALE,On-Going
REGION I,LA UNION,PUGO,Res,MALE,On-Going
REGION I,LA UNION,PUGO,Res,FEMALE,On-Going
REGION I,LA UNION,PUGO,Res,FEMALE,On-Going
REGION I,LA UNION,PUGO,Res,MALE,On-Going
REGION I,LA UNION,PUGO,Res,FEMALE,On-Going
REGION I,LA UNION,PUGO,Res,MALE,On-Going
REGION I,LA UNION,PUGO,Res,FEMALE,On-Going
REGION I,LA UNION,PUGO,Res,FEMALE,Pending
REGION I,LA UNION,PUGO,Res,FEMALE,On-Going
REGION I,LA UNION,PUGO,Ind,MALE,On-Going
REGION I,LA UNION,PUGO,Res,FEMALE,On-Going
REGION I,LA UNION,PUGO,Ind,MALE,On-Going
REGION I,LA UNION,PUGO,Res,MALE,Completed
REGION I,LA UNION,PUGO,Res,FEMALE,Completed
REGION I,LA UNION,PUGO,Com,FEMALE,Completed
REGION I,LA UNION,PUGO,Res,MALE,On-Going
REGION VII,NEGROS ORIENTAL,VALLEHERMOSO,Res,MALE,On-Going
REGION VII,NEGROS ORIENTAL,VALLEHERMOSO,Com,FEMALE,On-Going
REGION VII,NEGROS ORIENTAL,VALLEHERMOSO,Res,MALE,Completed
REGION VII,NEGROS ORIENTAL,VALLEHERMOSO,Res,MALE,On-Going
REGION VII,NEGROS ORIENTAL,VALLEHERMOSO,Res,MALE,On-Going
REGION VII,NEGROS ORIENTAL,VALLEHERMOSO,Res,FEMALE,Completed
REGION VII,NEGROS ORIENTAL,VALLEHERMOSO,Res,MALE,On-Going
REGION VII,NEGROS ORIENTAL,VALLEHERMOSO,Res,MALE,On-Going
REGION VII,NEGROS ORIENTAL,VALLEHERMOSO,Res,MALE,On-Going
REGION VII,NEGROS ORIENTAL,VALLEHERMOSO,Ind,FEMALE,On-Going
REGION VII,NEGROS ORIENTAL,VALLEHERMOSO,Res,MALE,On-Going
REGION VII,NEGROS ORIENTAL,VALLEHERMOSO,Com,MALE,On-Going
REGION VII,NEGROS ORIENTAL,VALLEHERMOSO,Res,FEMALE,Completed
REGION VII,NEGROS ORIENTAL,VALLEHERMOSO,Res,MALE,On-Going
REGION VII,NEGROS ORIENTAL,VALLEHERMOSO,Res,FEMALE,On-Going
REGION VII,NEGROS ORIENTAL,VALLEHERMOSO,Res,MALE,On-Going
REGION VII,NEGROS ORIENTAL,VALLEHERMOSO,Res,FEMALE,On-Going
REGION VII,NEGROS ORIENTAL,VALLEHERMOSO,Res,FEMALE,On-Going
REGION VII,NEGROS ORIENTAL,VALLEHERMOSO,Res,FEMALE,On-Going
REGION VII,NEGROS ORIENTAL,VALLEHERMOSO,Res,FEMALE,On-Going
REGION VII,NEGROS ORIENTAL,VALLEHERMOSO,Ind,MALE,On-Going
REGION VII,NEGROS ORIENTAL,VALLEHERMOSO,Com,FEMALE,On-Going
REGION VII,NEGROS ORIENTAL,VALLEHERMOSO,Res,FEMALE,On-Going
REGION VII,NEGROS ORIENTAL,VALLEHERMOSO,Res,FEMALE,Pending
REGION VII,NEGROS ORIENTAL,VALLEHERMOSO,Res,MALE,On-Going
REGION VII,NEGROS ORIENTAL,VALLEHERMOSO,Res,MALE,On-Going
REGION VII,NEGROS ORIENTAL,VALLEHERMOSO,Res,MALE,On-Going
REGION VII,NEGROS ORIENTAL,VALLEHERMOSO,Ind,FEMALE,On-Going
REGION VII,NEGROS ORIENTAL,VALLEHERMOSO,Res,FEMALE,Pending
REGION VII,NEGROS ORIENTAL,VALLEHERMOSO,Res,MALE,On-Going
REGION VII,NEGROS ORIENTAL,VALLEHERMOSO,Res,MALE,On-Going
REGION VII,NEGROS ORIENTAL,VALLEHERMOSO,Res,FEMALE,On-Going
REGION VII,NEGROS ORIENTAL,VALLEHERMOSO,Com,MALE,On-Going
REGION VII,NEGROS ORIENTAL,VALLEHERMOSO,Res,MALE,On-Going
REGION VII,NEGROS ORIENTAL,VALLEHERMOSO,Res,MALE,On-Going
REGION VII,NEGROS ORIENTAL,VALLEHERMOSO,Res,MALE,Pending
REGION VII,NEGROS ORIENTAL,VALLEHERMOSO,Res,FEMALE,On-Going
REGION VII,NEGROS ORIENTAL,VALLEHERMOSO,Res,MALE,On-Going
REGION I,ILOCOS NORTE,SOLSONA,Com,MALE,Completed
REGION I,ILOCOS NORTE,SOLSONA,Res,MALE,On-Going
REGION I,ILOCOS NORTE,SOLSONA,Com,FEMALE,Completed
REGION I,ILOCOS NORTE,SOLSONA,Res,FEMALE,On-Going
REGION I,ILOCOS NORTE,SOLSONA,Com,MALE,On-Going
REGION I,ILOCOS NORTE,SOLSONA,Res,FEMALE,Completed
REGION I,ILOCOS NORTE,SOLSONA,Com,MALE,On-Going
REGION I,ILOCOS NORTE,SOLSONA,Res,FEMALE,On-Going
REGION I,ILOCOS NORTE,SOLSONA,Com,MALE,On-Going
REGION I,ILOCOS NORTE,SOLSONA,Res,FEMALE,On-Going
REGION I,ILOCOS NORTE,SOLSONA,Res,MALE,Pending
REGION I,ILOCOS NORTE,SOLSONA,Res,MALE,On-Going
REGION III,BULACAN,CITY OF SAN JOSE DEL MONTE,Com,MALE,On-Going
REGION III,BULACAN,CITY OF SAN JOSE DEL MONTE,Res,MALE,Cancelled
REGION III,BULACAN,CITY OF SAN JOSE DEL MONTE,Res,MALE,Cancelled
REGION III,BULACAN,CITY OF SAN JOSE DEL MONTE,Res,FEMALE,On-Going
REGION III,BULACAN,CITY OF SAN JOSE DEL MONTE,Res,FEMALE,Completed
REGION III,BULACAN,CITY OF SAN JOSE DEL MONTE,Res,FEMALE,Completed
REGION III,BULACAN,CITY OF SAN JOSE DEL MONTE,Ind,FEMALE,On-Going
REGION III,BULACAN,CITY OF SAN JOSE DEL MONTE,Res,MALE,On-Going
REGION III,BULACAN,CITY OF SAN JOSE DEL MONTE,Res,MALE,On-Going
REGION III,BULACAN,CITY OF SAN JOSE DEL MONTE,Res,FEMALE,On-Going
REGION III,BULACAN,CITY OF SAN JOSE DEL MONTE,Res,MALE,On-Going
REGION III,BULACAN,CITY OF SAN JOSE DEL MONTE,Res,FEMALE,On-Going
REGION III,BULACAN,CITY OF SAN JOSE DEL MONTE,Res,MALE,On-Going
REGION III,BULACAN,CITY OF SAN JOSE DEL MONTE,Com,MALE,Pending
REGION III,BULACAN,CITY OF SAN JOSE DEL MONTE,Ind,FEMALE,On-Going
REGION III,BULACAN,CITY OF SAN JOSE DEL MONTE,Res,FEMALE,Completed
REGION III,BULACAN,CITY OF SAN JOSE DEL MONTE,Res,MALE,On-Going
REGION III,BULACAN,CITY OF SAN JOSE DEL MONTE,Ind,MALE,On-Going
REGION III,BULACAN,CITY OF SAN JOSE DEL MONTE,Res,FEMALE,On-Going
REGION III,BULACAN,CITY OF SAN JOSE DEL MONTE,Res,MALE,On-Going
REGION III,BULACAN,CITY OF SAN JOSE DEL MONTE,Com,FEMALE,On-Going
REGION III,BULACAN,CITY OF SAN JOSE DEL MONTE,Res,FEMALE,On-Going
REGION III,BULACAN,CITY OF SAN JOSE DEL MONTE,Com,FEMALE,Completed
REGION III,BULACAN,CITY OF SAN JOSE DEL MONTE,Res,FEMALE,On-Going
REGION III,BULACAN,CITY OF SAN JOSE DEL MONTE,Res,MALE,On-Going
REGION III,BULACAN,CITY OF SAN JOSE DEL MONTE,Res,MALE,On-Going
REGION III,BULACAN,CITY OF SAN JOSE DEL MONTE,Com,MALE,On-Going
REGION III,BULACAN,CITY OF SAN JOSE DEL MONTE,Res,MALE,On-Going
REGION IV-B,PALAWAN,BROOKE'S POINT,Res,MALE,On-Going
REGION IV-B,PALAWAN,BROOKE'S POINT,Res,MALE,Completed
REGION IV-B,PALAWAN,BROOKE'S POINT,Res,MALE,On-Going
REGION IV-B,PALAWAN,BROOKE'S POINT,Res,MALE,Completed
REGION IV-B,PALAWAN,BROOKE'S POINT,Res,FEMALE,Cancelled
REGION IV-B,PALAWAN,BROOKE'S POINT,Res,FEMALE,Pending
REGION IV-B,PALAWAN,BROOKE'S POINT,Res,FEMALE,On-Going
REGION IV-B,PALAWAN,BROOKE'S POINT,Res,MALE,On-Going
REGION IV-B,PALAWAN,BROOKE'S POINT,Res,FEMALE,Cancelled
REGION IV-B,PALAWAN,BROOKE'S POINT,Res,FEMALE,On-Going
REGION IV-B,PALAWAN,BROOKE'S POINT,Res,MALE,On-Going
REGION IV-B,PALAWAN,BROOKE'S POINT,Res,FEMALE,Completed
REGION IV-B,PALAWAN,BROOKE'S POINT,Res,FEMALE,On-Going
REGION IV-B,PALAWAN,BROOKE'S POINT,Res,FEMALE,On-Going
REGION IV-B,PALAWAN,BROOKE'S POINT,Com,FEMALE,On-Going
REGION IV-B,PALAWAN,BROOKE'S POINT,Res,MALE,On-Going
REGION V,ALBAY,CITY OF TABACO,Res,MALE,Completed
REGION V,ALBAY,CITY OF TABACO,Ind,MALE,On-Going
REGION V,ALBAY,CITY OF TABACO,Res,FEMALE,On-Going
REGION V,ALBAY,CITY OF TABACO,Ind,FEMALE,On-Going
REGION V,ALBAY,CITY OF TABACO,Res,MALE,Completed
REGION V,ALBAY,CITY OF TABACO,Com,FEMALE,Pending
REGION V,ALBAY,CITY OF TABACO,Res,MALE,Completed
REGION V,ALBAY,CITY OF TABACO,Res,MALE,On-Going
REGION V,ALBAY,CITY OF TABACO,Res,MALE,On-Going
REGION V,ALBAY,CITY OF TABACO,Res,FEMALE,Completed
REGION V,ALBAY,CITY OF TABACO,Res,FEMALE,Cancelled
REGION V,ALBAY,CITY OF TABACO,Res,MALE,On-Going
REGION V,ALBAY,CITY OF TABACO,Res,MALE,On-Going
REGION V,ALBAY,CITY OF TABACO,Res,FEMALE,On-Going
REGION V,ALBAY,CITY OF TABACO,Res,FEMALE,Completed
REGION V,ALBAY,CITY OF TABACO,Res,MALE,Completed
REGION V,ALBAY,CITY OF TABACO,Res,FEMALE,On-Going
REGION V,ALBAY,CITY OF TABACO,Res,MALE,Pending
REGION V,ALBAY,CITY OF TABACO,Ind,FEMALE,On-Going
REGION V,ALBAY,CITY OF TABACO,Res,FEMALE,On-Going
REGION V,ALBAY,CITY OF TABACO,Res,MALE,Pending
REGION V,ALBAY,CITY OF TABACO,Res,FEMALE,On-Going
REGION V,ALBAY,CITY OF TABACO,Ind,MALE,On-Going
REGION V,ALBAY,CITY OF TABACO,Com,FEMALE,Cancelled
REGION V,ALBAY,CITY OF TABACO,Res,MALE,On-Going
REGION V,ALBAY,CITY OF TABACO,Res,FEMALE,On-Going
REGION V,ALBAY,CITY OF TABACO,Res,MALE,On-Going
REGION V,ALBAY,CITY OF TABACO,Res,FEMALE,On-Going
REGION V,ALBAY,CITY OF TABACO,Res,FEMALE,On-Going
REGION III,BATAAN,ORANI,Res,MALE,On-Going
REGION III,BATAAN,ORANI,Res,FEMALE,On-Going
REGION III,BATAAN,ORANI,Res,FEMALE,Completed
REGION III,BATAAN,ORANI,Res,FEMALE,Pending
REGION III,BATAAN,ORANI,Res,MALE,On-Going
REGION III,BATAAN,ORANI,Com,FEMALE,On-Going
REGION III,BATAAN,ORANI,Ind,MALE,On-Going
REGION III,BATAAN,ORANI,Com,MALE,On-Going
REGION III,BATAAN,ORANI,Res,FEMALE,On-Going
REGION VI,AKLAN,BANGA,Res,MALE,On-Going
REGION VI,AKLAN,BANGA,Ind,MALE,On-Going
REGION VI,AKLAN,BANGA,Res,FEMALE,On-Going
REGION VI,AKLAN,BANGA,Res,FEMALE,Completed
REGION VI,AKLAN,BANGA,Res,FEMALE,On-Going
REGION VI,AKLAN,BANGA,Com,FEMALE,Completed
REGION VI,AKLAN,BANGA,Res,MALE,Pending
REGION VI,AKLAN,BANGA,Res,FEMALE,On-Going
REGION VI,AKLAN,BANGA,Res,MALE,Completed
REGION VI,AKLAN,BANGA,Com,FEMALE,On-Going
REGION VI,AKLAN,BANGA,Ind,FEMALE,Completed
REGION VI,AKLAN,BANGA,Res,MALE,On-Going
REGION VI,AKLAN,BANGA,Res,FEMALE,On-Going
REGION IV-B,OCCIDENTAL MINDORO,ABRA DE ILOG,Res,MALE,Pending
REGION IV-B,OCCIDENTAL MINDORO,ABRA DE ILOG,Ind,FEMALE,Cancelled
REGION IV-B,OCCIDENTAL MINDORO,ABRA DE ILOG,Com,FEMALE,On-Going
REGION IV-B,OCCIDENTAL MINDORO,ABRA DE ILOG,Res,FEMALE,Completed
REGION IV-B,OCCIDENTAL MINDORO,ABRA DE ILOG,Res,FEMALE,On-Going
REGION IV-B,OCCIDENTAL MINDORO,ABRA DE ILOG,Res,MALE,On-Going
REGION IV-B,OCCIDENTAL MINDORO,ABRA DE ILOG,Res,FEMALE,On-Going
REGION IV-B,OCCIDENTAL MINDORO,ABRA DE ILOG,Res,FEMALE,Completed
REGION IV-B,OCCIDENTAL MINDORO,ABRA DE ILOG,Ind,MALE,On-Going
REGION IV-B,OCCIDENTAL MINDORO,ABRA DE ILOG,Com,FEMALE,On-Going
REGION IV-B,OCCIDENTAL MINDORO,ABRA DE ILOG,Res,MALE,On-Going
REGION IV-B,OCCIDENTAL MINDORO,ABRA DE ILOG,Res,FEMALE,On-Going
REGION IV-B,OCCIDENTAL MINDORO,ABRA DE ILOG,Res,FEMALE,On-Going
REGION IV-B,OCCIDENTAL MINDORO,ABRA DE ILOG,Res,FEMALE,On-Going
REGION IV-B,OCCIDENTAL MINDORO,ABRA DE ILOG,Com,MALE,On-Going
REGION IV-B,OCCIDENTAL MINDORO,ABRA DE ILOG,Res,FEMALE,On-Going
REGION IV-B,OCCIDENTAL MINDORO,ABRA DE ILOG,Res,FEMALE,On-Going
REGION IV-B,OCCIDENTAL MINDORO,ABRA DE ILOG,Res,FEMALE,On-Going
REGION IV-B,OCCIDENTAL MINDORO,ABRA DE ILOG,Res,FEMALE,On-Going
REGION IV-B,OCCIDENTAL MINDORO,ABRA DE ILOG,Ind,MALE,On-Going
REGION IV-B,OCCIDENTAL MINDORO,ABRA DE ILOG,Res,FEMALE,On-Going
REGION IV-B,OCCIDENTAL MINDORO,ABRA DE ILOG,Com,FEMALE,On-Going
REGION IV-B,OCCIDENTAL MINDORO,ABRA DE ILOG,Res,FEMALE,On-Going
REGION IV-B,OCCIDENTAL MINDORO,ABRA DE ILOG,Res,MALE,Completed
REGION IV-B,OCCIDENTAL MINDORO,ABRA DE ILOG,Com,MALE,On-Going
REGION IV-B,OCCIDENTAL MINDORO,ABRA DE ILOG,Res,FEMALE,Completed
REGION IV-B,OCCIDENTAL MINDORO,ABRA DE ILOG,Com,FEMALE,On-Going
REGION IV-B,OCCIDENTAL MINDORO,ABRA DE ILOG,Com,FEMALE,On-Going
REGION VIII,LEYTE,CAPOOCAN,Res,FEMALE,On-Going
REGION VIII,LEYTE,CAPOOCAN,Ind,MALE,Completed
REGION VIII,LEYTE,CAPOOCAN,Res,MALE,On-Going
REGION VIII,LEYTE,CAPOOCAN,Res,FEMALE,On-Going
REGION VIII,LEYTE,CAPOOCAN,Res,MALE,Pending
REGION VIII,LEYTE,CAPOOCAN,Res,MALE,On-Going
REGION VIII,LEYTE,CAPOOCAN,Res,FEMALE,On-Going
REGION VIII,LEYTE,CAPOOCAN,Res,FEMALE,On-Going
REGION VIII,LEYTE,CAPOOCAN,Ind,FEMALE,On-Going
REGION VIII,LEYTE,CAPOOCAN,Res,FEMALE,Cancelled
REGION VIII,LEYTE,CAPOOCAN,Res,FEMALE,Completed
REGION VIII,LEYTE,CAPOOCAN,Res,FEMALE,On-Going
REGION VIII,LEYTE,CAPOOCAN,Ind,FEMALE,On-Going
REGION VIII,LEYTE,CAPOOCAN,Res,FEMALE,On-Going
REGION VIII,LEYTE,CAPOOCAN,Res,MALE,On-Going
REGION VIII,LEYTE,CAPOOCAN,Ind,FEMALE,On-Going
REGION VIII,LEYTE,CAPOOCAN,Ind,MALE,On-Going
REGION VIII,LEYTE,CAPOOCAN,Res,MALE,Completed
REGION VIII,LEYTE,CAPOOCAN,Res,MALE,On-Going
REGION VIII,LEYTE,CAPOOCAN,Res,FEMALE,Completed
REGION VIII,LEYTE,CAPOOCAN,Com,FEMALE,Completed
REGION VIII,LEYTE,CAPOOCAN,Ind,FEMALE,On-Going
REGION VIII,LEYTE,CAPOOCAN,Res,FEMALE,On-Going
REGION VIII,LEYTE,CAPOOCAN,Res,FEMALE,On-Going
REGION VIII,LEYTE,CAPOOCAN,Res,MALE,On-Going
REGION VIII,LEYTE,CAPOOCAN,Res,MALE,On-Going
REGION VIII,LEYTE,CAPOOCAN,Res,FEMALE,On-Going
REGION VIII,LEYTE,CAPOOCAN,Res,FEMALE,On-Going
REGION VIII,LEYTE,CAPOOCAN,Res,MALE,On-Going
REGION VIII,LEYTE,CAPOOCAN,Res,FEMALE,Completed
REGION VIII,LEYTE,CAPOOCAN,Res,FEMALE,On-Going
REGION VIII,LEYTE,CAPOOCAN,Res,FEMALE,On-Going
REGION VIII,LEYTE,CAPOOCAN,Ind,MALE,On-Going
REGION VIII,LEYTE,CAPOOCAN,Res,MALE,On-Going
REGION VIII,LEYTE,CAPOOCAN,Res,MALE,On-Going
REGION VIII,LEYTE,CAPOOCAN,Res,MALE,Pending
REGION VIII,LEYTE,CAPOOCAN,Res,FEMALE,On-Going
REGION VIII,LEYTE,CAPOOCAN,Res,FEMALE,Completed
REGION VIII,LEYTE,CAPOOCAN,Res,FEMALE,Completed
REGION VIII,LEYTE,CAPOOCAN,Com,FEMALE,On-Going
REGION VIII,LEYTE,CAPOOCAN,Res,MALE,Pending
REGION VIII,LEYTE,CAPOOCAN,Res,MALE,On-Going
REGION VIII,LEYTE,CAPOOCAN,Res,FEMALE,Completed
REGION VIII,LEYTE,CAPOOCAN,Res,MALE,On-Going
REGION VIII,LEYTE,CAPOOCAN,Ind,MALE,Completed
REGION VIII,LEYTE,CAPOOCAN,Res,FEMALE,On-Going
REGION VI,NEGROS OCCIDENTAL,SAGAY CITY,Res,MALE,On-Going
REGION VI,NEGROS OCCIDENTAL,SAGAY CITY,Res,MALE,Completed
REGION VI,NEGROS OCCIDENTAL,SAGAY CITY,Res,MALE,On-Going
REGION VI,NEGROS OCCIDENTAL,SAGAY CITY,Res,MALE,On-Going
REGION VI,NEGROS OCCIDENTAL,SAGAY CITY,Res,FEMALE,On-Going
REGION VI,NEGROS OCCIDENTAL,SAGAY CITY,Res,MALE,On-Going
REGION VI,NEGROS OCCIDENTAL,SAGAY CITY,Res,MALE,Completed
REGION VI,NEGROS OCCIDENTAL,SAGAY CITY,Res,FEMALE,On-Going
REGION VI,NEGROS OCCIDENTAL,SAGAY CITY,Res,FEMALE,Completed
REGION VI,NEGROS OCCIDENTAL,SAGAY CITY,Res,FEMALE,On-Going
REGION VI,NEGROS OCCIDENTAL,SAGAY CITY,Res,MALE,Pending
REGION VI,NEGROS OCCIDENTAL,SAGAY CITY,Res,FEMALE,On-Going
REGION VI,NEGROS OCCIDENTAL,SAGAY CITY,Com,FEMALE,On-Going
REGION VI,NEGROS OCCIDENTAL,SAGAY CITY,Res,FEMALE,On-Going
REGION VI,NEGROS OCCIDENTAL,SAGAY CITY,Res,MALE,Completed
REGION VI,NEGROS OCCIDENTAL,SAGAY CITY,Res,MALE,On-Going
REGION VI,NEGROS OCCIDENTAL,SAGAY CITY,Res,FEMALE,Cancelled
REGION VI,NEGROS OCCIDENTAL,SAGAY CITY,Res,FEMALE,Completed
REGION VI,NEGROS OCCIDENTAL,SAGAY CITY,Res,FEMALE,On-Going
REGION VI,NEGROS OCCIDENTAL,SAGAY CITY,Res,FEMALE,On-Going
REGION VI,NEGROS OCCIDENTAL,SAGAY CITY,Res,MALE,On-Going
REGION VI,NEGROS OCCIDENTAL,SAGAY CITY,Res,FEMALE,On-Going
REGION VI,NEGROS OCCIDENTAL,SAGAY CITY,Res,FEMALE,On-Going
REGION VI,NEGROS OCCIDENTAL,SAGAY CITY,Res,FEMALE,On-Going
REGION VI,NEGROS OCCIDENTAL,SAGAY CITY,Res,MALE,Completed
REGION VI,NEGROS OCCIDENTAL,SAGAY CITY,Res,MALE,Cancelled
REGION VI,NEGROS OCCIDENTAL,SAGAY CITY,Res,FEMALE,Completed
REGION VI,NEGROS OCCIDENTAL,SAGAY CITY,Res,FEMALE,On-Going
REGION VI,NEGROS OCCIDENTAL,SAGAY CITY,Ind,FEMALE,On-Going
REGION VI,NEGROS OCCIDENTAL,SAGAY CITY,Res,MALE,Completed
REGION VI,NEGROS OCCIDENTAL,SAGAY CITY,Res,MALE,Completed
REGION VI,NEGROS OCCIDENTAL,SAGAY CITY,Res,MALE,On-Going
REGION VI,NEGROS OCCIDENTAL,SAGAY CITY,Com,FEMALE,Completed
REGION VI,NEGROS OCCIDENTAL,SAGAY CITY,Res,FEMALE,On-Going
REGION VI,NEGROS OCCIDENTAL,SAGAY CITY,Res,MALE,On-Going
REGION VI,NEGROS OCCIDENTAL,SAGAY CITY,Res,FEMALE,On-Going
REGION VI,NEGROS OCCIDENTAL,SAGAY CITY,Com,MALE,Completed
REGION VI,NEGROS OCCIDENTAL,SAGAY CITY,Res,MALE,On-Going
CAR,ABRA,LICUAN-BAAY (LICUAN),Com,FEMALE,On-Going
CAR,ABRA,LICUAN-BAAY (LICUAN),Res,MALE,Completed
CAR,ABRA,LICUAN-BAAY (LICUAN),Res,MALE,Cancelled
CAR,ABRA,LICUAN-BAAY (LICUAN),Res,FEMALE,On-Going
CAR,ABRA,LICUAN-BAAY (LICUAN),Res,MALE,On-Going
CAR,ABRA,LICUAN-BAAY (LICUAN),Res,FEMALE,Completed
CAR,ABRA,LICUAN-BAAY (LICUAN),Res,FEMALE,Cancelled
CAR,ABRA,LICUAN-BAAY (LICUAN),Res,MALE,On-Going
CAR,ABRA,LICUAN-BAAY (LICUAN),Res,MALE,On-Going
CAR,ABRA,LICUAN-BAAY (LICUAN),Ind,FEMALE,On-Going
CAR,ABRA,LICUAN-BAAY (LICUAN),Res,MALE,Pending
CAR,ABRA,LICUAN-BAAY (LICUAN),Res,FEMALE,On-Going
CAR,ABRA,LICUAN-BAAY (LICUAN),Res,MALE,Completed
CAR,ABRA,LICUAN-BAAY (LICUAN),Res,FEMALE,On-Going
CAR,ABRA,LICUAN-BAAY (LICUAN),Com,FEMALE,On-Going
CAR,ABRA,LICUAN-BAAY (LICUAN),Res,MALE,Completed
CAR,ABRA,LICUAN-BAAY (LICUAN),Com,FEMALE,On-Going
CAR,ABRA,LICUAN-BAAY (LICUAN),Res,MALE,On-Going
CAR,ABRA,LICUAN-BAAY (LICUAN),Res,FEMALE,Completed
CAR,ABRA,LICUAN-BAAY (LICUAN),Com,MALE,On-Going
CAR,ABRA,LICUAN-BAAY (LICUAN),Res,MALE,Cancelled
CAR,ABRA,LICUAN-BAAY (LICUAN),Com,MALE,Completed
CAR,ABRA,LICUAN-BAAY (LICUAN),Com,FEMALE,On-Going
CAR,ABRA,LICUAN-BAAY (LICUAN),Res,FEMALE,On-Going
CAR,ABRA,LICUAN-BAAY (LICUAN),Res,MALE,Cancelled
CAR,ABRA,LICUAN-BAAY (LICUAN),Ind,MALE,Completed
REGION III,NUEVA ECIJA,ZARAGOZA,Res,FEMALE,Pending
REGION III,NUEVA ECIJA,ZARAGOZA,Res,MALE,Cancelled
REGION III,NUEVA ECIJA,ZARAGOZA,Res,FEMALE,On-Going
REGION III,NUEVA ECIJA,ZARAGOZA,Res,MALE,On-Going
REGION III,NUEVA ECIJA,ZARAGOZA,Res,MALE,Completed
REGION III,NUEVA ECIJA,ZARAGOZA,Com,MALE,On-Going
REGION III,NUEVA ECIJA,ZARAGOZA,Res,MALE,On-Going
REGION III,NUEVA ECIJA,ZARAGOZA,Res,FEMALE,Cancelled
REGION III,NUEVA ECIJA,ZARAGOZA,Res,MALE,On-Going
REGION III,NUEVA ECIJA,ZARAGOZA,Res,MALE,Completed
REGION III,NUEVA ECIJA,ZARAGOZA,Res,MALE,Pending
REGION III,NUEVA ECIJA,ZARAGOZA,Res,MALE,Pending
REGION III,NUEVA ECIJA,ZARAGOZA,Res,MALE,On-Going
REGION III,NUEVA ECIJA,ZARAGOZA,Res,FEMALE,On-Going
REGION III,NUEVA ECIJA,ZARAGOZA,Res,MALE,Completed
REGION III,NUEVA ECIJA,ZARAGOZA,Res,MALE,On-Going
REGION III,NUEVA ECIJA,ZARAGOZA,Ind,MALE,On-Going
REGION III,NUEVA ECIJA,ZARAGOZA,Res,FEMALE,On-Going
REGION III,NUEVA ECIJA,ZARAGOZA,Res,FEMALE,On-Going
REGION III,NUEVA ECIJA,ZARAGOZA,Res,FEMALE,On-Going
REGION III,NUEVA ECIJA,ZARAGOZA,Ind,FEMALE,On-Going
REGION III,NUEVA ECIJA,ZARAGOZA,Res,MALE,On-Going
REGION III,NUEVA ECIJA,ZARAGOZA,Res,MALE,Cancelled
REGION III,NUEVA ECIJA,ZARAGOZA,Res,MALE,On-Going
REGION III,NUEVA ECIJA,ZARAGOZA,Res,FEMALE,On-Going
REGION III,NUEVA ECIJA,ZARAGOZA,Res,MALE,Completed
REGION III,NUEVA ECIJA,ZARAGOZA,Res,MALE,Completed
REGION III,NUEVA ECIJA,ZARAGOZA,Res,FEMALE,Completed
REGION III,NUEVA ECIJA,ZARAGOZA,Res,FEMALE,On-Going
REGION III,NUEVA ECIJA,ZARAGOZA,Res,FEMALE,On-Going
REGION III,NUEVA ECIJA,ZARAGOZA,Res,MALE,On-Going
REGION III,NUEVA ECIJA,ZARAGOZA,Res,FEMALE,Pending
REGION III,NUEVA ECIJA,ZARAGOZA,Res,MALE,On-Going
REGION III,NUEVA ECIJA,ZARAGOZA,Res,FEMALE,Pending
REGION III,NUEVA ECIJA,ZARAGOZA,Com,MALE,On-Going
REGION III,NUEVA ECIJA,ZARAGOZA,Res,MALE,On-Going
REGION II,NUEVA VIZCAYA,QUEZON,Res,FEMALE,On-Going
REGION II,NUEVA VIZCAYA,QUEZON,Res,FEMALE,On-Going
REGION II,NUEVA VIZCAYA,QUEZON,Res,FEMALE,On-Going
REGION II,NUEVA VIZCAYA,QUEZON,Res,MALE,On-Going
REGION II,NUEVA VIZCAYA,QUEZON,Res,MALE,On-Going
REGION II,NUEVA VIZCAYA,QUEZON,Res,FEMALE,On-Going
REGION II,NUEVA VIZCAYA,QUEZON,Ind,FEMALE,On-Going
REGION II,NUEVA VIZCAYA,QUEZON,Ind,MALE,On-Going
REGION II,NUEVA VIZCAYA,QUEZON,Res,MALE,Completed
REGION XIII,AGUSAN DEL SUR,ESPERANZA,Res,FEMALE,On-Going
REGION XIII,AGUSAN DEL SUR,ESPERANZA,Ind,FEMALE,On-Going
REGION XIII,AGUSAN DEL SUR,ESPERANZA,Res,FEMALE,On-Going
REGION XIII,AGUSAN DEL SUR,ESPERANZA,Res,FEMALE,On-Going
REGION XIII,AGUSAN DEL SUR,ESPERANZA,Res,FEMALE,On-Going
REGION XIII,AGUSAN DEL SUR,ESPERANZA,Res,FEMALE,On-Going
REGION XIII,AGUSAN DEL SUR,ESPERANZA,Res,FEMALE,On-Going
REGION XIII,AGUSAN DEL SUR,ESPERANZA,Res,MALE,Completed
REGION XIII,AGUSAN DEL SUR,ESPERANZA,Ind,MALE,On-Going
REGION XIII,AGUSAN DEL SUR,ESPERANZA,Res,MALE,On-Going
REGION XIII,AGUSAN DEL SUR,ESPERANZA,Res,FEMALE,Completed
REGION XIII,AGUSAN DEL SUR,ESPERANZA,Res,MALE,On-Going
REGION XIII,AGUSAN DEL SUR,ESPERANZA,Ind,FEMALE,On-Going
REGION XIII,AGUSAN DEL SUR,ESPERANZA,Com,MALE,On-Going
REGION XIII,AGUSAN DEL SUR,ESPERANZA,Res,MALE,Completed
REGION XIII,AGUSAN DEL SUR,ESPERANZA,Res,MALE,Completed
REGION XIII,AGUSAN DEL SUR,ESPERANZA,Res,FEMALE,Completed
REGION XIII,AGUSAN DEL SUR,ESPERANZA,Ind,FEMALE,Pending
REGION XIII,AGUSAN DEL SUR,ESPERANZA,Com,MALE,On-Going
REGION XIII,AGUSAN DEL SUR,ESPERANZA,Res,FEMALE,Completed
REGION XIII,AGUSAN DEL SUR,ESPERANZA,Res,FEMALE,Completed
REGION XIII,AGUSAN DEL SUR,ESPERANZA,Res,FEMALE,Cancelled
REGION XIII,AGUSAN DEL SUR,ESPERANZA,Com,MALE,On-Going
REGION XIII,AGUSAN DEL SUR,ESPERANZA,Res,FEMALE,On-Going
REGION XIII,AGUSAN DEL SUR,ESPERANZA,Res,MALE,On-Going
REGION XIII,AGUSAN DEL SUR,ESPERANZA,Res,FEMALE,On-Going
REGION XIII,AGUSAN DEL SUR,ESPERANZA,Ind,MALE,On-Going
REGION XIII,AGUSAN DEL SUR,ESPERANZA,Ind,MALE,Completed
REGION XIII,AGUSAN DEL SUR,ESPERANZA,Res,FEMALE,On-Going
REGION XIII,AGUSAN DEL SUR,ESPERANZA,Res,FEMALE,Completed
REGION XIII,AGUSAN DEL SUR,ESPERANZA,Ind,FEMALE,On-Going
REGION XIII,AGUSAN DEL SUR,ESPERANZA,Com,MALE,On-Going
REGION XIII,AGUSAN DEL SUR,ESPERANZA,Ind,FEMALE,Cancelled
REGION XIII,AGUSAN DEL SUR,ESPERANZA,Res,MALE,Completed
REGION XIII,AGUSAN DEL SUR,ESPERANZA,Com,FEMALE,On-Going
REGION XIII,AGUSAN DEL SUR,ESPERANZA,Res,FEMALE,On-Going
REGION XIII,AGUSAN DEL SUR,ESPERANZA,Res,FEMALE,On-Going
REGION XIII,AGUSAN DEL SUR,ESPERANZA,Com,MALE,Completed
REGION XIII,AGUSAN DEL SUR,ESPERANZA,Ind,MALE,On-Going
REGION V,CATANDUANES,BAGAMANOC,Res,MALE,On-Going
REGION V,CATANDUANES,BAGAMANOC,Ind,MALE,On-Going
REGION V,CATANDUANES,BAGAMANOC,Res,FEMALE,On-Going
REGION V,CATANDUANES,BAGAMANOC,Res,MALE,On-Going
REGION V,CATANDUANES,BAGAMANOC,Ind,FEMALE,Pending
REGION V,CATANDUANES,BAGAMANOC,Ind,MALE,On-Going
REGION V,CATANDUANES,BAGAMANOC,Res,MALE,On-Going
REGION V,CATANDUANES,BAGAMANOC,Res,FEMALE,On-Going
REGION V,CATANDUANES,BAGAMANOC,Ind,MALE,On-Going
REGION V,CATANDUANES,BAGAMANOC,Res,MALE,Cancelled
REGION V,CATANDUANES,BAGAMANOC,Res,FEMALE,Completed
REGION V,CATANDUANES,BAGAMANOC,Res,FEMALE,On-Going
REGION V,CATANDUANES,BAGAMANOC,Res,FEMALE,Pending
REGION V,CATANDUANES,BAGAMANOC,Res,MALE,On-Going
REGION V,CATANDUANES,BAGAMANOC,Res,MALE,On-Going
REGION V,CATANDUANES,BAGAMANOC,Res,FEMALE,On-Going
REGION V,CATANDUANES,BAGAMANOC,Res,MALE,On-Going
REGION V,CATANDUANES,BAGAMANOC,Res,MALE,On-Going
REGION V,CATANDUANES,BAGAMANOC,Res,FEMALE,Completed
REGION V,CATANDUANES,BAGAMANOC,Res,FEMALE,Completed
REGION V,CATANDUANES,BAGAMANOC,Res,FEMALE,On-Going
REGION V,CATANDUANES,BAGAMANOC,Res,MALE,On-Going
REGION V,CATANDUANES,BAGAMANOC,Res,MALE,On-Going
REGION V,CATANDUANES,BAGAMANOC,Res,MALE,Completed
REGION V,CATANDUANES,BAGAMANOC,Res,FEMALE,Cancelled
REGION V,CATANDUANES,BAGAMANOC,Res,MALE,On-Going
REGION V,CATANDUANES,BAGAMANOC,Res,MALE,On-Going
REGION V,CATANDUANES,BAGAMANOC,Res,FEMALE,Completed
REGION V,CATANDUANES,BAGAMANOC,Com,FEMALE,On-Going
REGION V,CATANDUANES,BAGAMANOC,Ind,FEMALE,On-Going
REGION V,CATANDUANES,BAGAMANOC,Ind,FEMALE,Cancelled
REGION V,CATANDUANES,BAGAMANOC,Res,MALE,On-Going
REGION V,CATANDUANES,BAGAMANOC,Res,FEMALE,On-Going
REGION V,CATANDUANES,BAGAMANOC,Res,MALE,Completed
REGION V,CATANDUANES,BAGAMANOC,Res,FEMALE,On-Going
REGION V,CATANDUANES,BAGAMANOC,Res,FEMALE,On-Going
REGION V,CATANDUANES,BAGAMANOC,Res,MALE,On-Going
REGION V,CATANDUANES,BAGAMANOC,Res,FEMALE,On-Going
REGION VII,BOHOL,BILAR,Res,FEMALE,On-Going
REGION VII,BOHOL,BILAR,Res,MALE,Completed
REGION VII,BOHOL,BILAR,Res,FEMALE,On-Going
REGION VII,BOHOL,BILAR,Res,MALE,On-Going
REGION VII,BOHOL,BILAR,Res,MALE,Cancelled
REGION VII,BOHOL,BILAR,Res,MALE,On-Going
REGION VII,BOHOL,BILAR,Com,MALE,Completed
REGION VII,BOHOL,BILAR,Res,FEMALE,Completed
REGION VII,BOHOL,BILAR,Res,FEMALE,Completed
REGION VII,BOHOL,BILAR,Res,FEMALE,Completed
REGION VII,BOHOL,BILAR,Res,FEMALE,On-Going
REGION VII,BOHOL,BILAR,Res,FEMALE,Pending
REGION VII,BOHOL,BILAR,Res,MALE,On-Going
REGION VII,BOHOL,BILAR,Res,FEMALE,On-Going
REGION VII,BOHOL,BILAR,Res,FEMALE,On-Going
REGION VII,BOHOL,BILAR,Ind,MALE,On-Going
REGION VII,BOHOL,BILAR,Res,MALE,On-Going
REGION VII,BOHOL,BILAR,Res,MALE,On-Going
REGION VII,BOHOL,BILAR,Res,FEMALE,Pending
REGION VII,BOHOL,BILAR,Res,MALE,On-Going
REGION VII,BOHOL,BILAR,Res,FEMALE,Completed
REGION VII,BOHOL,BILAR,Res,FEMALE,On-Going
REGION VII,BOHOL,BILAR,Res,MALE,Completed
REGION VII,BOHOL,BILAR,Res,FEMALE,Cancelled
REGION I,PANGASINAN,BAYAMBANG,Res,FEMALE,On-Going
REGION I,PANGASINAN,BAYAMBANG,Ind,FEMALE,On-Going
REGION I,PANGASINAN,BAYAMBANG,Res,FEMALE,On-Going
REGION I,PANGASINAN,BAYAMBANG,Res,FEMALE,On-Going
REGION I,PANGASINAN,BAYAMBANG,Res,MALE,On-Going
REGION I,PANGASINAN,BAYAMBANG,Res,MALE,On-Going
REGION I,PANGASINAN,BAYAMBANG,Res,FEMALE,On-Going
REGION I,PANGASINAN,BAYAMBANG,Res,FEMALE,On-Going
REGION I,PANGASINAN,BAYAMBANG,Res,FEMALE,On-Going
REGION I,PANGASINAN,BAYAMBANG,Res,MALE,On-Going
REGION I,PANGASINAN,BAYAMBANG,Ind,FEMALE,On-Going
REGION I,PANGASINAN,BAYAMBANG,Res,MALE,Completed
REGION I,PANGASINAN,BAYAMBANG,Ind,MALE,Completed
REGION I,PANGASINAN,BAYAMBANG,Res,MALE,Completed
REGION I,PANGASINAN,BAYAMBANG,Com,MALE,On-Going
REGION I,PANGASINAN,BAYAMBANG,Ind,FEMALE,Completed
REGION I,PANGASINAN,BAYAMBANG,Res,MALE,Completed
REGION I,PANGASINAN,BAYAMBANG,Res,MALE,On-Going
REGION I,PANGASINAN,BAYAMBANG,Res,MALE,On-Going
REGION I,PANGASINAN,BAYAMBANG,Ind,FEMALE,On-Going
REGION I,PANGASINAN,BAYAMBANG,Res,MALE,On-Going
REGION I,PANGASINAN,BAYAMBANG,Res,FEMALE,Completed
REGION I,PANGASINAN,BAYAMBANG,Ind,MALE,On-Going
REGION I,PANGASINAN,BAYAMBANG,Res,FEMALE,Completed
REGION I,PANGASINAN,BAYAMBANG,Com,FEMALE,On-Going
REGION I,PANGASINAN,BAYAMBANG,Com,FEMALE,Completed
REGION I,PANGASINAN,BAYAMBANG,Res,MALE,On-Going
REGION I,PANGASINAN,BAYAMBANG,Res,MALE,Completed
REGION I,PANGASINAN,BAYAMBANG,Res,FEMALE,On-Going
REGION I,PANGASINAN,BAYAMBANG,Res,MALE,On-Going
REGION I,PANGASINAN,BAYAMBANG,Res,FEMALE,On-Going
REGION I,PANGASINAN,BAYAMBANG,Res,MALE,Completed
REGION I,PANGASINAN,BAYAMBANG,Res,MALE,Cancelled
REGION I,PANGASINAN,BAYAMBANG,Res,MALE,On-Going
REGION I,PANGASINAN,BAYAMBANG,Res,FEMALE,On-Going
REGION I,PANGASINAN,BAYAMBANG,Res,MALE,Completed
REGION I,PANGASINAN,BAYAMBANG,Res,FEMALE,On-Going
REGION I,PANGASINAN,BAYAMBANG,Res,MALE,On-Going
REGION I,PANGASINAN,BAYAMBANG,Res,FEMALE,On-Going
REGION I,PANGASINAN,BAYAMBANG,Res,FEMALE,Completed
REGION I,PANGASINAN,BAYAMBANG,Ind,FEMALE,Cancelled
REGION I,PANGASINAN,BAYAMBANG,Res,FEMALE,On-Going
REGION I,PANGASINAN,BAYAMBANG,Res,FEMALE,Completed
REGION XIII,AGUSAN DEL SUR,LORETO,Res,FEMALE,On-Going
REGION XIII,AGUSAN DEL SUR,LORETO,Res,FEMALE,Completed
REGION XIII,AGUSAN DEL SUR,LORETO,Res,MALE,Cancelled
REGION XIII,AGUSAN DEL SUR,LORETO,Ind,FEMALE,On-Going
REGION XIII,AGUSAN DEL SUR,LORETO,Res,MALE,On-Going
REGION XIII,AGUSAN DEL SUR,LORETO,Res,MALE,On-Going
REGION XIII,AGUSAN DEL SUR,LORETO,Com,MALE,Completed
REGION XIII,AGUSAN DEL SUR,LORETO,Res,MALE,Completed
REGION XIII,AGUSAN DEL SUR,LORETO,Res,MALE,On-Going
REGION XIII,AGUSAN DEL SUR,LORETO,Res,MALE,Completed
REGION XIII,AGUSAN DEL SUR,LORETO,Res,FEMALE,On-Going
REGION XIII,AGUSAN DEL SUR,LORETO,Res,MALE,On-Going
REGION XIII,AGUSAN DEL SUR,LORETO,Res,MALE,On-Going
REGION XIII,AGUSAN DEL SUR,LORETO,Res,FEMALE,Cancelled
REGION XIII,AGUSAN DEL SUR,LORETO,Res,FEMALE,On-Going
REGION XIII,AGUSAN DEL SUR,LORETO,Com,MALE,On-Going
REGION XIII,AGUSAN DEL SUR,LORETO,Com,FEMALE,On-Going
REGION XIII,AGUSAN DEL SUR,LORETO,Res,MALE,On-Going
REGION XIII,AGUSAN DEL SUR,LORETO,Res,FEMALE,On-Going
REGION XIII,AGUSAN DEL SUR,LORETO,Res,MALE,Completed
REGION XIII,AGUSAN DEL SUR,LORETO,Res,FEMALE,On-Going
REGION XIII,AGUSAN DEL SUR,LORETO,Res,MALE,On-Going
REGION XIII,AGUSAN DEL SUR,LORETO,Com,MALE,On-Going
REGION XIII,AGUSAN DEL SUR,LORETO,Res,FEMALE,Completed
REGION XIII,AGUSAN DEL SUR,LORETO,Res,FEMALE,On-Going
REGION XIII,AGUSAN DEL SUR,LORETO,Res,MALE,On-Going
REGION XIII,AGUSAN DEL SUR,LORETO,Res,FEMALE,On-Going
REGION XIII,AGUSAN DEL SUR,LORETO,Res,MALE,On-Going
REGION XIII,AGUSAN DEL SUR,LORETO,Res,FEMALE,Cancelled
REGION XIII,AGUSAN DEL SUR,LORETO,Res,FEMALE,Cancelled
REGION XIII,AGUSAN DEL SUR,LORETO,Res,FEMALE,On-Going
REGION XIII,AGUSAN DEL SUR,LORETO,Res,FEMALE,On-Going
REGION XIII,AGUSAN DEL SUR,LORETO,Res,MALE,Completed
REGION XIII,AGUSAN DEL SUR,LORETO,Res,FEMALE,On-Going
REGION XIII,AGUSAN DEL SUR,LORETO,Res,MALE,Completed
BARMM,LANAO DEL SUR,TUGAYA,Res,FEMALE,Completed
BARMM,LANAO DEL SUR,TUGAYA,Com,MALE,Completed
BARMM,LANAO DEL SUR,TUGAYA,Com,MALE,On-Going
BARMM,LANAO DEL SUR,TUGAYA,Res,FEMALE,On-Going
BARMM,LANAO DEL SUR,TUGAYA,Res,MALE,Completed
BARMM,LANAO DEL SUR,TUGAYA,Com,FEMALE,Pending
BARMM,LANAO DEL SUR,TUGAYA,Res,FEMALE,On-Going
BARMM,LANAO DEL SUR,TUGAYA,Res,FEMALE,On-Going
BARMM,LANAO DEL SUR,TUGAYA,Res,MALE,On-Going
BARMM,LANAO DEL SUR,TUGAYA,Res,MALE,On-Going
BARMM,LANAO DEL SUR,TUGAYA,Res,FEMALE,Pending
BARMM,LANAO DEL SUR,TUGAYA,Res,MALE,On-Going
BARMM,LANAO DEL SUR,TUGAYA,Res,MALE,On-Going
BARMM,LANAO DEL SUR,TUGAYA,Res,MALE,On-Going
BARMM,LANAO DEL SUR,TUGAYA,Res,MALE,On-Going
BARMM,LANAO DEL SUR,TUGAYA,Com,MALE,Cancelled
BARMM,LANAO DEL SUR,TUGAYA,Res,MALE,On-Going
BARMM,LANAO DEL SUR,TUGAYA,Res,FEMALE,Completed
BARMM,LANAO DEL SUR,TUGAYA,Res,FEMALE,On-Going
BARMM,LANAO DEL SUR,TUGAYA,Res,MALE,On-Going
BARMM,LANAO DEL SUR,TUGAYA,Res,MALE,On-Going
BARMM,LANAO DEL SUR,TUGAYA,Ind,MALE,On-Going
BARMM,LANAO DEL SUR,TUGAYA,Res,FEMALE,Completed
REGION VI,ILOILO,ALIMODIAN,Res,MALE,On-Going
REGION VI,ILOILO,ALIMODIAN,Com,FEMALE,On-Going
REGION VI,ILOILO,ALIMODIAN,Res,MALE,Pending
REGION VI,ILOILO,ALIMODIAN,Res,FEMALE,On-Going
REGION VI,ILOILO,ALIMODIAN,Com,FEMALE,On-Going
REGION VI,ILOILO,ALIMODIAN,Res,FEMALE,Cancelled
REGION VI,ILOILO,ALIMODIAN,Res,MALE,On-Going
REGION VI,ILOILO,ALIMODIAN,Res,MALE,Completed
REGION VI,ILOILO,ALIMODIAN,Res,FEMALE,On-Going
REGION VI,ILOILO,ALIMODIAN,Res,MALE,Completed
REGION VI,ILOILO,ALIMODIAN,Res,FEMALE,On-Going
REGION VI,ILOILO,ALIMODIAN,Res,FEMALE,Pending
REGION VI,ILOILO,ALIMODIAN,Res,MALE,On-Going
REGION VI,ILOILO,ALIMODIAN,Res,FEMALE,On-Going
REGION VI,ILOILO,ALIMODIAN,Res,MALE,On-Going
REGION VI,ILOILO,ALIMODIAN,Res,MALE,On-Going
REGION VI,ILOILO,ALIMODIAN,Res,MALE,Completed
REGION VI,ILOILO,ALIMODIAN,Res,MALE,On-Going
REGION VI,ILOILO,ALIMODIAN,Res,FEMALE,On-Going
REGION VI,ILOILO,ALIMODIAN,Ind,MALE,On-Going
REGION VI,ILOILO,ALIMODIAN,Ind,FEMALE,Completed
REGION VI,ILOILO,ALIMODIAN,Res,FEMALE,On-Going
REGION VI,ILOILO,ALIMODIAN,Res,FEMALE,On-Going
REGION VI,ILOILO,ALIMODIAN,Res,FEMALE,Completed
REGION VI,ILOILO,ALIMODIAN,Res,MALE,Completed
REGION VI,ILOILO,ALIMODIAN,Res,FEMALE,On-Going
REGION VI,ILOILO,ALIMODIAN,Res,FEMALE,On-Going
REGION VI,ILOILO,ALIMODIAN,Res,FEMALE,On-Going
REGION VI,ILOILO,ALIMODIAN,Res,FEMALE,On-Going
REGION VI,ILOILO,ALIMODIAN,Res,FEMALE,On-Going
REGION VI,ILOILO,ALIMODIAN,Com,FEMALE,On-Going
REGION VI,ILOILO,ALIMODIAN,Res,FEMALE,On-Going
REGION VI,ILOILO,ALIMODIAN,Ind,FEMALE,On-Going
REGION VI,ILOILO,ALIMODIAN,Com,MALE,On-Going
REGION VI,ILOILO,ALIMODIAN,Res,MALE,On-Going
REGION VI,ILOILO,ALIMODIAN,Res,FEMALE,Completed
REGION IV-A,LAGUNA,CITY OF SANTA ROSA,Res,MALE,On-Going
REGION IV-A,LAGUNA,CITY OF SANTA ROSA,Res,FEMALE,On-Going
REGION IV-A,LAGUNA,CITY OF SANTA ROSA,Res,MALE,On-Going
REGION IV-A,LAGUNA,CITY OF SANTA ROSA,Res,MALE,On-Going
REGION IV-A,LAGUNA,CITY OF SANTA ROSA,Res,FEMALE,Completed
REGION VI,ILOILO,BATAD,Res,MALE,On-Going
REGION VI,ILOILO,BATAD,Res,FEMALE,On-Going
REGION VI,ILOILO,BATAD,Res,MALE,On-Going
REGION VI,ILOILO,BATAD,Res,FEMALE,On-Going
REGION VI,ILOILO,BATAD,Res,MALE,On-Going
REGION VI,ILOILO,BATAD,Res,FEMALE,Completed
REGION VI,ILOILO,BATAD,Res,MALE,On-Going
REGION VI,ILOILO,BATAD,Res,FEMALE,On-Going
REGION VI,ILOILO,BATAD,Res,FEMALE,Completed
REGION VI,ILOILO,BATAD,Res,MALE,Completed
REGION VI,ILOILO,BATAD,Res,MALE,Completed
REGION VI,ILOILO,BATAD,Res,MALE,Completed
REGION VI,ILOILO,BATAD,Res,FEMALE,On-Going
REGION VI,ILOILO,BATAD,Res,FEMALE,Completed
REGION VI,ILOILO,BATAD,Res,MALE,Completed
REGION VI,ILOILO,BATAD,Res,FEMALE,Completed
REGION VI,ILOILO,BATAD,Res,MALE,On-Going
REGION VI,ILOILO,BATAD,Com,FEMALE,Completed
REGION VI,ILOILO,BATAD,Res,FEMALE,On-Going
REGION VI,ILOILO,BATAD,Res,MALE,On-Going
REGION VI,ILOILO,BATAD,Res,MALE,On-Going
REGION VI,ILOILO,BATAD,Res,FEMALE,On-Going
REGION VI,ILOILO,BATAD,Res,FEMALE,On-Going
REGION VI,ILOILO,BATAD,Res,FEMALE,On-Going
REGION VI,ILOILO,BATAD,Res,FEMALE,On-Going
REGION VI,ILOILO,BATAD,Ind,FEMALE,On-Going
REGION VI,ILOILO,BATAD,Res,MALE,Completed
REGION II,NUEVA VIZCAYA,DIADI,Ind,FEMALE,Completed
REGION II,NUEVA VIZCAYA,DIADI,Res,MALE,On-Going
REGION II,NUEVA VIZCAYA,DIADI,Res,MALE,Completed
REGION II,NUEVA VIZCAYA,DIADI,Res,FEMALE,On-Going
REGION II,NUEVA VIZCAYA,DIADI,Res,FEMALE,On-Going
REGION II,NUEVA VIZCAYA,DIADI,Res,FEMALE,On-Going
REGION II,NUEVA VIZCAYA,DIADI,Res,FEMALE,On-Going
REGION II,NUEVA VIZCAYA,DIADI,Res,FEMALE,On-Going
REGION II,NUEVA VIZCAYA,DIADI,Res,FEMALE,On-Going
REGION II,NUEVA VIZCAYA,DIADI,Com,FEMALE,On-Going
REGION II,NUEVA VIZCAYA,DIADI,Res,FEMALE,On-Going
REGION II,NUEVA VIZCAYA,DIADI,Res,MALE,Completed
REGION II,NUEVA VIZCAYA,DIADI,Res,MALE,Pending
REGION II,NUEVA VIZCAYA,DIADI,Res,FEMALE,On-Going
REGION II,NUEVA VIZCAYA,DIADI,Res,FEMALE,On-Going
REGION II,NUEVA VIZCAYA,DIADI,Res,MALE,On-Going
REGION II,NUEVA VIZCAYA,DIADI,Com,MALE,Completed
REGION II,NUEVA VIZCAYA,DIADI,Res,MALE,On-Going
REGION II,NUEVA VIZCAYA,DIADI,Res,FEMALE,On-Going
REGION II,NUEVA VIZCAYA,DIADI,Res,MALE,On-Going
REGION II,NUEVA VIZCAYA,DIADI,Res,FEMALE,On-Going
REGION II,NUEVA VIZCAYA,DIADI,Ind,MALE,Completed
REGION II,NUEVA VIZCAYA,DIADI,Res,FEMALE,On-Going
REGION II,NUEVA VIZCAYA,DIADI,Res,FEMALE,On-Going
REGION II,NUEVA VIZCAYA,DIADI,Ind,MALE,Cancelled
REGION II,NUEVA VIZCAYA,DIADI,Res,FEMALE,Cancelled
REGION II,NUEVA VIZCAYA,DIADI,Res,MALE,Pending
REGION II,NUEVA VIZCAYA,DIADI,Res,MALE,On-Going
REGION II,NUEVA VIZCAYA,DIADI,Res,MALE,Cancelled
REGION II,NUEVA VIZCAYA,DIADI,Res,MALE,On-Going
REGION II,NUEVA VIZCAYA,DIADI,Res,MALE,Completed
REGION II,NUEVA VIZCAYA,DIADI,Res,MALE,On-Going
REGION II,NUEVA VIZCAYA,DIADI,Res,MALE,On-Going
REGION II,NUEVA VIZCAYA,DIADI,Res,MALE,Completed
REGION II,NUEVA VIZCAYA,DIADI,Res,FEMALE,On-Going
REGION II,NUEVA VIZCAYA,DIADI,Res,MALE,On-Going
REGION II,NUEVA VIZCAYA,DIADI,Res,MALE,On-Going
REGION II,NUEVA VIZCAYA,DIADI,Res,FEMALE,On-Going
REGION VIII,SAMAR (WESTERN SAMAR),CALBAYOG CITY,Ind,MALE,On-Going
REGION VIII,SAMAR (WESTERN SAMAR),CALBAYOG CITY,Res,FEMALE,On-Going
REGION VIII,SAMAR (WESTERN SAMAR),CALBAYOG CITY,Res,FEMALE,On-Going
REGION VIII,SAMAR (WESTERN SAMAR),CALBAYOG CITY,Res,MALE,On-Going
REGION VIII,SAMAR (WESTERN SAMAR),CALBAYOG CITY,Res,FEMALE,On-Going
REGION VIII,SAMAR (WESTERN SAMAR),CALBAYOG CITY,Res,FEMALE,On-Going
REGION VIII,SAMAR (WESTERN SAMAR),CALBAYOG CITY,Res,FEMALE,Completed
REGION VIII,SAMAR (WESTERN SAMAR),CALBAYOG CITY,Ind,FEMALE,On-Going
REGION VIII,SAMAR (WESTERN SAMAR),CALBAYOG CITY,Res,MALE,On-Going
REGION VIII,SAMAR (WESTERN SAMAR),CALBAYOG CITY,Res,FEMALE,On-Going
REGION VIII,SAMAR (WESTERN SAMAR),CALBAYOG CITY,Com,MALE,On-Going
REGION VIII,SAMAR (WESTERN SAMAR),CALBAYOG CITY,Res,FEMALE,On-Going
REGION VIII,SAMAR (WESTERN SAMAR),CALBAYOG CITY,Ind,MALE,On-Going
REGION VIII,SAMAR (WESTERN SAMAR),CALBAYOG CITY,Res,MALE,Completed
REGION VIII,SAMAR (WESTERN SAMAR),CALBAYOG CITY,Res,MALE,On-Going
REGION VIII,SAMAR (WESTERN SAMAR),CALBAYOG CITY,Com,FEMALE,Cancelled
REGION VIII,SAMAR (WESTERN SAMAR),CALBAYOG CITY,Res,FEMALE,Completed
REGION VIII,SAMAR (WESTERN SAMAR),CALBAYOG CITY,Res,FEMALE,On-Going
REGION VIII,SAMAR (WESTERN SAMAR),CALBAYOG CITY,Res,MALE,On-Going
REGION VIII,SAMAR (WESTERN SAMAR),CALBAYOG CITY,Res,MALE,On-Going
REGION VIII,SAMAR (WESTERN SAMAR),CALBAYOG CITY,Res,FEMALE,On-Going
REGION VIII,SAMAR (WESTERN SAMAR),CALBAYOG CITY,Res,FEMALE,On-Going
REGION VIII,SAMAR (WESTERN SAMAR),CALBAYOG CITY,Res,FEMALE,Completed
REGION VIII,SAMAR (WESTERN SAMAR),CALBAYOG CITY,Res,MALE,Completed
REGION VIII,SAMAR (WESTERN SAMAR),CALBAYOG CITY,Res,MALE,On-Going
REGION VIII,SAMAR (WESTERN SAMAR),CALBAYOG CITY,Res,FEMALE,On-Going
REGION VIII,SAMAR (WESTERN SAMAR),CALBAYOG CITY,Res,FEMALE,On-Going
REGION VIII,SAMAR (WESTERN SAMAR),CALBAYOG CITY,Res,MALE,On-Going
REGION VIII,SAMAR (WESTERN SAMAR),CALBAYOG CITY,Res,MALE,Cancelled
REGION VIII,SAMAR (WESTERN SAMAR),CALBAYOG CITY,Res,FEMALE,On-Going
REGION VIII,SAMAR (WESTERN SAMAR),CALBAYOG CITY,Res,FEMALE,On-Going
REGION VIII,SAMAR (WESTERN SAMAR),CALBAYOG CITY,Res,FEMALE,On-Going
REGION VIII,SAMAR (WESTERN SAMAR),CALBAYOG CITY,Res,FEMALE,Completed
REGION VIII,SAMAR (WESTERN SAMAR),CALBAYOG CITY,Res,FEMALE,On-Going
REGION VIII,SAMAR (WESTERN SAMAR),CALBAYOG CITY,Res,FEMALE,On-Going
REGION VIII,SAMAR (WESTERN SAMAR),CALBAYOG CITY,Res,MALE,On-Going
REGION VIII,SAMAR (WESTERN SAMAR),CALBAYOG CITY,Res,FEMALE,On-Going
REGION VIII,SAMAR (WESTERN SAMAR),CALBAYOG CITY,Ind,MALE,On-Going
REGION VIII,SAMAR (WESTERN SAMAR),CALBAYOG CITY,Res,MALE,On-Going
REGION VIII,SAMAR (WESTERN SAMAR),CALBAYOG CITY,Res,FEMALE,On-Going
REGION VIII,SAMAR (WESTERN SAMAR),CALBAYOG CITY,Ind,MALE,On-Going
REGION VIII,SAMAR (WESTERN SAMAR),CALBAYOG CITY,Res,FEMALE,On-Going
REGION VIII,SAMAR (WESTERN SAMAR),CALBAYOG CITY,Res,FEMALE,Pending
REGION VIII,SAMAR (WESTERN SAMAR),CALBAYOG CITY,Res,MALE,On-Going
REGION VIII,SAMAR (WESTERN SAMAR),CALBAYOG CITY,Res,FEMALE,On-Going
REGION XI,DAVAO DE ORO (COMPOSTELA VALLEY),MABINI (DOÑA ALICIA),Res,MALE,On-Going
REGION XI,DAVAO DE ORO (COMPOSTELA VALLEY),MABINI (DOÑA ALICIA),Ind,FEMALE,On-Going
REGION XI,DAVAO DE ORO (COMPOSTELA VALLEY),MABINI (DOÑA ALICIA),Res,MALE,On-Going
REGION XI,DAVAO DE ORO (COMPOSTELA VALLEY),MABINI (DOÑA ALICIA),Com,MALE,On-Going
REGION XI,DAVAO DE ORO (COMPOSTELA VALLEY),MABINI (DOÑA ALICIA),Res,MALE,Completed
REGION XI,DAVAO DE ORO (COMPOSTELA VALLEY),MABINI (DOÑA ALICIA),Res,FEMALE,Pending
REGION XI,DAVAO DE ORO (COMPOSTELA VALLEY),MABINI (DOÑA ALICIA),Res,FEMALE,Cancelled
REGION XI,DAVAO DE ORO (COMPOSTELA VALLEY),MABINI (DOÑA ALICIA),Res,FEMALE,On-Going
REGION XI,DAVAO DE ORO (COMPOSTELA VALLEY),MABINI (DOÑA ALICIA),Ind,FEMALE,Completed
REGION XI,DAVAO DE ORO (COMPOSTELA VALLEY),MABINI (DOÑA ALICIA),Res,MALE,Pending
REGION XI,DAVAO DE ORO (COMPOSTELA VALLEY),MABINI (DOÑA ALICIA),Res,FEMALE,On-Going
REGION XI,DAVAO DE ORO (COMPOSTELA VALLEY),MABINI (DOÑA ALICIA),Res,FEMALE,On-Going
REGION XI,DAVAO DE ORO (COMPOSTELA VALLEY),MABINI (DOÑA ALICIA),Ind,MALE,Completed
REGION XI,DAVAO DE ORO (COMPOSTELA VALLEY),MABINI (DOÑA ALICIA),Res,FEMALE,On-Going
REGION XI,DAVAO DE ORO (COMPOSTELA VALLEY),MABINI (DOÑA ALICIA),Res,FEMALE,Pending
REGION XI,DAVAO DE ORO (COMPOSTELA VALLEY),MABINI (DOÑA ALICIA),Res,FEMALE,On-Going
REGION XI,DAVAO DE ORO (COMPOSTELA VALLEY),MABINI (DOÑA ALICIA),Res,FEMALE,On-Going
REGION XI,DAVAO DE ORO (COMPOSTELA VALLEY),MABINI (DOÑA ALICIA),Res,MALE,Pending
REGION XI,DAVAO DE ORO (COMPOSTELA VALLEY),MABINI (DOÑA ALICIA),Res,MALE,Completed
REGION XI,DAVAO DE ORO (COMPOSTELA VALLEY),MABINI (DOÑA ALICIA),Res,FEMALE,On-Going
REGION IV-B,OCCIDENTAL MINDORO,LOOC,Res,FEMALE,Completed
REGION IV-B,OCCIDENTAL MINDORO,LOOC,Res,MALE,On-Going
REGION IV-B,OCCIDENTAL MINDORO,LOOC,Res,FEMALE,Pending
REGION IV-B,OCCIDENTAL MINDORO,LOOC,Com,FEMALE,On-Going
REGION IV-B,OCCIDENTAL MINDORO,LOOC,Res,FEMALE,On-Going
REGION IV-B,OCCIDENTAL MINDORO,LOOC,Res,MALE,On-Going
REGION IV-B,OCCIDENTAL MINDORO,LOOC,Ind,FEMALE,On-Going
REGION IV-B,OCCIDENTAL MINDORO,LOOC,Res,MALE,On-Going
REGION IV-B,OCCIDENTAL MINDORO,LOOC,Ind,MALE,On-Going
REGION IV-B,OCCIDENTAL MINDORO,LOOC,Res,MALE,On-Going
REGION IV-B,OCCIDENTAL MINDORO,LOOC,Com,MALE,On-Going
REGION IV-B,OCCIDENTAL MINDORO,LOOC,Res,MALE,Cancelled
REGION IV-B,OCCIDENTAL MINDORO,LOOC,Res,MALE,On-Going
REGION IV-B,OCCIDENTAL MINDORO,LOOC,Res,FEMALE,Cancelled
REGION IV-B,OCCIDENTAL MINDORO,LOOC,Res,MALE,On-Going
REGION IV-B,OCCIDENTAL MINDORO,LOOC,Res,MALE,Completed
REGION IV-B,OCCIDENTAL MINDORO,LOOC,Res,MALE,On-Going
REGION IV-B,OCCIDENTAL MINDORO,LOOC,Res,MALE,On-Going
REGION IV-B,OCCIDENTAL MINDORO,LOOC,Res,MALE,Completed
REGION IV-B,OCCIDENTAL MINDORO,LOOC,Res,FEMALE,On-Going
REGION IV-B,OCCIDENTAL MINDORO,LOOC,Res,FEMALE,On-Going
REGION IV-B,OCCIDENTAL MINDORO,LOOC,Res,MALE,On-Going
REGION IV-B,OCCIDENTAL MINDORO,LOOC,Res,MALE,Completed
REGION IV-B,OCCIDENTAL MINDORO,LOOC,Res,FEMALE,On-Going
REGION IV-B,OCCIDENTAL MINDORO,LOOC,Res,MALE,On-Going
REGION IV-B,OCCIDENTAL MINDORO,LOOC,Ind,FEMALE,On-Going
REGION IV-B,OCCIDENTAL MINDORO,LOOC,Res,MALE,On-Going
REGION IV-B,OCCIDENTAL MINDORO,LOOC,Res,FEMALE,Completed
REGION IV-B,OCCIDENTAL MINDORO,LOOC,Res,FEMALE,On-Going
REGION IV-B,OCCIDENTAL MINDORO,LOOC,Res,FEMALE,On-Going
REGION IV-B,OCCIDENTAL MINDORO,LOOC,Res,MALE,On-Going
REGION IV-B,OCCIDENTAL MINDORO,LOOC,Res,FEMALE,On-Going
REGION IV-B,OCCIDENTAL MINDORO,LOOC,Com,MALE,Pending
REGION IV-B,OCCIDENTAL MINDORO,LOOC,Res,FEMALE,Completed
BARMM,MAGUINDANAO DEL NORTE,NORTHERN KABUNTALAN,Com,MALE,On-Going
BARMM,MAGUINDANAO DEL NORTE,NORTHERN KABUNTALAN,Com,FEMALE,On-Going
BARMM,MAGUINDANAO DEL NORTE,NORTHERN KABUNTALAN,Res,MALE,On-Going
BARMM,MAGUINDANAO DEL NORTE,NORTHERN KABUNTALAN,Res,MALE,On-Going
BARMM,MAGUINDANAO DEL NORTE,NORTHERN KABUNTALAN,Ind,FEMALE,On-Going
BARMM,MAGUINDANAO DEL NORTE,NORTHERN KABUNTALAN,Res,MALE,On-Going
BARMM,MAGUINDANAO DEL NORTE,NORTHERN KABUNTALAN,Res,MALE,On-Going
BARMM,MAGUINDANAO DEL NORTE,NORTHERN KABUNTALAN,Res,FEMALE,On-Going
BARMM,MAGUINDANAO DEL NORTE,NORTHERN KABUNTALAN,Res,FEMALE,Pending
BARMM,MAGUINDANAO DEL NORTE,NORTHERN KABUNTALAN,Res,MALE,On-Going
BARMM,MAGUINDANAO DEL NORTE,NORTHERN KABUNTALAN,Res,MALE,On-Going
BARMM,MAGUINDANAO DEL NORTE,NORTHERN KABUNTALAN,Ind,FEMALE,On-Going
BARMM,MAGUINDANAO DEL NORTE,NORTHERN KABUNTALAN,Res,FEMALE,Cancelled
BARMM,MAGUINDANAO DEL NORTE,NORTHERN KABUNTALAN,Res,FEMALE,Completed
BARMM,MAGUINDANAO DEL NORTE,NORTHERN KABUNTALAN,Res,MALE,On-Going
BARMM,MAGUINDANAO DEL NORTE,NORTHERN KABUNTALAN,Res,MALE,On-Going
BARMM,MAGUINDANAO DEL NORTE,NORTHERN KABUNTALAN,Ind,MALE,Cancelled
BARMM,MAGUINDANAO DEL NORTE,NORTHERN KABUNTALAN,Res,FEMALE,On-Going
BARMM,MAGUINDANAO DEL NORTE,NORTHERN KABUNTALAN,Res,FEMALE,On-Going
BARMM,MAGUINDANAO DEL NORTE,NORTHERN KABUNTALAN,Res,FEMALE,On-Going
BARMM,MAGUINDANAO DEL NORTE,NORTHERN KABUNTALAN,Res,FEMALE,On-Going
BARMM,MAGUINDANAO DEL NORTE,NORTHERN KABUNTALAN,Res,MALE,On-Going
BARMM,MAGUINDANAO DEL NORTE,NORTHERN KABUNTALAN,Com,MALE,On-Going
BARMM,MAGUINDANAO DEL NORTE,NORTHERN KABUNTALAN,Res,MALE,On-Going
BARMM,MAGUINDANAO DEL NORTE,NORTHERN KABUNTALAN,Res,FEMALE,On-Going
BARMM,MAGUINDANAO DEL NORTE,NORTHERN KABUNTALAN,Res,FEMALE,On-Going
BARMM,MAGUINDANAO DEL NORTE,NORTHERN KABUNTALAN,Res,FEMALE,On-Going
BARMM,MAGUINDANAO DEL NORTE,NORTHERN KABUNTALAN,Ind,FEMALE,On-Going
BARMM,MAGUINDANAO DEL NORTE,NORTHERN KABUNTALAN,Ind,MALE,Completed
BARMM,MAGUINDANAO DEL NORTE,NORTHERN KABUNTALAN,Com,FEMALE,Completed
BARMM,MAGUINDANAO DEL NORTE,NORTHERN KABUNTALAN,Res,FEMALE,Completed
REGION IV-B,ROMBLON,CORCUERA,Res,MALE,Pending
REGION IV-B,ROMBLON,CORCUERA,Res,FEMALE,On-Going
REGION IV-B,ROMBLON,CORCUERA,Res,MALE,On-Going
REGION IV-B,ROMBLON,CORCUERA,Res,MALE,On-Going
REGION IV-B,ROMBLON,CORCUERA,Res,MALE,Completed
REGION IV-B,ROMBLON,CORCUERA,Ind,MALE,Pending
REGION IV-B,ROMBLON,CORCUERA,Res,FEMALE,On-Going
REGION IV-B,ROMBLON,CORCUERA,Ind,FEMALE,Cancelled
REGION IV-B,ROMBLON,CORCUERA,Res,MALE,On-Going
REGION IV-B,ROMBLON,CORCUERA,Res,MALE,Completed
REGION IV-B,ROMBLON,CORCUERA,Ind,FEMALE,On-Going
REGION IV-B,ROMBLON,CORCUERA,Res,FEMALE,Completed
REGION IV-B,ROMBLON,CORCUERA,Res,MALE,Completed
REGION IV-B,ROMBLON,CORCUERA,Ind,FEMALE,Pending
REGION IV-B,ROMBLON,CORCUERA,Res,FEMALE,On-Going
REGION IV-B,ROMBLON,CORCUERA,Res,FEMALE,On-Going
REGION IV-B,ROMBLON,CORCUERA,Res,FEMALE,On-Going
REGION IV-B,ROMBLON,CORCUERA,Res,MALE,On-Going
REGION IV-B,ROMBLON,CORCUERA,Res,MALE,On-Going
REGION IV-B,ROMBLON,CORCUERA,Res,MALE,On-Going
REGION IV-B,ROMBLON,CORCUERA,Res,MALE,Pending
REGION IV-B,ROMBLON,CORCUERA,Res,MALE,On-Going
REGION IV-B,ROMBLON,CORCUERA,Res,FEMALE,Completed
REGION IV-B,ROMBLON,CORCUERA,Ind,FEMALE,On-Going
REGION IV-B,ROMBLON,CORCUERA,Res,MALE,On-Going
REGION IV-B,ROMBLON,CORCUERA,Res,MALE,On-Going
REGION IV-B,ROMBLON,CORCUERA,Res,FEMALE,On-Going
REGION IV-B,ROMBLON,CORCUERA,Res,FEMALE,On-Going
REGION IV-B,ROMBLON,CORCUERA,Res,MALE,On-Going
REGION IV-B,ROMBLON,CORCUERA,Res,MALE,On-Going
REGION IV-B,ROMBLON,CORCUERA,Com,MALE,On-Going
REGION IV-B,ROMBLON,CORCUERA,Res,MALE,On-Going
REGION IV-B,ROMBLON,CORCUERA,Ind,MALE,On-Going
REGION IV-B,ROMBLON,CORCUERA,Res,FEMALE,On-Going
REGION IV-B,ROMBLON,CORCUERA,Res,MALE,On-Going
REGION VII,CEBU,ALCOY,Res,FEMALE,On-Going
REGION VII,CEBU,ALCOY,Res,FEMALE,On-Going
REGION VII,CEBU,ALCOY,Res,FEMALE,Completed
REGION VII,CEBU,ALCOY,Res,MALE,On-Going
REGION VII,CEBU,ALCOY,Res,FEMALE,Completed
REGION VII,CEBU,ALCOY,Res,MALE,Cancelled
REGION VII,CEBU,ALCOY,Res,MALE,On-Going
REGION VII,CEBU,ALCOY,Res,MALE,Pending
REGION VII,CEBU,ALCOY,Res,MALE,On-Going
REGION VII,CEBU,ALCOY,Res,FEMALE,Completed
REGION VII,CEBU,ALCOY,Res,FEMALE,On-Going
REGION VII,CEBU,ALCOY,Res,FEMALE,On-Going
REGION VII,CEBU,ALCOY,Res,FEMALE,On-Going
REGION IV-B,ORIENTAL MINDORO,MANSALAY,Res,MALE,Cancelled
REGION IV-B,ORIENTAL MINDORO,MANSALAY,Com,FEMALE,On-Going
REGION IV-B,ORIENTAL MINDORO,MANSALAY,Ind,MALE,On-Going
REGION IV-B,ORIENTAL MINDORO,MANSALAY,Ind,MALE,On-Going
REGION IV-B,ORIENTAL MINDORO,MANSALAY,Res,FEMALE,On-Going
REGION IV-B,ORIENTAL MINDORO,MANSALAY,Res,FEMALE,On-Going
REGION IV-B,ORIENTAL MINDORO,MANSALAY,Res,FEMALE,On-Going
REGION IV-B,ORIENTAL MINDORO,MANSALAY,Res,MALE,Cancelled
REGION IV-B,ORIENTAL MINDORO,MANSALAY,Res,MALE,On-Going
REGION IV-B,ORIENTAL MINDORO,MANSALAY,Res,MALE,Completed
REGION IV-B,ORIENTAL MINDORO,MANSALAY,Res,MALE,On-Going
REGION IV-B,ORIENTAL MINDORO,MANSALAY,Res,FEMALE,Completed
REGION IV-B,ORIENTAL MINDORO,MANSALAY,Res,FEMALE,Completed
REGION IV-B,ORIENTAL MINDORO,MANSALAY,Res,FEMALE,On-Going
REGION IV-B,ORIENTAL MINDORO,MANSALAY,Res,MALE,Completed
REGION IV-B,ORIENTAL MINDORO,MANSALAY,Com,FEMALE,On-Going
REGION IV-B,ORIENTAL MINDORO,MANSALAY,Res,MALE,On-Going
REGION IV-B,ORIENTAL MINDORO,MANSALAY,Res,FEMALE,Completed
REGION IV-B,ORIENTAL MINDORO,MANSALAY,Res,FEMALE,Pending
REGION IV-B,ORIENTAL MINDORO,MANSALAY,Res,FEMALE,On-Going
REGION IV-B,ORIENTAL MINDORO,MANSALAY,Res,MALE,On-Going
REGION IV-B,ORIENTAL MINDORO,MANSALAY,Ind,FEMALE,Pending
REGION IV-B,ORIENTAL MINDORO,MANSALAY,Res,FEMALE,On-Going
REGION IV-B,ORIENTAL MINDORO,MANSALAY,Res,MALE,On-Going
REGION IV-B,ORIENTAL MINDORO,MANSALAY,Com,MALE,On-Going
REGION IV-B,ORIENTAL MINDORO,MANSALAY,Res,FEMALE,Completed
REGION IV-B,ORIENTAL MINDORO,MANSALAY,Res,FEMALE,On-Going
REGION IV-B,ORIENTAL MINDORO,MANSALAY,Res,FEMALE,On-Going
REGION IV-B,ORIENTAL MINDORO,MANSALAY,Res,MALE,On-Going
REGION IV-B,ORIENTAL MINDORO,MANSALAY,Ind,FEMALE,On-Going
REGION IV-B,ORIENTAL MINDORO,MANSALAY,Res,MALE,On-Going
REGION IV-B,ORIENTAL MINDORO,MANSALAY,Res,MALE,On-Going
REGION IV-B,ORIENTAL MINDORO,MANSALAY,Res,MALE,Completed
REGION IV-B,ORIENTAL MINDORO,MANSALAY,Res,MALE,On-Going
REGION IV-B,ORIENTAL MINDORO,MANSALAY,Res,FEMALE,Cancelled
REGION IV-B,ORIENTAL MINDORO,MANSALAY,Res,FEMALE,On-Going
REGION IV-B,ORIENTAL MINDORO,MANSALAY,Com,MALE,Completed
REGION IV-B,ORIENTAL MINDORO,MANSALAY,Res,FEMALE,On-Going
REGION IV-B,ORIENTAL MINDORO,MANSALAY,Com,FEMALE,On-Going
REGION IV-B,ORIENTAL MINDORO,MANSALAY,Res,MALE,On-Going
REGION V,MASBATE,BALUD,Res,MALE,On-Going
REGION V,MASBATE,BALUD,Com,MALE,On-Going
REGION V,MASBATE,BALUD,Res,MALE,On-Going
REGION V,MASBATE,BALUD,Res,FEMALE,Completed
REGION V,MASBATE,BALUD,Res,MALE,On-Going
REGION V,MASBATE,BALUD,Res,FEMALE,On-Going
REGION V,MASBATE,BALUD,Res,MALE,Completed
REGION V,MASBATE,BALUD,Res,FEMALE,Completed
REGION V,MASBATE,BALUD,Res,FEMALE,On-Going
REGION V,MASBATE,BALUD,Res,MALE,Pending
REGION V,MASBATE,BALUD,Res,FEMALE,Completed
REGION V,CAMARINES SUR,OCAMPO,Com,FEMALE,Completed
REGION V,CAMARINES SUR,OCAMPO,Res,FEMALE,On-Going
REGION V,CAMARINES SUR,OCAMPO,Res,FEMALE,On-Going
REGION V,CAMARINES SUR,OCAMPO,Res,MALE,On-Going
REGION V,CAMARINES SUR,OCAMPO,Res,MALE,On-Going
REGION V,CAMARINES SUR,OCAMPO,Res,FEMALE,Completed
REGION V,CAMARINES SUR,OCAMPO,Res,MALE,On-Going
REGION V,CAMARINES SUR,OCAMPO,Com,MALE,Completed
REGION V,CAMARINES SUR,OCAMPO,Res,MALE,On-Going
REGION V,CAMARINES SUR,OCAMPO,Res,MALE,On-Going
REGION V,CAMARINES SUR,OCAMPO,Com,FEMALE,Completed
REGION V,CAMARINES SUR,OCAMPO,Com,MALE,On-Going
REGION V,CAMARINES SUR,OCAMPO,Res,MALE,On-Going
REGION V,CAMARINES SUR,OCAMPO,Com,MALE,Completed
REGION V,CAMARINES SUR,OCAMPO,Res,FEMALE,Completed
REGION V,CAMARINES SUR,OCAMPO,Res,MALE,On-Going
REGION V,CAMARINES SUR,OCAMPO,Res,FEMALE,On-Going
REGION V,CAMARINES SUR,OCAMPO,Res,FEMALE,On-Going
REGION V,CAMARINES SUR,OCAMPO,Ind,MALE,On-Going
REGION V,CAMARINES SUR,OCAMPO,Res,MALE,On-Going
REGION V,CAMARINES SUR,OCAMPO,Res,MALE,On-Going
REGION V,CAMARINES SUR,OCAMPO,Res,MALE,On-Going
REGION V,CAMARINES SUR,OCAMPO,Res,MALE,Pending
REGION V,CAMARINES SUR,OCAMPO,Ind,MALE,On-Going
REGION V,CAMARINES SUR,OCAMPO,Res,FEMALE,On-Going
REGION V,CAMARINES SUR,OCAMPO,Res,MALE,Completed
REGION V,CAMARINES SUR,OCAMPO,Res,FEMALE,On-Going
REGION V,CAMARINES SUR,OCAMPO,Ind,FEMALE,Completed
REGION V,CAMARINES SUR,OCAMPO,Res,MALE,On-Going
REGION V,CAMARINES SUR,OCAMPO,Com,MALE,On-Going
REGION V,CAMARINES SUR,OCAMPO,Res,FEMALE,Completed
REGION V,CAMARINES SUR,OCAMPO,Res,MALE,Completed
REGION V,CAMARINES SUR,OCAMPO,Ind,FEMALE,On-Going
REGION V,CAMARINES SUR,OCAMPO,Ind,FEMALE,Completed
REGION V,CAMARINES SUR,OCAMPO,Res,FEMALE,On-Going
REGION V,CAMARINES SUR,OCAMPO,Res,FEMALE,On-Going
REGION V,CAMARINES SUR,OCAMPO,Res,FEMALE,On-Going
REGION V,CAMARINES SUR,OCAMPO,Res,MALE,On-Going
REGION V,CAMARINES SUR,OCAMPO,Res,FEMALE,On-Going
REGION V,CAMARINES SUR,OCAMPO,Res,FEMALE,On-Going
REGION V,CAMARINES SUR,OCAMPO,Res,FEMALE,Completed
REGION V,CAMARINES SUR,OCAMPO,Res,FEMALE,Completed
REGION V,CAMARINES SUR,OCAMPO,Res,FEMALE,On-Going
REGION V,CAMARINES SUR,OCAMPO,Res,FEMALE,On-Going
REGION V,CAMARINES SUR,OCAMPO,Res,MALE,On-Going
REGION V,ALBAY,JOVELLAR,Res,MALE,Completed
REGION V,ALBAY,JOVELLAR,Com,FEMALE,Completed
REGION V,ALBAY,JOVELLAR,Ind,MALE,On-Going
REGION V,ALBAY,JOVELLAR,Res,MALE,Completed
REGION V,ALBAY,JOVELLAR,Res,MALE,On-Going
REGION V,ALBAY,JOVELLAR,Res,FEMALE,Completed
REGION V,ALBAY,JOVELLAR,Res,MALE,On-Going
REGION V,ALBAY,JOVELLAR,Res,MALE,On-Going
REGION V,ALBAY,JOVELLAR,Res,MALE,On-Going
REGION V,ALBAY,JOVELLAR,Res,MALE,On-Going
REGION V,ALBAY,JOVELLAR,Res,MALE,On-Going
REGION V,ALBAY,JOVELLAR,Res,MALE,On-Going
REGION V,ALBAY,JOVELLAR,Com,FEMALE,On-Going
REGION V,ALBAY,JOVELLAR,Res,MALE,On-Going
REGION V,ALBAY,JOVELLAR,Res,FEMALE,On-Going
REGION V,ALBAY,JOVELLAR,Res,MALE,Cancelled
REGION V,ALBAY,JOVELLAR,Res,MALE,Completed
REGION V,ALBAY,JOVELLAR,Res,FEMALE,On-Going
REGION V,ALBAY,JOVELLAR,Ind,FEMALE,On-Going
REGION V,ALBAY,JOVELLAR,Ind,FEMALE,Completed
REGION V,ALBAY,JOVELLAR,Res,FEMALE,On-Going
REGION V,ALBAY,JOVELLAR,Ind,FEMALE,On-Going
BARMM,SULU,PATIKUL,Res,MALE,Cancelled
BARMM,SULU,PATIKUL,Res,MALE,On-Going
BARMM,SULU,PATIKUL,Ind,FEMALE,On-Going
BARMM,SULU,PATIKUL,Res,MALE,On-Going
BARMM,SULU,PATIKUL,Res,MALE,Completed
BARMM,SULU,PATIKUL,Res,FEMALE,Pending
BARMM,SULU,PATIKUL,Com,MALE,On-Going
BARMM,SULU,PATIKUL,Res,FEMALE,Completed
BARMM,SULU,PATIKUL,Res,FEMALE,On-Going
BARMM,SULU,PATIKUL,Res,FEMALE,On-Going
BARMM,SULU,PATIKUL,Com,FEMALE,On-Going
BARMM,SULU,PATIKUL,Com,MALE,On-Going
BARMM,SULU,PATIKUL,Res,MALE,On-Going
BARMM,SULU,PATIKUL,Res,MALE,On-Going
REGION IX,ZAMBOANGA DEL NORTE,JOSE DALMAN (PONOT),Res,FEMALE,On-Going
REGION IX,ZAMBOANGA DEL NORTE,JOSE DALMAN (PONOT),Res,MALE,On-Going
REGION IX,ZAMBOANGA DEL NORTE,JOSE DALMAN (PONOT),Res,MALE,On-Going
REGION IX,ZAMBOANGA DEL NORTE,JOSE DALMAN (PONOT),Res,FEMALE,Cancelled
REGION IX,ZAMBOANGA DEL NORTE,JOSE DALMAN (PONOT),Res,MALE,On-Going
REGION IX,ZAMBOANGA DEL NORTE,JOSE DALMAN (PONOT),Com,MALE,On-Going
REGION IX,ZAMBOANGA DEL NORTE,JOSE DALMAN (PONOT),Res,MALE,On-Going
REGION IX,ZAMBOANGA DEL NORTE,JOSE DALMAN (PONOT),Com,MALE,On-Going
REGION VII,NEGROS ORIENTAL,MANJUYOD,Res,MALE,Completed
REGION VII,NEGROS ORIENTAL,MANJUYOD,Res,FEMALE,On-Going
REGION VII,NEGROS ORIENTAL,MANJUYOD,Res,FEMALE,On-Going
REGION VII,NEGROS ORIENTAL,MANJUYOD,Res,FEMALE,On-Going
REGION VII,NEGROS ORIENTAL,MANJUYOD,Res,MALE,On-Going
REGION VII,NEGROS ORIENTAL,MANJUYOD,Res,MALE,On-Going
REGION VII,NEGROS ORIENTAL,MANJUYOD,Res,FEMALE,On-Going
REGION VII,NEGROS ORIENTAL,MANJUYOD,Res,FEMALE,On-Going
REGION VII,NEGROS ORIENTAL,MANJUYOD,Ind,FEMALE,Completed
REGION VII,NEGROS ORIENTAL,MANJUYOD,Res,FEMALE,On-Going
BARMM,TAWI-TAWI,SITANGKAI,Res,FEMALE,On-Going
BARMM,TAWI-TAWI,SITANGKAI,Res,FEMALE,Completed
BARMM,TAWI-TAWI,SITANGKAI,Res,FEMALE,Completed
BARMM,TAWI-TAWI,SITANGKAI,Res,MALE,Completed
BARMM,TAWI-TAWI,SITANGKAI,Res,FEMALE,On-Going
BARMM,TAWI-TAWI,SITANGKAI,Res,FEMALE,Pending
BARMM,TAWI-TAWI,SITANGKAI,Com,MALE,On-Going
BARMM,TAWI-TAWI,SITANGKAI,Com,FEMALE,On-Going
BARMM,TAWI-TAWI,SITANGKAI,Com,FEMALE,Completed
BARMM,TAWI-TAWI,SITANGKAI,Res,MALE,On-Going
BARMM,TAWI-TAWI,SITANGKAI,Ind,FEMALE,On-Going
BARMM,TAWI-TAWI,SITANGKAI,Res,MALE,Completed
BARMM,TAWI-TAWI,SITANGKAI,Ind,FEMALE,On-Going
BARMM,TAWI-TAWI,SITANGKAI,Res,FEMALE,On-Going
BARMM,TAWI-TAWI,SITANGKAI,Res,FEMALE,On-Going
BARMM,TAWI-TAWI,SITANGKAI,Com,MALE,Completed
BARMM,TAWI-TAWI,SITANGKAI,Res,FEMALE,Completed
BARMM,TAWI-TAWI,SITANGKAI,Ind,MALE,On-Going
BARMM,TAWI-TAWI,SITANGKAI,Res,FEMALE,Completed
BARMM,TAWI-TAWI,SITANGKAI,Res,FEMALE,On-Going
BARMM,TAWI-TAWI,SITANGKAI,Res,MALE,On-Going
BARMM,TAWI-TAWI,SITANGKAI,Res,FEMALE,On-Going
BARMM,TAWI-TAWI,SITANGKAI,Com,MALE,Cancelled
REGION VI,ANTIQUE,CALUYA,Res,FEMALE,On-Going
REGION VI,ANTIQUE,CALUYA,Res,MALE,On-Going
REGION VI,ANTIQUE,CALUYA,Com,FEMALE,On-Going
REGION VI,ANTIQUE,CALUYA,Res,MALE,On-Going
REGION VI,ANTIQUE,CALUYA,Res,MALE,On-Going
REGION VI,ANTIQUE,CALUYA,Res,FEMALE,On-Going
REGION VI,ANTIQUE,CALUYA,Res,FEMALE,On-Going
REGION VI,ANTIQUE,CALUYA,Res,MALE,On-Going
REGION VI,ANTIQUE,CALUYA,Res,MALE,On-Going
REGION VI,ANTIQUE,CALUYA,Com,FEMALE,On-Going
REGION VI,ANTIQUE,CALUYA,Res,MALE,On-Going
REGION VI,ANTIQUE,CALUYA,Res,FEMALE,On-Going
REGION VI,ANTIQUE,CALUYA,Res,FEMALE,On-Going
REGION VI,ANTIQUE,CALUYA,Com,FEMALE,On-Going
REGION VI,ANTIQUE,CALUYA,Res,FEMALE,On-Going
REGION VI,ANTIQUE,CALUYA,Res,FEMALE,Completed
REGION VI,ANTIQUE,CALUYA,Res,MALE,On-Going
REGION VI,ANTIQUE,CALUYA,Res,MALE,On-Going
REGION VI,ANTIQUE,CALUYA,Res,MALE,Pending
REGION VI,ANTIQUE,CALUYA,Com,MALE,On-Going
REGION VI,ANTIQUE,CALUYA,Res,MALE,Cancelled
REGION VI,ANTIQUE,CALUYA,Com,FEMALE,Cancelled
REGION VI,ANTIQUE,CALUYA,Res,MALE,Completed
REGION VI,ANTIQUE,CALUYA,Com,MALE,Cancelled
REGION VI,ANTIQUE,CALUYA,Res,FEMALE,On-Going
REGION VI,ANTIQUE,CALUYA,Res,MALE,On-Going
REGION VI,ANTIQUE,CALUYA,Res,MALE,On-Going
REGION VI,ANTIQUE,CALUYA,Res,FEMALE,Pending
REGION VI,ANTIQUE,CALUYA,Ind,FEMALE,On-Going
REGION VI,ANTIQUE,CALUYA,Res,FEMALE,Cancelled
REGION VI,ANTIQUE,CALUYA,Ind,MALE,On-Going
REGION VI,ANTIQUE,CALUYA,Res,FEMALE,On-Going
REGION VI,ANTIQUE,CALUYA,Res,FEMALE,On-Going
REGION VI,ANTIQUE,CALUYA,Com,MALE,Completed
REGION VI,ANTIQUE,CALUYA,Res,FEMALE,On-Going
REGION XIII,SURIGAO DEL NORTE,DAPA,Res,FEMALE,Completed
REGION XIII,SURIGAO DEL NORTE,DAPA,Res,MALE,On-Going
REGION XIII,SURIGAO DEL NORTE,DAPA,Res,MALE,Cancelled
REGION XIII,SURIGAO DEL NORTE,DAPA,Ind,MALE,On-Going
REGION XIII,SURIGAO DEL NORTE,DAPA,Res,MALE,On-Going
REGION XIII,SURIGAO DEL NORTE,DAPA,Res,MALE,On-Going
REGION XIII,SURIGAO DEL NORTE,DAPA,Res,FEMALE,On-Going
REGION XIII,SURIGAO DEL NORTE,DAPA,Res,MALE,On-Going
REGION XIII,SURIGAO DEL NORTE,DAPA,Res,FEMALE,Cancelled
REGION XIII,SURIGAO DEL NORTE,DAPA,Com,MALE,On-Going
REGION XIII,SURIGAO DEL NORTE,DAPA,Res,FEMALE,On-Going
REGION XIII,SURIGAO DEL NORTE,DAPA,Res,MALE,On-Going
REGION XIII,SURIGAO DEL NORTE,DAPA,Com,FEMALE,Completed
REGION XIII,SURIGAO DEL NORTE,DAPA,Res,FEMALE,On-Going
REGION XIII,SURIGAO DEL NORTE,DAPA,Res,FEMALE,Completed
REGION XIII,SURIGAO DEL NORTE,DAPA,Res,FEMALE,Cancelled
REGION XIII,SURIGAO DEL NORTE,DAPA,Res,MALE,On-Going
REGION XIII,SURIGAO DEL NORTE,DAPA,Res,FEMALE,On-Going
REGION XIII,SURIGAO DEL NORTE,DAPA,Res,MALE,On-Going
REGION XIII,SURIGAO DEL NORTE,DAPA,Res,FEMALE,Completed
REGION XIII,SURIGAO DEL NORTE,DAPA,Ind,FEMALE,On-Going
REGION XIII,SURIGAO DEL NORTE,DAPA,Res,MALE,On-Going
REGION XIII,SURIGAO DEL NORTE,DAPA,Res,FEMALE,On-Going
REGION XIII,SURIGAO DEL NORTE,DAPA,Res,FEMALE,Completed
REGION XIII,SURIGAO DEL NORTE,DAPA,Res,FEMALE,On-Going
REGION XIII,SURIGAO DEL NORTE,DAPA,Res,MALE,Pending
REGION XIII,SURIGAO DEL NORTE,DAPA,Res,MALE,Cancelled
REGION XIII,SURIGAO DEL NORTE,DAPA,Res,MALE,On-Going
REGION XIII,SURIGAO DEL NORTE,DAPA,Res,MALE,On-Going
REGION XIII,SURIGAO DEL NORTE,DAPA,Res,MALE,On-Going
REGION XIII,SURIGAO DEL NORTE,DAPA,Res,FEMALE,Completed
REGION XIII,SURIGAO DEL NORTE,DAPA,Res,FEMALE,Completed
REGION XIII,SURIGAO DEL NORTE,DAPA,Res,MALE,On-Going
REGION XIII,SURIGAO DEL NORTE,DAPA,Ind,FEMALE,On-Going
REGION XIII,SURIGAO DEL NORTE,DAPA,Res,MALE,On-Going
REGION XIII,SURIGAO DEL NORTE,DAPA,Res,MALE,On-Going
REGION XIII,SURIGAO DEL NORTE,DAPA,Res,FEMALE,On-Going
REGION XIII,SURIGAO DEL NORTE,DAPA,Res,FEMALE,On-Going
REGION XIII,SURIGAO DEL NORTE,DAPA,Res,MALE,On-Going
REGION XIII,SURIGAO DEL NORTE,DAPA,Res,MALE,Completed
REGION XIII,SURIGAO DEL NORTE,DAPA,Res,FEMALE,On-Going
REGION XIII,SURIGAO DEL NORTE,DAPA,Res,FEMALE,On-Going
REGION XIII,SURIGAO DEL NORTE,DAPA,Com,MALE,On-Going
REGION XIII,SURIGAO DEL NORTE,DAPA,Res,MALE,Completed
REGION XIII,SURIGAO DEL NORTE,DAPA,Res,FEMALE,On-Going
REGION XIII,SURIGAO DEL NORTE,DAPA,Res,FEMALE,On-Going
REGION XIII,SURIGAO DEL NORTE,DAPA,Res,FEMALE,Completed
REGION XIII,SURIGAO DEL NORTE,DAPA,Res,MALE,On-Going
REGION XIII,SURIGAO DEL NORTE,DAPA,Res,FEMALE,On-Going
BARMM,BASILAN,MALUSO,Com,FEMALE,Cancelled
BARMM,BASILAN,MALUSO,Res,FEMALE,On-Going
BARMM,BASILAN,MALUSO,Ind,FEMALE,On-Going
BARMM,BASILAN,MALUSO,Res,MALE,Pending
BARMM,BASILAN,MALUSO,Res,FEMALE,On-Going
BARMM,BASILAN,MALUSO,Com,MALE,On-Going
BARMM,BASILAN,MALUSO,Res,FEMALE,On-Going
BARMM,BASILAN,MALUSO,Ind,MALE,On-Going
BARMM,BASILAN,MALUSO,Res,FEMALE,On-Going
BARMM,BASILAN,MALUSO,Res,FEMALE,On-Going
BARMM,BASILAN,MALUSO,Com,FEMALE,Cancelled
BARMM,BASILAN,MALUSO,Res,FEMALE,Completed
REGION V,CAMARINES SUR,CALABANGA,Res,MALE,On-Going
REGION V,CAMARINES SUR,CALABANGA,Res,FEMALE,Completed
REGION V,CAMARINES SUR,CALABANGA,Res,FEMALE,On-Going
REGION V,CAMARINES SUR,CALABANGA,Res,FEMALE,On-Going
REGION V,CAMARINES SUR,CALABANGA,Res,MALE,Completed
REGION V,CAMARINES SUR,CALABANGA,Res,MALE,On-Going
REGION V,CAMARINES SUR,CALABANGA,Res,FEMALE,On-Going
REGION V,CAMARINES SUR,CALABANGA,Res,FEMALE,Cancelled
REGION V,CAMARINES SUR,CALABANGA,Res,FEMALE,On-Going
REGION V,CAMARINES SUR,CALABANGA,Res,FEMALE,On-Going
REGION V,CAMARINES SUR,CALABANGA,Res,FEMALE,On-Going
REGION V,CAMARINES SUR,CALABANGA,Res,MALE,On-Going
REGION V,CAMARINES SUR,CALABANGA,Res,MALE,On-Going
REGION V,CAMARINES SUR,CALABANGA,Ind,FEMALE,On-Going
REGION XI,DAVAO ORIENTAL,SAN ISIDRO,Res,MALE,Pending
REGION XI,DAVAO ORIENTAL,SAN ISIDRO,Res,FEMALE,Completed
REGION XI,DAVAO ORIENTAL,SAN ISIDRO,Res,FEMALE,On-Going
REGION XI,DAVAO ORIENTAL,SAN ISIDRO,Res,MALE,On-Going
REGION XI,DAVAO ORIENTAL,SAN ISIDRO,Com,FEMALE,Cancelled
REGION XI,DAVAO ORIENTAL,SAN ISIDRO,Res,FEMALE,On-Going
REGION XI,DAVAO ORIENTAL,SAN ISIDRO,Res,MALE,On-Going
REGION XI,DAVAO ORIENTAL,SAN ISIDRO,Res,FEMALE,Completed
REGION XI,DAVAO ORIENTAL,SAN ISIDRO,Res,MALE,Completed
REGION XI,DAVAO ORIENTAL,SAN ISIDRO,Res,MALE,On-Going
REGION XI,DAVAO ORIENTAL,SAN ISIDRO,Res,FEMALE,On-Going
REGION XI,DAVAO ORIENTAL,SAN ISIDRO,Res,FEMALE,On-Going
REGION XI,DAVAO ORIENTAL,SAN ISIDRO,Res,FEMALE,Cancelled
REGION XI,DAVAO ORIENTAL,SAN ISIDRO,Res,MALE,On-Going
REGION XI,DAVAO ORIENTAL,SAN ISIDRO,Res,MALE,On-Going
REGION XI,DAVAO ORIENTAL,SAN ISIDRO,Res,MALE,Completed
REGION XI,DAVAO ORIENTAL,SAN ISIDRO,Res,FEMALE,On-Going
REGION XI,DAVAO ORIENTAL,SAN ISIDRO,Res,MALE,On-Going
REGION XI,DAVAO ORIENTAL,SAN ISIDRO,Res,MALE,Completed
BARMM,SPECIAL GEOGRAPHIC AREA,SPECIAL GEOGRAPHIC AREA - PIKIT I,Res,FEMALE,On-Going
BARMM,SPECIAL GEOGRAPHIC AREA,SPECIAL GEOGRAPHIC AREA - PIKIT I,Ind,FEMALE,On-Going
BARMM,SPECIAL GEOGRAPHIC AREA,SPECIAL GEOGRAPHIC AREA - PIKIT I,Res,FEMALE,On-Going
BARMM,SPECIAL GEOGRAPHIC AREA,SPECIAL GEOGRAPHIC AREA - PIKIT I,Res,FEMALE,On-Going
BARMM,SPECIAL GEOGRAPHIC AREA,SPECIAL GEOGRAPHIC AREA - PIKIT I,Res,MALE,On-Going
BARMM,SPECIAL GEOGRAPHIC AREA,SPECIAL GEOGRAPHIC AREA - PIKIT I,Res,MALE,On-Going
BARMM,SPECIAL GEOGRAPHIC AREA,SPECIAL GEOGRAPHIC AREA - PIKIT I,Res,MALE,Cancelled
BARMM,SPECIAL GEOGRAPHIC AREA,SPECIAL GEOGRAPHIC AREA - PIKIT I,Res,MALE,On-Going
BARMM,SPECIAL GEOGRAPHIC AREA,SPECIAL GEOGRAPHIC AREA - PIKIT I,Ind,MALE,Completed
BARMM,SPECIAL GEOGRAPHIC AREA,SPECIAL GEOGRAPHIC AREA - PIKIT I,Res,MALE,On-Going
BARMM,SPECIAL GEOGRAPHIC AREA,SPECIAL GEOGRAPHIC AREA - PIKIT I,Res,MALE,Pending
BARMM,SPECIAL GEOGRAPHIC AREA,SPECIAL GEOGRAPHIC AREA - PIKIT I,Res,MALE,On-Going
BARMM,SPECIAL GEOGRAPHIC AREA,SPECIAL GEOGRAPHIC AREA - PIKIT I,Ind,FEMALE,Completed
BARMM,SPECIAL GEOGRAPHIC AREA,SPECIAL GEOGRAPHIC AREA - PIKIT I,Res,MALE,On-Going
BARMM,SPECIAL GEOGRAPHIC AREA,SPECIAL GEOGRAPHIC AREA - PIKIT I,Res,MALE,On-Going
BARMM,SPECIAL GEOGRAPHIC AREA,SPECIAL GEOGRAPHIC AREA - PIKIT I,Res,MALE,On-Going
BARMM,SPECIAL GEOGRAPHIC AREA,SPECIAL GEOGRAPHIC AREA - PIKIT I,Ind,FEMALE,On-Going
BARMM,SPECIAL GEOGRAPHIC AREA,SPECIAL GEOGRAPHIC AREA - PIKIT I,Res,FEMALE,On-Going
BARMM,SPECIAL GEOGRAPHIC AREA,SPECIAL GEOGRAPHIC AREA - PIKIT I,Res,MALE,On-Going
BARMM,SPECIAL GEOGRAPHIC AREA,SPECIAL GEOGRAPHIC AREA - PIKIT I,Res,FEMALE,On-Going
BARMM,SPECIAL GEOGRAPHIC AREA,SPECIAL GEOGRAPHIC AREA - PIKIT I,Res,MALE,On-Going
BARMM,SPECIAL GEOGRAPHIC AREA,SPECIAL GEOGRAPHIC AREA - PIKIT I,Res,MALE,On-Going
BARMM,SPECIAL GEOGRAPHIC AREA,SPECIAL GEOGRAPHIC AREA - PIKIT I,Res,FEMALE,Completed
BARMM,SPECIAL GEOGRAPHIC AREA,SPECIAL GEOGRAPHIC AREA - PIKIT I,Res,FEMALE,Completed
BARMM,SPECIAL GEOGRAPHIC AREA,SPECIAL GEOGRAPHIC AREA - PIKIT I,Res,FEMALE,Completed
BARMM,SPECIAL GEOGRAPHIC AREA,SPECIAL GEOGRAPHIC AREA - PIKIT I,Res,FEMALE,On-Going
BARMM,SPECIAL GEOGRAPHIC AREA,SPECIAL GEOGRAPHIC AREA - PIKIT I,Res,FEMALE,Cancelled
BARMM,SPECIAL GEOGRAPHIC AREA,SPECIAL GEOGRAPHIC AREA - PIKIT I,Res,MALE,On-Going
BARMM,SPECIAL GEOGRAPHIC AREA,SPECIAL GEOGRAPHIC AREA - PIKIT I,Res,MALE,On-Going
BARMM,SPECIAL GEOGRAPHIC AREA,SPECIAL GEOGRAPHIC AREA - PIKIT I,Res,MALE,Completed
BARMM,SPECIAL GEOGRAPHIC AREA,SPECIAL GEOGRAPHIC AREA - PIKIT I,Ind,MALE,Completed
BARMM,SPECIAL GEOGRAPHIC AREA,SPECIAL GEOGRAPHIC AREA - PIKIT I,Res,MALE,On-Going
BARMM,SPECIAL GEOGRAPHIC AREA,SPECIAL GEOGRAPHIC AREA - PIKIT I,Res,FEMALE,On-Going
BARMM,SPECIAL GEOGRAPHIC AREA,SPECIAL GEOGRAPHIC AREA - PIKIT I,Res,MALE,On-Going
BARMM,SPECIAL GEOGRAPHIC AREA,SPECIAL GEOGRAPHIC AREA - PIKIT I,Res,MALE,On-Going
BARMM,SPECIAL GEOGRAPHIC AREA,SPECIAL GEOGRAPHIC AREA - PIKIT I,Res,MALE,On-Going
BARMM,SPECIAL GEOGRAPHIC AREA,SPECIAL GEOGRAPHIC AREA - PIKIT I,Res,FEMALE,On-Going
BARMM,SPECIAL GEOGRAPHIC AREA,SPECIAL GEOGRAPHIC AREA - PIKIT I,Res,MALE,On-Going
BARMM,SPECIAL GEOGRAPHIC AREA,SPECIAL GEOGRAPHIC AREA - PIKIT I,Com,MALE,Completed
BARMM,SPECIAL GEOGRAPHIC AREA,SPECIAL GEOGRAPHIC AREA - PIKIT I,Res,FEMALE,On-Going
BARMM,SPECIAL GEOGRAPHIC AREA,SPECIAL GEOGRAPHIC AREA - PIKIT I,Res,FEMALE,On-Going
BARMM,SPECIAL GEOGRAPHIC AREA,SPECIAL GEOGRAPHIC AREA - PIKIT I,Com,FEMALE,On-Going
BARMM,SPECIAL GEOGRAPHIC AREA,SPECIAL GEOGRAPHIC AREA - PIKIT I,Ind,FEMALE,Completed
BARMM,SPECIAL GEOGRAPHIC AREA,SPECIAL GEOGRAPHIC AREA - PIKIT I,Res,FEMALE,On-Going
BARMM,SPECIAL GEOGRAPHIC AREA,SPECIAL GEOGRAPHIC AREA - PIKIT I,Res,MALE,On-Going
BARMM,SPECIAL GEOGRAPHIC AREA,SPECIAL GEOGRAPHIC AREA - PIKIT I,Res,FEMALE,Completed
BARMM,SPECIAL GEOGRAPHIC AREA,SPECIAL GEOGRAPHIC AREA - PIKIT I,Ind,MALE,On-Going
BARMM,SPECIAL GEOGRAPHIC AREA,SPECIAL GEOGRAPHIC AREA - PIKIT I,Res,MALE,On-Going
REGION IV-A,QUEZON,CANDELARIA,Res,FEMALE,Completed
REGION IV-A,QUEZON,CANDELARIA,Res,MALE,On-Going
REGION IV-A,QUEZON,CANDELARIA,Ind,FEMALE,On-Going
REGION IV-A,QUEZON,CANDELARIA,Res,MALE,On-Going
REGION IV-A,QUEZON,CANDELARIA,Res,MALE,On-Going
REGION IV-A,QUEZON,CANDELARIA,Res,FEMALE,Completed
REGION IV-A,QUEZON,CANDELARIA,Res,FEMALE,On-Going
REGION IV-A,QUEZON,CANDELARIA,Ind,FEMALE,On-Going
REGION IV-A,QUEZON,CANDELARIA,Res,FEMALE,On-Going
REGION IV-A,QUEZON,CANDELARIA,Res,FEMALE,On-Going
REGION IV-A,QUEZON,CANDELARIA,Res,MALE,On-Going
REGION IV-A,QUEZON,CANDELARIA,Res,MALE,On-Going
REGION IV-A,QUEZON,CANDELARIA,Res,MALE,Completed
REGION IV-A,QUEZON,CANDELARIA,Res,FEMALE,On-Going
REGION IV-A,QUEZON,CANDELARIA,Res,FEMALE,Completed
REGION IV-A,QUEZON,CANDELARIA,Com,MALE,Completed
REGION IV-A,QUEZON,CANDELARIA,Res,MALE,Completed
REGION IV-A,QUEZON,CANDELARIA,Res,MALE,On-Going
REGION IV-A,QUEZON,CANDELARIA,Res,MALE,On-Going
REGION IV-A,QUEZON,CANDELARIA,Res,MALE,Completed
REGION IV-A,QUEZON,CANDELARIA,Res,FEMALE,Completed
REGION IV-A,QUEZON,CANDELARIA,Res,FEMALE,On-Going
REGION IV-A,QUEZON,CANDELARIA,Res,FEMALE,On-Going
REGION IV-A,QUEZON,CANDELARIA,Res,MALE,Completed
REGION IV-A,QUEZON,CANDELARIA,Res,FEMALE,On-Going
REGION IV-A,QUEZON,CANDELARIA,Res,MALE,On-Going
REGION II,CAGAYAN,ALCALA,Res,FEMALE,On-Going
REGION II,CAGAYAN,ALCALA,Res,FEMALE,On-Going
REGION II,CAGAYAN,ALCALA,Res,MALE,On-Going
REGION II,CAGAYAN,ALCALA,Res,MALE,On-Going
REGION II,CAGAYAN,ALCALA,Res,FEMALE,On-Going
REGION II,CAGAYAN,ALCALA,Res,FEMALE,On-Going
REGION II,CAGAYAN,ALCALA,Ind,FEMALE,On-Going
REGION II,CAGAYAN,ALCALA,Com,MALE,On-Going
REGION II,CAGAYAN,ALCALA,Res,FEMALE,On-Going
REGION II,CAGAYAN,ALCALA,Res,MALE,On-Going
REGION XIII,SURIGAO DEL SUR,SAN AGUSTIN,Res,MALE,On-Going
REGION XIII,SURIGAO DEL SUR,SAN AGUSTIN,Com,FEMALE,On-Going
REGION XIII,SURIGAO DEL SUR,SAN AGUSTIN,Res,FEMALE,On-Going
REGION XIII,SURIGAO DEL SUR,SAN AGUSTIN,Res,MALE,On-Going
REGION XIII,SURIGAO DEL SUR,SAN AGUSTIN,Res,MALE,Pending
REGION XIII,SURIGAO DEL SUR,SAN AGUSTIN,Res,FEMALE,Pending
REGION XIII,SURIGAO DEL SUR,SAN AGUSTIN,Res,FEMALE,Completed
REGION XIII,SURIGAO DEL SUR,SAN AGUSTIN,Ind,FEMALE,On-Going
REGION XIII,SURIGAO DEL SUR,SAN AGUSTIN,Res,MALE,On-Going
REGION XIII,SURIGAO DEL SUR,SAN AGUSTIN,Res,FEMALE,On-Going
REGION XIII,SURIGAO DEL SUR,SAN AGUSTIN,Res,FEMALE,On-Going
REGION XIII,SURIGAO DEL SUR,SAN AGUSTIN,Res,FEMALE,On-Going
REGION XIII,SURIGAO DEL SUR,SAN AGUSTIN,Res,MALE,On-Going
REGION XIII,SURIGAO DEL SUR,SAN AGUSTIN,Res,FEMALE,Pending
REGION XIII,SURIGAO DEL SUR,SAN AGUSTIN,Res,FEMALE,Completed
REGION XIII,SURIGAO DEL SUR,SAN AGUSTIN,Res,MALE,On-Going
REGION XIII,SURIGAO DEL SUR,SAN AGUSTIN,Res,FEMALE,On-Going
REGION XIII,SURIGAO DEL SUR,SAN AGUSTIN,Res,FEMALE,On-Going
REGION XIII,SURIGAO DEL SUR,SAN AGUSTIN,Res,FEMALE,On-Going
REGION XIII,SURIGAO DEL SUR,SAN AGUSTIN,Res,MALE,On-Going
REGION XIII,SURIGAO DEL SUR,SAN AGUSTIN,Com,FEMALE,On-Going
REGION XIII,SURIGAO DEL SUR,SAN AGUSTIN,Res,FEMALE,On-Going
REGION XIII,SURIGAO DEL SUR,SAN AGUSTIN,Res,FEMALE,Pending
REGION XIII,SURIGAO DEL SUR,SAN AGUSTIN,Res,MALE,Completed
REGION XIII,SURIGAO DEL SUR,SAN AGUSTIN,Res,FEMALE,On-Going
REGION XIII,SURIGAO DEL SUR,SAN AGUSTIN,Res,FEMALE,On-Going
REGION XIII,SURIGAO DEL SUR,SAN AGUSTIN,Res,MALE,On-Going
REGION XIII,SURIGAO DEL SUR,SAN AGUSTIN,Res,FEMALE,On-Going
REGION XIII,SURIGAO DEL SUR,SAN AGUSTIN,Res,MALE,On-Going
REGION XIII,SURIGAO DEL SUR,SAN AGUSTIN,Res,MALE,On-Going
REGION XIII,SURIGAO DEL SUR,SAN AGUSTIN,Res,MALE,Pending
REGION XIII,SURIGAO DEL SUR,SAN AGUSTIN,Ind,MALE,Pending
REGION XIII,SURIGAO DEL SUR,SAN AGUSTIN,Res,MALE,On-Going
REGION XIII,SURIGAO DEL SUR,SAN AGUSTIN,Res,FEMALE,Pending
REGION XIII,SURIGAO DEL SUR,SAN AGUSTIN,Ind,FEMALE,On-Going
REGION XIII,SURIGAO DEL SUR,SAN AGUSTIN,Res,FEMALE,On-Going
REGION XIII,SURIGAO DEL SUR,SAN AGUSTIN,Res,FEMALE,On-Going
REGION I,ILOCOS SUR,SUYO,Res,MALE,On-Going
REGION I,ILOCOS SUR,SUYO,Res,MALE,On-Going
REGION I,ILOCOS SUR,SUYO,Com,FEMALE,On-Going
REGION I,ILOCOS SUR,SUYO,Res,FEMALE,On-Going
REGION I,ILOCOS SUR,SUYO,Com,MALE,On-Going
REGION I,ILOCOS SUR,SUYO,Res,MALE,On-Going
REGION I,ILOCOS SUR,SUYO,Res,MALE,On-Going
REGION VI,NEGROS OCCIDENTAL,ILOG,Res,FEMALE,On-Going
REGION VI,NEGROS OCCIDENTAL,ILOG,Res,MALE,On-Going
REGION VI,NEGROS OCCIDENTAL,ILOG,Res,MALE,On-Going
REGION VI,NEGROS OCCIDENTAL,ILOG,Res,FEMALE,Completed
REGION VI,NEGROS OCCIDENTAL,ILOG,Ind,FEMALE,On-Going
REGION VI,NEGROS OCCIDENTAL,ILOG,Com,MALE,On-Going
REGION VI,NEGROS OCCIDENTAL,ILOG,Res,FEMALE,Completed
REGION VI,NEGROS OCCIDENTAL,ILOG,Res,MALE,On-Going
REGION VI,NEGROS OCCIDENTAL,ILOG,Res,MALE,On-Going
REGION II,ISABELA,SAN GUILLERMO,Res,MALE,On-Going
REGION II,ISABELA,SAN GUILLERMO,Res,MALE,Pending
REGION II,ISABELA,SAN GUILLERMO,Res,FEMALE,Cancelled
REGION II,ISABELA,SAN GUILLERMO,Ind,MALE,Cancelled
REGION II,ISABELA,SAN GUILLERMO,Ind,MALE,On-Going
REGION II,ISABELA,SAN GUILLERMO,Res,MALE,Completed
REGION II,ISABELA,SAN GUILLERMO,Ind,FEMALE,Completed
REGION II,ISABELA,SAN GUILLERMO,Res,FEMALE,On-Going
REGION II,ISABELA,SAN GUILLERMO,Res,FEMALE,Cancelled
REGION II,ISABELA,SAN GUILLERMO,Res,FEMALE,On-Going
REGION II,ISABELA,SAN GUILLERMO,Res,MALE,Completed
REGION II,ISABELA,SAN GUILLERMO,Res,FEMALE,Completed
REGION II,ISABELA,SAN GUILLERMO,Res,FEMALE,On-Going
REGION II,ISABELA,SAN GUILLERMO,Res,MALE,On-Going
REGION II,ISABELA,SAN GUILLERMO,Ind,MALE,Completed
REGION II,ISABELA,SAN GUILLERMO,Res,MALE,Completed
REGION II,ISABELA,SAN GUILLERMO,Res,FEMALE,On-Going
REGION II,ISABELA,SAN GUILLERMO,Res,MALE,On-Going
REGION II,ISABELA,SAN GUILLERMO,Res,FEMALE,On-Going
REGION II,ISABELA,SAN GUILLERMO,Com,MALE,On-Going
REGION II,ISABELA,SAN GUILLERMO,Res,FEMALE,On-Going
REGION II,ISABELA,SAN GUILLERMO,Res,MALE,On-Going
REGION II,ISABELA,SAN GUILLERMO,Com,FEMALE,On-Going
REGION II,ISABELA,SAN GUILLERMO,Res,FEMALE,Completed
REGION II,ISABELA,SAN GUILLERMO,Res,FEMALE,Completed
REGION II,ISABELA,SAN GUILLERMO,Ind,FEMALE,On-Going
REGION II,ISABELA,SAN GUILLERMO,Res,MALE,Pending
REGION II,ISABELA,SAN GUILLERMO,Res,MALE,Completed
REGION II,ISABELA,SAN GUILLERMO,Res,MALE,On-Going
REGION II,ISABELA,SAN GUILLERMO,Res,MALE,Completed
REGION II,ISABELA,SAN GUILLERMO,Res,FEMALE,On-Going
REGION II,ISABELA,SAN GUILLERMO,Res,MALE,On-Going
REGION II,ISABELA,SAN GUILLERMO,Ind,FEMALE,On-Going
REGION II,ISABELA,SAN GUILLERMO,Res,MALE,On-Going
REGION II,ISABELA,SAN GUILLERMO,Res,MALE,On-Going
REGION II,ISABELA,SAN GUILLERMO,Res,MALE,Cancelled
REGION II,ISABELA,SAN GUILLERMO,Res,MALE,On-Going
REGION II,ISABELA,SAN GUILLERMO,Res,MALE,On-Going
REGION II,ISABELA,SAN GUILLERMO,Res,FEMALE,On-Going
REGION II,ISABELA,SAN GUILLERMO,Res,MALE,Completed
REGION II,ISABELA,SAN GUILLERMO,Res,MALE,On-Going
REGION II,ISABELA,SAN GUILLERMO,Res,MALE,On-Going
REGION II,ISABELA,SAN GUILLERMO,Res,MALE,Cancelled
REGION VII,BOHOL,CLARIN,Res,FEMALE,On-Going
REGION VII,BOHOL,CLARIN,Res,MALE,On-Going
REGION VII,BOHOL,CLARIN,Ind,FEMALE,Completed
REGION VII,BOHOL,CLARIN,Res,FEMALE,Completed
REGION VII,BOHOL,CLARIN,Res,FEMALE,On-Going
REGION VII,BOHOL,CLARIN,Res,MALE,On-Going
REGION VII,BOHOL,CLARIN,Res,FEMALE,Completed
REGION VII,BOHOL,CLARIN,Res,MALE,On-Going
REGION VII,BOHOL,CLARIN,Res,FEMALE,On-Going
REGION VII,BOHOL,CLARIN,Ind,MALE,Completed
REGION VII,BOHOL,CLARIN,Res,FEMALE,On-Going
REGION VII,BOHOL,CLARIN,Res,FEMALE,On-Going
REGION VII,BOHOL,CLARIN,Com,FEMALE,On-Going
REGION VII,BOHOL,CLARIN,Res,FEMALE,On-Going
REGION VII,BOHOL,CLARIN,Com,FEMALE,Pending
REGION VII,BOHOL,CLARIN,Res,FEMALE,On-Going
REGION VII,BOHOL,CLARIN,Res,MALE,On-Going
REGION VII,BOHOL,CLARIN,Res,FEMALE,Completed
REGION VII,BOHOL,CLARIN,Res,FEMALE,On-Going
REGION VII,BOHOL,CLARIN,Res,MALE,On-Going
REGION II,NUEVA VIZCAYA,BAGABAG,Res,FEMALE,On-Going
REGION II,NUEVA VIZCAYA,BAGABAG,Res,MALE,On-Going
REGION II,NUEVA VIZCAYA,BAGABAG,Res,FEMALE,On-Going
REGION II,NUEVA VIZCAYA,BAGABAG,Ind,FEMALE,On-Going
REGION II,NUEVA VIZCAYA,BAGABAG,Res,FEMALE,On-Going
REGION II,NUEVA VIZCAYA,BAGABAG,Res,MALE,On-Going
REGION II,NUEVA VIZCAYA,BAGABAG,Res,MALE,On-Going
REGION II,NUEVA VIZCAYA,BAGABAG,Ind,FEMALE,On-Going
REGION II,NUEVA VIZCAYA,BAGABAG,Res,FEMALE,Cancelled
REGION II,NUEVA VIZCAYA,BAGABAG,Res,FEMALE,On-Going
REGION II,NUEVA VIZCAYA,BAGABAG,Res,MALE,Cancelled
REGION II,NUEVA VIZCAYA,BAGABAG,Res,FEMALE,On-Going
REGION II,NUEVA VIZCAYA,BAGABAG,Res,MALE,Cancelled
REGION II,NUEVA VIZCAYA,BAGABAG,Res,MALE,On-Going
REGION II,NUEVA VIZCAYA,BAGABAG,Res,MALE,On-Going
REGION II,NUEVA VIZCAYA,BAGABAG,Res,FEMALE,On-Going
REGION VII,BOHOL,CORELLA,Res,FEMALE,On-Going
REGION VII,BOHOL,CORELLA,Res,MALE,On-Going
REGION VII,BOHOL,CORELLA,Res,FEMALE,On-Going
REGION VII,BOHOL,CORELLA,Com,FEMALE,Completed
REGION VII,BOHOL,CORELLA,Res,MALE,On-Going
REGION VII,BOHOL,CORELLA,Com,MALE,On-Going
REGION VII,BOHOL,CORELLA,Res,MALE,On-Going
REGION VII,BOHOL,CORELLA,Res,FEMALE,On-Going
REGION VII,BOHOL,CORELLA,Res,FEMALE,On-Going
REGION VII,BOHOL,CORELLA,Res,MALE,On-Going
REGION VII,BOHOL,CORELLA,Res,MALE,On-Going
REGION VII,BOHOL,CORELLA,Res,FEMALE,Cancelled
REGION VII,BOHOL,CORELLA,Com,FEMALE,On-Going
REGION VII,BOHOL,CORELLA,Res,MALE,Completed
REGION IX,ZAMBOANGA DEL SUR,MARGOSATUBIG,Res,FEMALE,On-Going
REGION IX,ZAMBOANGA DEL SUR,MARGOSATUBIG,Res,MALE,On-Going
REGION IX,ZAMBOANGA DEL SUR,MARGOSATUBIG,Com,MALE,On-Going
REGION IX,ZAMBOANGA DEL SUR,MARGOSATUBIG,Res,FEMALE,Completed
REGION IX,ZAMBOANGA DEL SUR,MARGOSATUBIG,Res,MALE,Completed
REGION IX,ZAMBOANGA DEL SUR,MARGOSATUBIG,Res,MALE,Cancelled
REGION IX,ZAMBOANGA DEL SUR,MARGOSATUBIG,Com,FEMALE,Completed
REGION IX,ZAMBOANGA DEL SUR,MARGOSATUBIG,Res,FEMALE,On-Going
REGION IX,ZAMBOANGA DEL SUR,MARGOSATUBIG,Res,MALE,On-Going
REGION IX,ZAMBOANGA DEL SUR,MARGOSATUBIG,Res,FEMALE,On-Going
REGION IX,ZAMBOANGA DEL SUR,MARGOSATUBIG,Res,MALE,On-Going
REGION IX,ZAMBOANGA DEL SUR,MARGOSATUBIG,Res,MALE,On-Going
REGION IX,ZAMBOANGA DEL SUR,MARGOSATUBIG,Res,FEMALE,Cancelled
REGION IX,ZAMBOANGA DEL SUR,MARGOSATUBIG,Res,MALE,Cancelled
REGION IX,ZAMBOANGA DEL SUR,MARGOSATUBIG,Res,MALE,On-Going
REGION IX,ZAMBOANGA DEL SUR,MARGOSATUBIG,Res,MALE,On-Going
REGION IX,ZAMBOANGA DEL SUR,MARGOSATUBIG,Res,FEMALE,On-Going
REGION IX,ZAMBOANGA DEL SUR,MARGOSATUBIG,Res,MALE,On-Going
REGION IX,ZAMBOANGA DEL SUR,MARGOSATUBIG,Res,FEMALE,Pending
REGION IX,ZAMBOANGA DEL SUR,MARGOSATUBIG,Res,FEMALE,On-Going
REGION VIII,LEYTE,BARUGO,Res,FEMALE,Pending
REGION VIII,LEYTE,BARUGO,Res,MALE,Completed
REGION VIII,LEYTE,BARUGO,Res,MALE,Cancelled
REGION VIII,LEYTE,BARUGO,Ind,MALE,Completed
REGION VIII,LEYTE,BARUGO,Com,MALE,On-Going
REGION VIII,LEYTE,BARUGO,Res,FEMALE,On-Going
REGION VIII,LEYTE,BARUGO,Res,FEMALE,Pending
REGION VIII,LEYTE,BARUGO,Res,FEMALE,On-Going
REGION VIII,LEYTE,BARUGO,Res,MALE,On-Going
REGION VIII,LEYTE,BARUGO,Res,MALE,On-Going
REGION VIII,LEYTE,BARUGO,Res,FEMALE,On-Going
REGION VIII,LEYTE,BARUGO,Res,MALE,On-Going
REGION VIII,LEYTE,BARUGO,Res,MALE,Completed
REGION VIII,LEYTE,BARUGO,Res,MALE,On-Going
REGION VIII,LEYTE,BARUGO,Res,MALE,On-Going
REGION VIII,LEYTE,BARUGO,Res,MALE,On-Going
REGION VIII,LEYTE,BARUGO,Res,MALE,Cancelled
REGION VIII,LEYTE,BARUGO,Res,FEMALE,On-Going
REGION VIII,LEYTE,BARUGO,Res,MALE,On-Going
REGION VIII,LEYTE,BARUGO,Ind,FEMALE,Cancelled
REGION VIII,LEYTE,BARUGO,Res,FEMALE,On-Going
REGION VIII,LEYTE,BARUGO,Res,FEMALE,On-Going
REGION VIII,LEYTE,BARUGO,Res,MALE,Pending
REGION VIII,LEYTE,BARUGO,Res,MALE,On-Going
REGION VIII,LEYTE,BARUGO,Res,FEMALE,On-Going
REGION VIII,LEYTE,BARUGO,Res,MALE,On-Going
REGION VIII,LEYTE,BARUGO,Res,MALE,On-Going
REGION VIII,LEYTE,BARUGO,Com,FEMALE,On-Going
REGION VIII,LEYTE,BARUGO,Res,MALE,On-Going
REGION VIII,LEYTE,BARUGO,Res,MALE,On-Going
REGION VIII,LEYTE,BARUGO,Res,FEMALE,On-Going
REGION VIII,LEYTE,BARUGO,Res,MALE,Completed
REGION VIII,LEYTE,BARUGO,Com,MALE,On-Going
REGION VIII,LEYTE,BARUGO,Res,MALE,On-Going
REGION VIII,LEYTE,BARUGO,Res,FEMALE,On-Going
REGION VIII,LEYTE,BARUGO,Res,FEMALE,Completed
REGION VIII,LEYTE,BARUGO,Res,FEMALE,Pending
REGION VIII,LEYTE,BARUGO,Res,FEMALE,Cancelled
REGION VIII,LEYTE,BARUGO,Res,MALE,On-Going
REGION VIII,LEYTE,BARUGO,Res,MALE,On-Going
BARMM,MAGUINDANAO DEL NORTE,COTABATO CITY,Res,FEMALE,Pending
BARMM,MAGUINDANAO DEL NORTE,COTABATO CITY,Com,FEMALE,On-Going
BARMM,MAGUINDANAO DEL NORTE,COTABATO CITY,Res,FEMALE,Pending
BARMM,MAGUINDANAO DEL NORTE,COTABATO CITY,Res,MALE,Cancelled
BARMM,MAGUINDANAO DEL NORTE,COTABATO CITY,Res,MALE,Cancelled
BARMM,MAGUINDANAO DEL NORTE,COTABATO CITY,Res,MALE,On-Going
BARMM,MAGUINDANAO DEL NORTE,COTABATO CITY,Ind,MALE,On-Going
BARMM,MAGUINDANAO DEL NORTE,COTABATO CITY,Res,MALE,On-Going
BARMM,MAGUINDANAO DEL NORTE,COTABATO CITY,Res,FEMALE,On-Going
BARMM,MAGUINDANAO DEL NORTE,COTABATO CITY,Res,MALE,Pending
BARMM,MAGUINDANAO DEL NORTE,COTABATO CITY,Res,FEMALE,On-Going
BARMM,MAGUINDANAO DEL NORTE,COTABATO CITY,Res,MALE,Cancelled
BARMM,MAGUINDANAO DEL NORTE,COTABATO CITY,Res,FEMALE,On-Going
BARMM,MAGUINDANAO DEL NORTE,COTABATO CITY,Res,FEMALE,On-Going
BARMM,MAGUINDANAO DEL NORTE,COTABATO CITY,Com,FEMALE,Cancelled
BARMM,MAGUINDANAO DEL NORTE,COTABATO CITY,Res,MALE,Cancelled
BARMM,MAGUINDANAO DEL NORTE,COTABATO CITY,Res,FEMALE,On-Going
BARMM,MAGUINDANAO DEL NORTE,COTABATO CITY,Res,MALE,Completed
BARMM,MAGUINDANAO DEL NORTE,COTABATO CITY,Res,MALE,On-Going
BARMM,MAGUINDANAO DEL NORTE,COTABATO CITY,Res,MALE,On-Going
BARMM,MAGUINDANAO DEL NORTE,COTABATO CITY,Ind,MALE,Pending
BARMM,MAGUINDANAO DEL NORTE,COTABATO CITY,Res,MALE,On-Going
BARMM,MAGUINDANAO DEL NORTE,COTABATO CITY,Res,FEMALE,Cancelled
BARMM,MAGUINDANAO DEL NORTE,COTABATO CITY,Res,FEMALE,On-Going
BARMM,MAGUINDANAO DEL NORTE,COTABATO CITY,Res,FEMALE,On-Going
BARMM,MAGUINDANAO DEL NORTE,COTABATO CITY,Res,FEMALE,Completed
BARMM,MAGUINDANAO DEL NORTE,COTABATO CITY,Res,MALE,Completed
BARMM,MAGUINDANAO DEL NORTE,COTABATO CITY,Com,MALE,Completed
BARMM,MAGUINDANAO DEL NORTE,COTABATO CITY,Res,FEMALE,Cancelled
BARMM,MAGUINDANAO DEL NORTE,COTABATO CITY,Res,MALE,On-Going
BARMM,MAGUINDANAO DEL NORTE,COTABATO CITY,Res,FEMALE,Cancelled
BARMM,MAGUINDANAO DEL NORTE,COTABATO CITY,Res,FEMALE,On-Going
BARMM,MAGUINDANAO DEL NORTE,COTABATO CITY,Res,MALE,On-Going
BARMM,MAGUINDANAO DEL NORTE,COTABATO CITY,Ind,MALE,Completed
BARMM,MAGUINDANAO DEL NORTE,COTABATO CITY,Res,FEMALE,On-Going
BARMM,MAGUINDANAO DEL NORTE,COTABATO CITY,Res,MALE,On-Going
BARMM,MAGUINDANAO DEL NORTE,COTABATO CITY,Ind,FEMALE,On-Going
BARMM,MAGUINDANAO DEL NORTE,COTABATO CITY,Com,MALE,Completed
REGION VII,BOHOL,VALENCIA,Com,FEMALE,Completed
REGION VII,BOHOL,VALENCIA,Res,FEMALE,Completed
REGION VII,BOHOL,VALENCIA,Res,MALE,On-Going
REGION VII,BOHOL,VALENCIA,Res,MALE,On-Going
REGION VII,BOHOL,VALENCIA,Res,MALE,On-Going
REGION VII,BOHOL,VALENCIA,Com,FEMALE,On-Going
REGION VII,BOHOL,VALENCIA,Res,FEMALE,On-Going
REGION VII,BOHOL,VALENCIA,Res,MALE,On-Going
REGION VII,BOHOL,VALENCIA,Com,MALE,On-Going
REGION VII,BOHOL,VALENCIA,Res,FEMALE,On-Going
REGION VII,BOHOL,VALENCIA,Com,MALE,Completed
REGION VII,BOHOL,VALENCIA,Res,FEMALE,Completed
REGION VII,BOHOL,VALENCIA,Res,FEMALE,On-Going
REGION VII,BOHOL,VALENCIA,Res,FEMALE,On-Going
REGION VII,BOHOL,VALENCIA,Res,FEMALE,Pending
REGION VII,BOHOL,VALENCIA,Com,FEMALE,On-Going
REGION VII,BOHOL,VALENCIA,Res,MALE,On-Going
REGION VII,BOHOL,VALENCIA,Res,FEMALE,On-Going
REGION VII,BOHOL,VALENCIA,Res,FEMALE,On-Going
REGION VII,BOHOL,VALENCIA,Com,MALE,On-Going
REGION VII,BOHOL,VALENCIA,Res,FEMALE,Completed
REGION VII,BOHOL,VALENCIA,Com,MALE,Pending
REGION VII,BOHOL,VALENCIA,Ind,MALE,On-Going
REGION VII,BOHOL,VALENCIA,Res,FEMALE,On-Going
REGION VII,BOHOL,VALENCIA,Res,MALE,On-Going
REGION VII,BOHOL,VALENCIA,Res,MALE,On-Going
REGION VIII,LEYTE,MATAG-OB,Com,FEMALE,On-Going
REGION VIII,LEYTE,MATAG-OB,Res,FEMALE,On-Going
REGION VIII,LEYTE,MATAG-OB,Res,MALE,On-Going
REGION VIII,LEYTE,MATAG-OB,Res,MALE,On-Going
REGION VIII,LEYTE,MATAG-OB,Res,FEMALE,On-Going
REGION VIII,LEYTE,MATAG-OB,Res,FEMALE,On-Going
REGION VIII,LEYTE,MATAG-OB,Res,MALE,On-Going
REGION VIII,LEYTE,MATAG-OB,Com,MALE,Pending
REGION VIII,LEYTE,MATAG-OB,Res,FEMALE,Pending
REGION VIII,LEYTE,MATAG-OB,Res,FEMALE,On-Going
REGION VIII,LEYTE,MATAG-OB,Com,FEMALE,On-Going
REGION VIII,LEYTE,MATAG-OB,Res,MALE,On-Going
REGION VIII,LEYTE,MATAG-OB,Res,MALE,On-Going
REGION VIII,LEYTE,MATAG-OB,Res,FEMALE,On-Going
REGION VIII,LEYTE,MATAG-OB,Res,FEMALE,On-Going
REGION VIII,LEYTE,MATAG-OB,Res,MALE,Cancelled
REGION VIII,LEYTE,MATAG-OB,Res,MALE,Cancelled
REGION VIII,LEYTE,MATAG-OB,Res,MALE,On-Going
REGION VIII,LEYTE,MATAG-OB,Res,FEMALE,On-Going
REGION VIII,LEYTE,MATAG-OB,Com,FEMALE,Completed
REGION VIII,EASTERN SAMAR,SAN POLICARPO,Ind,MALE,On-Going
REGION VIII,EASTERN SAMAR,SAN POLICARPO,Res,MALE,On-Going
REGION VIII,EASTERN SAMAR,SAN POLICARPO,Ind,FEMALE,On-Going
REGION VIII,EASTERN SAMAR,SAN POLICARPO,Res,MALE,On-Going
REGION VIII,EASTERN SAMAR,SAN POLICARPO,Res,MALE,On-Going
REGION VIII,EASTERN SAMAR,SAN POLICARPO,Com,FEMALE,On-Going
REGION VIII,EASTERN SAMAR,SAN POLICARPO,Res,MALE,On-Going
REGION VIII,EASTERN SAMAR,SAN POLICARPO,Res,FEMALE,On-Going
REGION VIII,EASTERN SAMAR,SAN POLICARPO,Res,FEMALE,Completed
REGION VIII,EASTERN SAMAR,SAN POLICARPO,Ind,FEMALE,Cancelled
REGION VIII,EASTERN SAMAR,SAN POLICARPO,Res,FEMALE,On-Going
REGION VIII,EASTERN SAMAR,SAN POLICARPO,Res,FEMALE,On-Going
REGION VIII,EASTERN SAMAR,SAN POLICARPO,Com,FEMALE,Completed
REGION VIII,EASTERN SAMAR,SAN POLICARPO,Res,FEMALE,On-Going
REGION VIII,EASTERN SAMAR,SAN POLICARPO,Res,FEMALE,On-Going
REGION VIII,EASTERN SAMAR,SAN POLICARPO,Res,FEMALE,On-Going
REGION VIII,EASTERN SAMAR,SAN POLICARPO,Com,MALE,On-Going
REGION VIII,EASTERN SAMAR,SAN POLICARPO,Res,FEMALE,On-Going
REGION VIII,EASTERN SAMAR,SAN POLICARPO,Res,MALE,Completed
REGION VIII,EASTERN SAMAR,SAN POLICARPO,Res,FEMALE,On-Going
REGION VIII,EASTERN SAMAR,SAN POLICARPO,Res,MALE,On-Going
REGION VIII,EASTERN SAMAR,SAN POLICARPO,Res,FEMALE,On-Going
REGION VIII,EASTERN SAMAR,SAN POLICARPO,Res,FEMALE,On-Going
REGION VIII,EASTERN SAMAR,SAN POLICARPO,Res,FEMALE,Completed
REGION VIII,EASTERN SAMAR,SAN POLICARPO,Res,MALE,On-Going
REGION VIII,EASTERN SAMAR,SAN POLICARPO,Res,MALE,On-Going
REGION IV-A,LAGUNA,CITY OF SAN PEDRO,Res,FEMALE,On-Going
REGION IV-A,LAGUNA,CITY OF SAN PEDRO,Ind,MALE,Completed
REGION IV-A,LAGUNA,CITY OF SAN PEDRO,Ind,MALE,On-Going
REGION IV-A,LAGUNA,CITY OF SAN PEDRO,Ind,MALE,Completed
REGION IV-A,LAGUNA,CITY OF SAN PEDRO,Res,MALE,On-Going
REGION IV-A,LAGUNA,CITY OF SAN PEDRO,Res,MALE,On-Going
REGION IV-A,LAGUNA,CITY OF SAN PEDRO,Res,FEMALE,On-Going
REGION IV-A,LAGUNA,CITY OF SAN PEDRO,Res,MALE,Completed
REGION IV-A,LAGUNA,CITY OF SAN PEDRO,Res,FEMALE,On-Going
REGION IV-A,LAGUNA,CITY OF SAN PEDRO,Res,FEMALE,On-Going
REGION IV-A,LAGUNA,CITY OF SAN PEDRO,Res,FEMALE,On-Going
REGION IV-A,LAGUNA,CITY OF SAN PEDRO,Res,FEMALE,Completed
REGION IV-A,LAGUNA,CITY OF SAN PEDRO,Res,FEMALE,On-Going
REGION IV-A,LAGUNA,CITY OF SAN PEDRO,Res,MALE,On-Going
REGION IV-A,LAGUNA,CITY OF SAN PEDRO,Res,MALE,Completed
REGION IV-A,LAGUNA,CITY OF SAN PEDRO,Res,FEMALE,On-Going
REGION IV-A,LAGUNA,CITY OF SAN PEDRO,Res,MALE,On-Going
REGION IV-A,LAGUNA,CITY OF SAN PEDRO,Res,MALE,On-Going
REGION IV-A,LAGUNA,CITY OF SAN PEDRO,Res,MALE,On-Going
REGION IV-A,LAGUNA,CITY OF SAN PEDRO,Ind,FEMALE,Cancelled
REGION IV-A,LAGUNA,CITY OF SAN PEDRO,Res,FEMALE,On-Going
REGION IV-A,LAGUNA,CITY OF SAN PEDRO,Res,MALE,Completed
REGION IV-A,LAGUNA,CITY OF SAN PEDRO,Res,FEMALE,Completed
REGION IV-A,LAGUNA,CITY OF SAN PEDRO,Res,FEMALE,On-Going
REGION IV-A,LAGUNA,CITY OF SAN PEDRO,Res,MALE,On-Going
REGION IV-A,LAGUNA,CITY OF SAN PEDRO,Res,FEMALE,On-Going
REGION IV-A,LAGUNA,CITY OF SAN PEDRO,Com,FEMALE,On-Going
REGION IV-A,LAGUNA,CITY OF SAN PEDRO,Ind,MALE,Pending
REGION VIII,EASTERN SAMAR,ORAS,Res,FEMALE,On-Going
REGION VIII,EASTERN SAMAR,ORAS,Ind,MALE,On-Going
REGION VIII,EASTERN SAMAR,ORAS,Res,MALE,On-Going
REGION VIII,EASTERN SAMAR,ORAS,Res,MALE,On-Going
REGION VIII,EASTERN SAMAR,ORAS,Res,MALE,Cancelled
REGION VIII,EASTERN SAMAR,ORAS,Res,MALE,On-Going
REGION VIII,EASTERN SAMAR,ORAS,Res,FEMALE,On-Going
REGION VIII,EASTERN SAMAR,ORAS,Com,FEMALE,On-Going
REGION VIII,EASTERN SAMAR,ORAS,Res,MALE,On-Going
REGION VIII,EASTERN SAMAR,ORAS,Res,FEMALE,Completed
REGION VIII,EASTERN SAMAR,ORAS,Res,FEMALE,On-Going
REGION VIII,EASTERN SAMAR,ORAS,Res,FEMALE,On-Going
REGION VIII,EASTERN SAMAR,ORAS,Res,MALE,On-Going
REGION VIII,EASTERN SAMAR,ORAS,Res,MALE,On-Going
REGION VIII,EASTERN SAMAR,ORAS,Com,MALE,On-Going
REGION VIII,EASTERN SAMAR,ORAS,Res,MALE,On-Going
CAR,KALINGA,PASIL,Res,FEMALE,On-Going
CAR,KALINGA,PASIL,Res,MALE,Completed
CAR,KALINGA,PASIL,Com,FEMALE,On-Going
CAR,KALINGA,PASIL,Res,FEMALE,Completed
CAR,KALINGA,PASIL,Res,FEMALE,Completed
CAR,KALINGA,PASIL,Res,MALE,On-Going
CAR,KALINGA,PASIL,Res,MALE,On-Going
CAR,KALINGA,PASIL,Res,MALE,On-Going
CAR,KALINGA,PASIL,Res,FEMALE,On-Going
CAR,KALINGA,PASIL,Com,FEMALE,On-Going
CAR,KALINGA,PASIL,Res,FEMALE,On-Going
CAR,KALINGA,PASIL,Res,FEMALE,Completed
CAR,KALINGA,PASIL,Com,MALE,On-Going
CAR,KALINGA,PASIL,Res,MALE,On-Going
CAR,KALINGA,PASIL,Res,MALE,On-Going
CAR,KALINGA,PASIL,Res,MALE,On-Going
CAR,KALINGA,PASIL,Res,MALE,On-Going
CAR,KALINGA,PASIL,Res,MALE,On-Going
CAR,KALINGA,PASIL,Res,MALE,Completed
CAR,KALINGA,PASIL,Res,FEMALE,On-Going
CAR,KALINGA,PASIL,Res,MALE,Completed
CAR,KALINGA,PASIL,Com,FEMALE,On-Going
CAR,KALINGA,PASIL,Com,FEMALE,On-Going
CAR,KALINGA,PASIL,Res,FEMALE,On-Going
BARMM,MAGUINDANAO DEL SUR,PAGLAT,Res,MALE,On-Going
BARMM,MAGUINDANAO DEL SUR,PAGLAT,Res,MALE,On-Going
BARMM,MAGUINDANAO DEL SUR,PAGLAT,Res,MALE,On-Going
BARMM,MAGUINDANAO DEL SUR,PAGLAT,Com,FEMALE,On-Going
BARMM,MAGUINDANAO DEL SUR,PAGLAT,Res,MALE,On-Going
BARMM,MAGUINDANAO DEL SUR,PAGLAT,Res,MALE,On-Going
BARMM,MAGUINDANAO DEL SUR,PAGLAT,Ind,MALE,Completed
BARMM,MAGUINDANAO DEL SUR,PAGLAT,Res,MALE,On-Going
BARMM,MAGUINDANAO DEL SUR,PAGLAT,Com,MALE,On-Going
BARMM,MAGUINDANAO DEL SUR,PAGLAT,Res,MALE,Completed
BARMM,MAGUINDANAO DEL SUR,PAGLAT,Res,FEMALE,Cancelled
BARMM,MAGUINDANAO DEL SUR,PAGLAT,Com,FEMALE,On-Going
BARMM,MAGUINDANAO DEL SUR,PAGLAT,Res,MALE,On-Going
BARMM,MAGUINDANAO DEL SUR,PAGLAT,Com,MALE,Pending
BARMM,MAGUINDANAO DEL SUR,PAGLAT,Res,FEMALE,On-Going
BARMM,MAGUINDANAO DEL SUR,PAGLAT,Res,MALE,Completed
BARMM,MAGUINDANAO DEL SUR,PAGLAT,Res,FEMALE,Completed
BARMM,MAGUINDANAO DEL SUR,PAGLAT,Res,FEMALE,Completed
BARMM,MAGUINDANAO DEL SUR,PAGLAT,Res,FEMALE,Cancelled
BARMM,MAGUINDANAO DEL SUR,PAGLAT,Ind,MALE,On-Going
BARMM,MAGUINDANAO DEL SUR,PAGLAT,Res,MALE,Completed
BARMM,MAGUINDANAO DEL SUR,PAGLAT,Res,FEMALE,Completed
BARMM,MAGUINDANAO DEL SUR,PAGLAT,Res,FEMALE,Completed
BARMM,MAGUINDANAO DEL SUR,PAGLAT,Ind,FEMALE,On-Going
REGION XIII,SURIGAO DEL NORTE,GENERAL LUNA,Res,MALE,On-Going
REGION XIII,SURIGAO DEL NORTE,GENERAL LUNA,Res,FEMALE,Completed
REGION XIII,SURIGAO DEL NORTE,GENERAL LUNA,Ind,FEMALE,Completed
REGION XIII,SURIGAO DEL NORTE,GENERAL LUNA,Res,FEMALE,On-Going
REGION XIII,SURIGAO DEL NORTE,GENERAL LUNA,Res,MALE,On-Going
REGION XIII,SURIGAO DEL NORTE,GENERAL LUNA,Res,FEMALE,On-Going
REGION XIII,SURIGAO DEL NORTE,GENERAL LUNA,Res,MALE,On-Going
REGION XIII,SURIGAO DEL NORTE,GENERAL LUNA,Ind,FEMALE,On-Going
REGION XIII,SURIGAO DEL NORTE,GENERAL LUNA,Res,MALE,On-Going
REGION XIII,SURIGAO DEL NORTE,GENERAL LUNA,Res,MALE,Completed
REGION XIII,SURIGAO DEL NORTE,GENERAL LUNA,Ind,FEMALE,On-Going
REGION XIII,SURIGAO DEL NORTE,GENERAL LUNA,Ind,FEMALE,On-Going
REGION XIII,SURIGAO DEL NORTE,GENERAL LUNA,Com,FEMALE,On-Going
REGION XIII,SURIGAO DEL NORTE,GENERAL LUNA,Res,MALE,Cancelled
REGION XIII,SURIGAO DEL NORTE,GENERAL LUNA,Res,MALE,On-Going
REGION XIII,SURIGAO DEL NORTE,GENERAL LUNA,Res,MALE,On-Going
REGION VII,CEBU,ALEGRIA,Res,MALE,On-Going
REGION VII,CEBU,ALEGRIA,Res,FEMALE,Pending
REGION VII,CEBU,ALEGRIA,Ind,FEMALE,Pending
REGION VII,CEBU,ALEGRIA,Res,MALE,On-Going
REGION VII,CEBU,ALEGRIA,Res,FEMALE,On-Going
REGION VII,CEBU,ALEGRIA,Res,MALE,On-Going
REGION VII,CEBU,ALEGRIA,Com,FEMALE,On-Going
REGION VII,CEBU,ALEGRIA,Res,MALE,On-Going
REGION VII,CEBU,ALEGRIA,Com,MALE,On-Going
REGION VII,CEBU,ALEGRIA,Res,FEMALE,Cancelled
REGION VII,CEBU,ALEGRIA,Res,FEMALE,Completed
REGION VII,CEBU,ALEGRIA,Res,FEMALE,On-Going
REGION VII,CEBU,ALEGRIA,Res,FEMALE,On-Going
REGION VII,CEBU,ALEGRIA,Res,FEMALE,On-Going
REGION VII,CEBU,ALEGRIA,Res,MALE,On-Going
REGION VII,CEBU,ALEGRIA,Res,MALE,Completed
REGION VII,CEBU,ALEGRIA,Res,FEMALE,On-Going
REGION VII,CEBU,ALEGRIA,Res,FEMALE,On-Going
REGION VII,CEBU,ALEGRIA,Res,MALE,Completed
REGION VII,CEBU,ALEGRIA,Res,FEMALE,On-Going
REGION VII,CEBU,ALEGRIA,Res,MALE,Cancelled
REGION VII,CEBU,ALEGRIA,Res,FEMALE,On-Going
REGION VII,CEBU,ALEGRIA,Res,MALE,On-Going
REGION VII,CEBU,ALEGRIA,Res,FEMALE,On-Going
REGION VII,CEBU,ALEGRIA,Res,MALE,On-Going
REGION VII,CEBU,ALEGRIA,Ind,MALE,On-Going
REGION VII,CEBU,ALEGRIA,Res,FEMALE,Cancelled
REGION VII,CEBU,ALEGRIA,Res,MALE,On-Going
REGION VII,CEBU,ALEGRIA,Res,MALE,On-Going
REGION VII,CEBU,ALEGRIA,Com,MALE,On-Going
REGION VII,CEBU,ALEGRIA,Res,FEMALE,On-Going
REGION VII,CEBU,ALEGRIA,Res,FEMALE,On-Going
REGION VII,CEBU,ALEGRIA,Res,MALE,On-Going
REGION VII,CEBU,ALEGRIA,Res,FEMALE,On-Going
REGION VII,CEBU,ALEGRIA,Res,FEMALE,Cancelled
REGION VII,CEBU,ALEGRIA,Res,FEMALE,On-Going
REGION VII,CEBU,ALEGRIA,Res,MALE,On-Going
REGION VII,CEBU,ALEGRIA,Res,MALE,On-Going
REGION VII,CEBU,ALEGRIA,Res,MALE,On-Going
REGION XIII,SURIGAO DEL NORTE,BURGOS,Ind,FEMALE,On-Going
REGION XIII,SURIGAO DEL NORTE,BURGOS,Res,MALE,On-Going
REGION XIII,SURIGAO DEL NORTE,BURGOS,Res,FEMALE,Cancelled
REGION XIII,SURIGAO DEL NORTE,BURGOS,Res,MALE,On-Going
REGION XIII,SURIGAO DEL NORTE,BURGOS,Res,FEMALE,Pending
REGION XIII,SURIGAO DEL NORTE,BURGOS,Res,FEMALE,On-Going
REGION XIII,SURIGAO DEL NORTE,BURGOS,Res,MALE,On-Going
REGION XIII,SURIGAO DEL NORTE,BURGOS,Res,FEMALE,On-Going
REGION XIII,SURIGAO DEL NORTE,BURGOS,Res,FEMALE,On-Going
REGION XIII,SURIGAO DEL NORTE,BURGOS,Res,MALE,Completed
REGION XIII,SURIGAO DEL NORTE,BURGOS,Res,FEMALE,Completed
REGION XIII,SURIGAO DEL NORTE,BURGOS,Res,MALE,On-Going
REGION XIII,SURIGAO DEL NORTE,BURGOS,Res,FEMALE,On-Going
REGION XIII,SURIGAO DEL NORTE,BURGOS,Res,FEMALE,On-Going
REGION XIII,SURIGAO DEL NORTE,BURGOS,Res,FEMALE,On-Going
REGION XIII,SURIGAO DEL NORTE,BURGOS,Res,MALE,On-Going
REGION XIII,SURIGAO DEL NORTE,BURGOS,Com,FEMALE,On-Going
REGION XIII,SURIGAO DEL NORTE,BURGOS,Res,FEMALE,On-Going
REGION XIII,SURIGAO DEL NORTE,BURGOS,Res,FEMALE,Completed
REGION XIII,SURIGAO DEL NORTE,BURGOS,Res,FEMALE,Completed
REGION XIII,SURIGAO DEL NORTE,BURGOS,Res,MALE,On-Going
REGION XIII,SURIGAO DEL NORTE,BURGOS,Res,FEMALE,Pending
REGION XIII,SURIGAO DEL NORTE,BURGOS,Com,MALE,On-Going
REGION XIII,SURIGAO DEL NORTE,BURGOS,Ind,FEMALE,On-Going
REGION XIII,SURIGAO DEL NORTE,BURGOS,Com,MALE,On-Going
REGION XIII,SURIGAO DEL NORTE,BURGOS,Res,MALE,Completed
REGION XIII,SURIGAO DEL NORTE,BURGOS,Res,MALE,On-Going
REGION XIII,SURIGAO DEL NORTE,BURGOS,Res,MALE,On-Going
REGION XIII,DINAGAT ISLANDS,LIBJO (ALBOR),Res,MALE,Completed
REGION XIII,DINAGAT ISLANDS,LIBJO (ALBOR),Res,FEMALE,On-Going
REGION XIII,DINAGAT ISLANDS,LIBJO (ALBOR),Res,MALE,On-Going
REGION XIII,DINAGAT ISLANDS,LIBJO (ALBOR),Res,MALE,Completed
REGION XIII,DINAGAT ISLANDS,LIBJO (ALBOR),Res,FEMALE,On-Going
REGION XIII,DINAGAT ISLANDS,LIBJO (ALBOR),Res,MALE,On-Going
REGION XIII,DINAGAT ISLANDS,LIBJO (ALBOR),Res,MALE,On-Going
REGION XIII,DINAGAT ISLANDS,LIBJO (ALBOR),Ind,MALE,Cancelled
REGION XIII,DINAGAT ISLANDS,LIBJO (ALBOR),Res,FEMALE,On-Going
REGION XIII,DINAGAT ISLANDS,LIBJO (ALBOR),Ind,FEMALE,On-Going
REGION XIII,DINAGAT ISLANDS,LIBJO (ALBOR),Res,MALE,On-Going
REGION XIII,DINAGAT ISLANDS,LIBJO (ALBOR),Res,MALE,On-Going
REGION XIII,DINAGAT ISLANDS,LIBJO (ALBOR),Res,MALE,On-Going
REGION XIII,DINAGAT ISLANDS,LIBJO (ALBOR),Res,MALE,Completed
REGION XIII,DINAGAT ISLANDS,LIBJO (ALBOR),Res,FEMALE,On-Going
REGION XIII,DINAGAT ISLANDS,LIBJO (ALBOR),Res,MALE,Cancelled
REGION XIII,DINAGAT ISLANDS,LIBJO (ALBOR),Res,MALE,On-Going
REGION XIII,DINAGAT ISLANDS,LIBJO (ALBOR),Res,FEMALE,On-Going
REGION XIII,DINAGAT ISLANDS,LIBJO (ALBOR),Res,MALE,On-Going
REGION XIII,DINAGAT ISLANDS,LIBJO (ALBOR),Res,FEMALE,On-Going
REGION XIII,DINAGAT ISLANDS,LIBJO (ALBOR),Res,MALE,On-Going
REGION XIII,DINAGAT ISLANDS,LIBJO (ALBOR),Com,FEMALE,On-Going
BARMM,MAGUINDANAO DEL NORTE,BARIRA,Res,MALE,On-Going
BARMM,MAGUINDANAO DEL NORTE,BARIRA,Res,MALE,On-Going
BARMM,MAGUINDANAO DEL NORTE,BARIRA,Res,FEMALE,On-Going
BARMM,MAGUINDANAO DEL NORTE,BARIRA,Res,FEMALE,On-Going
BARMM,MAGUINDANAO DEL NORTE,BARIRA,Res,FEMALE,On-Going
BARMM,MAGUINDANAO DEL NORTE,BARIRA,Res,MALE,On-Going
BARMM,MAGUINDANAO DEL NORTE,BARIRA,Res,MALE,On-Going
BARMM,MAGUINDANAO DEL NORTE,BARIRA,Res,FEMALE,On-Going
BARMM,MAGUINDANAO DEL NORTE,BARIRA,Res,FEMALE,On-Going
BARMM,MAGUINDANAO DEL NORTE,BARIRA,Com,FEMALE,Completed
BARMM,MAGUINDANAO DEL NORTE,BARIRA,Res,FEMALE,On-Going
BARMM,MAGUINDANAO DEL NORTE,BARIRA,Com,MALE,Completed
BARMM,MAGUINDANAO DEL NORTE,BARIRA,Res,MALE,On-Going
BARMM,MAGUINDANAO DEL NORTE,BARIRA,Res,MALE,On-Going
BARMM,MAGUINDANAO DEL NORTE,BARIRA,Res,MALE,On-Going
BARMM,MAGUINDANAO DEL NORTE,BARIRA,Res,FEMALE,On-Going
BARMM,MAGUINDANAO DEL NORTE,BARIRA,Com,MALE,Pending
BARMM,MAGUINDANAO DEL NORTE,BARIRA,Res,FEMALE,On-Going
BARMM,MAGUINDANAO DEL NORTE,BARIRA,Res,MALE,Pending
BARMM,MAGUINDANAO DEL NORTE,BARIRA,Com,FEMALE,On-Going
BARMM,MAGUINDANAO DEL NORTE,BARIRA,Res,FEMALE,On-Going
BARMM,MAGUINDANAO DEL NORTE,BARIRA,Res,FEMALE,On-Going
BARMM,MAGUINDANAO DEL NORTE,BARIRA,Res,MALE,On-Going
BARMM,MAGUINDANAO DEL NORTE,BARIRA,Res,MALE,On-Going
BARMM,MAGUINDANAO DEL NORTE,BARIRA,Res,MALE,On-Going
BARMM,MAGUINDANAO DEL NORTE,BARIRA,Ind,FEMALE,Cancelled
BARMM,MAGUINDANAO DEL NORTE,BARIRA,Res,MALE,On-Going
REGION VII,BOHOL,CALAPE,Res,FEMALE,Pending
REGION VII,BOHOL,CALAPE,Res,MALE,On-Going
REGION VII,BOHOL,CALAPE,Com,FEMALE,Completed
REGION VII,BOHOL,CALAPE,Res,FEMALE,Completed
REGION VII,BOHOL,CALAPE,Ind,FEMALE,Completed
REGION VII,BOHOL,CALAPE,Res,MALE,On-Going
REGION VII,BOHOL,CALAPE,Res,FEMALE,On-Going
REGION VII,BOHOL,CALAPE,Res,FEMALE,On-Going
REGION VII,BOHOL,CALAPE,Res,FEMALE,On-Going
REGION VII,BOHOL,CALAPE,Res,MALE,On-Going
REGION IV-A,QUEZON,GUMACA,Res,MALE,On-Going
REGION IV-A,QUEZON,GUMACA,Ind,MALE,Pending
REGION IV-A,QUEZON,GUMACA,Res,FEMALE,On-Going
REGION IV-A,QUEZON,GUMACA,Res,FEMALE,On-Going
REGION IV-A,QUEZON,GUMACA,Res,FEMALE,On-Going
REGION IV-A,QUEZON,GUMACA,Res,MALE,Cancelled
REGION IV-A,QUEZON,GUMACA,Res,MALE,On-Going
REGION IV-A,QUEZON,GUMACA,Res,MALE,On-Going
REGION IV-A,QUEZON,GUMACA,Res,FEMALE,On-Going
REGION IV-A,QUEZON,GUMACA,Res,MALE,Completed
REGION IV-A,QUEZON,GUMACA,Res,MALE,Cancelled
REGION IV-A,QUEZON,GUMACA,Ind,FEMALE,On-Going
REGION IV-A,QUEZON,GUMACA,Res,MALE,On-Going
REGION IV-A,QUEZON,GUMACA,Res,FEMALE,On-Going
REGION IV-A,QUEZON,GUMACA,Res,MALE,On-Going
REGION IV-A,QUEZON,GUMACA,Res,MALE,Pending
REGION IV-A,QUEZON,GUMACA,Com,FEMALE,On-Going
REGION IV-A,QUEZON,GUMACA,Res,FEMALE,On-Going
REGION IV-A,QUEZON,GUMACA,Res,FEMALE,On-Going
REGION IV-A,QUEZON,GUMACA,Res,MALE,On-Going
REGION IV-A,QUEZON,GUMACA,Res,MALE,On-Going
REGION IV-A,QUEZON,GUMACA,Res,MALE,On-Going
REGION IV-A,QUEZON,GUMACA,Res,FEMALE,Cancelled
REGION IV-A,QUEZON,GUMACA,Res,MALE,On-Going
REGION IV-A,QUEZON,GUMACA,Ind,MALE,Completed
REGION IV-A,QUEZON,GUMACA,Ind,FEMALE,On-Going
REGION IV-A,QUEZON,GUMACA,Res,MALE,On-Going
REGION IV-A,QUEZON,GUMACA,Res,MALE,On-Going
REGION IV-A,QUEZON,GUMACA,Ind,MALE,Cancelled
REGION IV-A,QUEZON,GUMACA,Ind,MALE,Pending
REGION IV-A,QUEZON,GUMACA,Com,MALE,Completed
REGION IV-A,QUEZON,GUMACA,Com,FEMALE,On-Going
REGION IV-A,QUEZON,GUMACA,Res,FEMALE,On-Going
REGION IV-A,QUEZON,GUMACA,Res,MALE,On-Going
REGION IV-A,QUEZON,GUMACA,Com,MALE,On-Going
REGION VI,AKLAN,TANGALAN,Res,MALE,On-Going
REGION VI,AKLAN,TANGALAN,Ind,MALE,On-Going
REGION VI,AKLAN,TANGALAN,Res,FEMALE,On-Going
REGION VI,AKLAN,TANGALAN,Res,MALE,Completed
REGION VI,AKLAN,TANGALAN,Res,FEMALE,Cancelled
REGION VI,AKLAN,TANGALAN,Res,MALE,Completed
REGION VI,AKLAN,TANGALAN,Res,MALE,On-Going
REGION X,MISAMIS ORIENTAL,CITY OF EL SALVADOR,Res,FEMALE,On-Going
REGION X,MISAMIS ORIENTAL,CITY OF EL SALVADOR,Res,FEMALE,On-Going
REGION X,MISAMIS ORIENTAL,CITY OF EL SALVADOR,Res,FEMALE,On-Going
REGION X,MISAMIS ORIENTAL,CITY OF EL SALVADOR,Res,MALE,On-Going
REGION X,MISAMIS ORIENTAL,CITY OF EL SALVADOR,Res,FEMALE,On-Going
REGION X,MISAMIS ORIENTAL,CITY OF EL SALVADOR,Res,MALE,Completed
REGION X,MISAMIS ORIENTAL,CITY OF EL SALVADOR,Res,FEMALE,On-Going
REGION X,MISAMIS ORIENTAL,CITY OF EL SALVADOR,Res,FEMALE,On-Going
REGION X,MISAMIS ORIENTAL,CITY OF EL SALVADOR,Res,FEMALE,On-Going
REGION X,MISAMIS ORIENTAL,CITY OF EL SALVADOR,Res,FEMALE,On-Going
REGION X,MISAMIS ORIENTAL,CITY OF EL SALVADOR,Res,FEMALE,Completed
REGION X,MISAMIS ORIENTAL,CITY OF EL SALVADOR,Res,FEMALE,Completed
REGION X,MISAMIS ORIENTAL,CITY OF EL SALVADOR,Res,FEMALE,Pending
REGION X,MISAMIS ORIENTAL,CITY OF EL SALVADOR,Res,MALE,Pending
REGION X,MISAMIS ORIENTAL,CITY OF EL SALVADOR,Res,MALE,Completed
REGION X,MISAMIS ORIENTAL,CITY OF EL SALVADOR,Res,MALE,On-Going
REGION X,MISAMIS ORIENTAL,CITY OF EL SALVADOR,Res,FEMALE,Completed
REGION X,MISAMIS ORIENTAL,CITY OF EL SALVADOR,Res,FEMALE,On-Going
REGION X,MISAMIS ORIENTAL,CITY OF EL SALVADOR,Com,MALE,Cancelled
REGION X,MISAMIS ORIENTAL,CITY OF EL SALVADOR,Ind,MALE,On-Going
REGION X,MISAMIS ORIENTAL,CITY OF EL SALVADOR,Res,FEMALE,On-Going
REGION X,MISAMIS ORIENTAL,CITY OF EL SALVADOR,Res,MALE,On-Going
REGION X,MISAMIS ORIENTAL,CITY OF EL SALVADOR,Res,MALE,Completed
REGION X,MISAMIS ORIENTAL,CITY OF EL SALVADOR,Res,MALE,On-Going
REGION X,MISAMIS ORIENTAL,CITY OF EL SALVADOR,Res,FEMALE,Completed
REGION X,MISAMIS ORIENTAL,CITY OF EL SALVADOR,Res,FEMALE,On-Going
REGION X,MISAMIS ORIENTAL,CITY OF EL SALVADOR,Res,MALE,On-Going
REGION X,MISAMIS ORIENTAL,CITY OF EL SALVADOR,Res,MALE,On-Going
REGION X,MISAMIS ORIENTAL,CITY OF EL SALVADOR,Com,FEMALE,On-Going
REGION X,MISAMIS ORIENTAL,CITY OF EL SALVADOR,Res,FEMALE,Completed
REGION X,MISAMIS ORIENTAL,CITY OF EL SALVADOR,Res,FEMALE,Pending
REGION X,MISAMIS ORIENTAL,CITY OF EL SALVADOR,Res,FEMALE,On-Going
REGION X,MISAMIS ORIENTAL,CITY OF EL SALVADOR,Res,MALE,On-Going
REGION X,MISAMIS ORIENTAL,CITY OF EL SALVADOR,Com,MALE,On-Going
REGION X,MISAMIS ORIENTAL,CITY OF EL SALVADOR,Res,FEMALE,On-Going
REGION X,MISAMIS ORIENTAL,CITY OF EL SALVADOR,Res,FEMALE,Completed
REGION X,MISAMIS ORIENTAL,CITY OF EL SALVADOR,Res,MALE,On-Going
REGION X,MISAMIS ORIENTAL,CITY OF EL SALVADOR,Res,MALE,On-Going
REGION X,MISAMIS ORIENTAL,CITY OF EL SALVADOR,Res,FEMALE,On-Going
REGION VII,CEBU,MOALBOAL,Ind,FEMALE,On-Going
REGION VII,CEBU,MOALBOAL,Res,MALE,On-Going
REGION VII,CEBU,MOALBOAL,Res,MALE,On-Going
REGION VII,CEBU,MOALBOAL,Res,MALE,Completed
REGION VII,CEBU,MOALBOAL,Com,MALE,Completed
REGION VII,CEBU,MOALBOAL,Res,MALE,Completed
REGION VII,CEBU,MOALBOAL,Res,MALE,On-Going
REGION VII,CEBU,MOALBOAL,Res,FEMALE,On-Going
REGION VII,CEBU,MOALBOAL,Res,MALE,On-Going
REGION VII,CEBU,MOALBOAL,Ind,MALE,On-Going
REGION VII,CEBU,MOALBOAL,Ind,FEMALE,On-Going
REGION VII,CEBU,MOALBOAL,Ind,MALE,Completed
REGION VII,CEBU,MOALBOAL,Res,MALE,On-Going
REGION VII,CEBU,MOALBOAL,Com,MALE,On-Going
REGION VII,CEBU,MOALBOAL,Res,FEMALE,Pending
REGION VII,CEBU,MOALBOAL,Res,FEMALE,Cancelled
REGION VII,CEBU,MOALBOAL,Com,FEMALE,On-Going
REGION VII,CEBU,MOALBOAL,Res,MALE,On-Going
REGION VII,CEBU,MOALBOAL,Res,FEMALE,On-Going
REGION VII,CEBU,MOALBOAL,Res,MALE,Completed
REGION VII,CEBU,MOALBOAL,Res,FEMALE,Pending
REGION VII,NEGROS ORIENTAL,CITY OF TANJAY,Res,MALE,On-Going
REGION VII,NEGROS ORIENTAL,CITY OF TANJAY,Res,FEMALE,On-Going
REGION VII,NEGROS ORIENTAL,CITY OF TANJAY,Res,MALE,Completed
REGION VII,NEGROS ORIENTAL,CITY OF TANJAY,Ind,MALE,On-Going
REGION VII,NEGROS ORIENTAL,CITY OF TANJAY,Res,FEMALE,On-Going
REGION VII,NEGROS ORIENTAL,CITY OF TANJAY,Res,MALE,On-Going
REGION VII,NEGROS ORIENTAL,CITY OF TANJAY,Res,FEMALE,Cancelled
REGION VII,NEGROS ORIENTAL,CITY OF TANJAY,Res,FEMALE,On-Going
REGION VII,NEGROS ORIENTAL,CITY OF TANJAY,Res,FEMALE,On-Going
REGION VII,NEGROS ORIENTAL,CITY OF TANJAY,Res,FEMALE,Cancelled
REGION VII,NEGROS ORIENTAL,CITY OF TANJAY,Res,FEMALE,Completed
REGION VII,NEGROS ORIENTAL,CITY OF TANJAY,Res,FEMALE,On-Going
REGION VII,NEGROS ORIENTAL,CITY OF TANJAY,Res,MALE,On-Going
REGION VII,NEGROS ORIENTAL,CITY OF TANJAY,Res,MALE,On-Going
REGION VII,NEGROS ORIENTAL,CITY OF TANJAY,Res,FEMALE,On-Going
REGION VII,NEGROS ORIENTAL,CITY OF TANJAY,Com,MALE,Cancelled
REGION VII,NEGROS ORIENTAL,CITY OF TANJAY,Res,MALE,On-Going
REGION VII,NEGROS ORIENTAL,CITY OF TANJAY,Res,FEMALE,Completed
REGION VII,NEGROS ORIENTAL,CITY OF TANJAY,Res,FEMALE,On-Going
REGION VII,NEGROS ORIENTAL,CITY OF TANJAY,Res,FEMALE,Completed
REGION VII,NEGROS ORIENTAL,CITY OF TANJAY,Res,MALE,On-Going
REGION VII,NEGROS ORIENTAL,CITY OF TANJAY,Res,FEMALE,On-Going
REGION VII,NEGROS ORIENTAL,CITY OF TANJAY,Res,FEMALE,On-Going
REGION VII,NEGROS ORIENTAL,CITY OF TANJAY,Res,FEMALE,On-Going
REGION VII,NEGROS ORIENTAL,CITY OF TANJAY,Res,FEMALE,Pending
REGION VII,NEGROS ORIENTAL,CITY OF TANJAY,Res,MALE,On-Going
REGION VII,NEGROS ORIENTAL,CITY OF TANJAY,Ind,MALE,On-Going
REGION III,BULACAN,CITY OF MALOLOS (CAPITAL),Res,MALE,On-Going
REGION III,BULACAN,CITY OF MALOLOS (CAPITAL),Res,FEMALE,Completed
REGION III,BULACAN,CITY OF MALOLOS (CAPITAL),Res,MALE,On-Going
REGION III,BULACAN,CITY OF MALOLOS (CAPITAL),Res,MALE,On-Going
REGION III,BULACAN,CITY OF MALOLOS (CAPITAL),Ind,MALE,On-Going
REGION III,BULACAN,CITY OF MALOLOS (CAPITAL),Res,MALE,On-Going
REGION III,BULACAN,CITY OF MALOLOS (CAPITAL),Ind,FEMALE,Completed
REGION III,BULACAN,CITY OF MALOLOS (CAPITAL),Com,MALE,On-Going
REGION III,BULACAN,CITY OF MALOLOS (CAPITAL),Res,MALE,Cancelled
REGION III,BULACAN,CITY OF MALOLOS (CAPITAL),Ind,MALE,Completed
REGION III,BULACAN,CITY OF MALOLOS (CAPITAL),Res,FEMALE,On-Going
REGION III,BULACAN,CITY OF MALOLOS (CAPITAL),Ind,FEMALE,Completed
REGION III,BULACAN,CITY OF MALOLOS (CAPITAL),Res,FEMALE,Cancelled
REGION III,BULACAN,CITY OF MALOLOS (CAPITAL),Res,MALE,On-Going
REGION III,BULACAN,CITY OF MALOLOS (CAPITAL),Res,MALE,On-Going
REGION III,BULACAN,CITY OF MALOLOS (CAPITAL),Res,MALE,On-Going
REGION III,BULACAN,CITY OF MALOLOS (CAPITAL),Res,MALE,Completed
REGION III,BULACAN,CITY OF MALOLOS (CAPITAL),Res,FEMALE,On-Going
REGION III,BULACAN,CITY OF MALOLOS (CAPITAL),Res,FEMALE,Cancelled
REGION III,BULACAN,CITY OF MALOLOS (CAPITAL),Res,FEMALE,On-Going
REGION III,BULACAN,CITY OF MALOLOS (CAPITAL),Res,MALE,On-Going
REGION III,BULACAN,CITY OF MALOLOS (CAPITAL),Ind,MALE,On-Going
REGION III,BULACAN,CITY OF MALOLOS (CAPITAL),Res,MALE,On-Going
REGION III,BULACAN,CITY OF MALOLOS (CAPITAL),Res,MALE,On-Going
REGION III,BULACAN,CITY OF MALOLOS (CAPITAL),Res,FEMALE,On-Going
REGION III,BULACAN,CITY OF MALOLOS (CAPITAL),Res,FEMALE,Completed
REGION III,BULACAN,CITY OF MALOLOS (CAPITAL),Res,MALE,On-Going
REGION III,BULACAN,CITY OF MALOLOS (CAPITAL),Res,MALE,On-Going
REGION III,BULACAN,CITY OF MALOLOS (CAPITAL),Res,FEMALE,On-Going
REGION III,BULACAN,CITY OF MALOLOS (CAPITAL),Res,MALE,On-Going
REGION III,BULACAN,CITY OF MALOLOS (CAPITAL),Res,MALE,On-Going
REGION III,BULACAN,CITY OF MALOLOS (CAPITAL),Res,FEMALE,Completed
REGION III,BULACAN,CITY OF MALOLOS (CAPITAL),Res,FEMALE,Completed
REGION III,BULACAN,CITY OF MALOLOS (CAPITAL),Res,MALE,On-Going
REGION III,BULACAN,CITY OF MALOLOS (CAPITAL),Res,FEMALE,On-Going
REGION III,BULACAN,CITY OF MALOLOS (CAPITAL),Res,FEMALE,On-Going
REGION III,BULACAN,CITY OF MALOLOS (CAPITAL),Com,MALE,On-Going
REGION III,BULACAN,CITY OF MALOLOS (CAPITAL),Res,FEMALE,On-Going
REGION II,ISABELA,GAMU,Res,FEMALE,On-Going
REGION II,ISABELA,GAMU,Com,MALE,On-Going
REGION II,ISABELA,GAMU,Res,MALE,On-Going
REGION II,ISABELA,GAMU,Res,FEMALE,On-Going
REGION II,ISABELA,GAMU,Ind,MALE,On-Going
REGION II,ISABELA,GAMU,Res,FEMALE,On-Going
REGION II,ISABELA,GAMU,Res,FEMALE,On-Going
REGION II,ISABELA,GAMU,Res,FEMALE,Completed
REGION II,ISABELA,GAMU,Res,FEMALE,On-Going
REGION II,ISABELA,GAMU,Res,MALE,On-Going
REGION II,ISABELA,GAMU,Res,FEMALE,On-Going
REGION II,ISABELA,GAMU,Res,FEMALE,On-Going
REGION II,ISABELA,GAMU,Res,FEMALE,On-Going
REGION II,ISABELA,GAMU,Res,MALE,Completed
REGION II,ISABELA,GAMU,Com,FEMALE,On-Going
REGION II,ISABELA,GAMU,Ind,FEMALE,On-Going
REGION II,ISABELA,GAMU,Res,FEMALE,On-Going
REGION II,ISABELA,GAMU,Res,MALE,Completed
REGION II,ISABELA,GAMU,Res,FEMALE,On-Going
REGION II,ISABELA,GAMU,Res,FEMALE,On-Going
REGION II,ISABELA,GAMU,Ind,FEMALE,On-Going
REGION II,ISABELA,GAMU,Res,MALE,On-Going
REGION IX,ZAMBOANGA DEL NORTE,DAPITAN CITY,Res,MALE,On-Going
REGION IX,ZAMBOANGA DEL NORTE,DAPITAN CITY,Com,FEMALE,Pending
REGION IX,ZAMBOANGA DEL NORTE,DAPITAN CITY,Res,FEMALE,Pending
REGION IX,ZAMBOANGA DEL NORTE,DAPITAN CITY,Res,MALE,On-Going
REGION IX,ZAMBOANGA DEL NORTE,DAPITAN CITY,Res,FEMALE,On-Going
REGION IX,ZAMBOANGA DEL NORTE,DAPITAN CITY,Res,FEMALE,On-Going
REGION IX,ZAMBOANGA DEL NORTE,DAPITAN CITY,Res,FEMALE,Completed
REGION IX,ZAMBOANGA DEL NORTE,DAPITAN CITY,Res,MALE,Completed
REGION IX,ZAMBOANGA DEL NORTE,DAPITAN CITY,Com,FEMALE,On-Going
REGION IX,ZAMBOANGA DEL NORTE,DAPITAN CITY,Res,MALE,Completed
REGION IX,ZAMBOANGA DEL NORTE,DAPITAN CITY,Res,MALE,Completed
REGION IX,ZAMBOANGA DEL NORTE,DAPITAN CITY,Res,FEMALE,On-Going
REGION IX,ZAMBOANGA DEL NORTE,DAPITAN CITY,Ind,FEMALE,On-Going
REGION IX,ZAMBOANGA DEL NORTE,DAPITAN CITY,Res,MALE,Completed
REGION IX,ZAMBOANGA DEL NORTE,DAPITAN CITY,Res,FEMALE,On-Going
REGION IX,ZAMBOANGA DEL NORTE,DAPITAN CITY,Res,FEMALE,On-Going
REGION IX,ZAMBOANGA DEL NORTE,DAPITAN CITY,Com,FEMALE,Completed
REGION IX,ZAMBOANGA DEL NORTE,DAPITAN CITY,Res,FEMALE,Cancelled
REGION IX,ZAMBOANGA DEL NORTE,DAPITAN CITY,Res,FEMALE,On-Going
REGION IX,ZAMBOANGA DEL NORTE,DAPITAN CITY,Com,MALE,On-Going
REGION IX,ZAMBOANGA DEL NORTE,DAPITAN CITY,Res,FEMALE,On-Going
REGION IX,ZAMBOANGA DEL NORTE,DAPITAN CITY,Res,FEMALE,On-Going
REGION IX,ZAMBOANGA DEL NORTE,DAPITAN CITY,Res,MALE,Completed
REGION IX,ZAMBOANGA DEL NORTE,DAPITAN CITY,Res,MALE,On-Going
REGION IX,ZAMBOANGA DEL NORTE,DAPITAN CITY,Res,MALE,On-Going
REGION IX,ZAMBOANGA DEL NORTE,DAPITAN CITY,Res,MALE,On-Going
REGION IX,ZAMBOANGA DEL NORTE,DAPITAN CITY,Res,MALE,On-Going
REGION IX,ZAMBOANGA DEL NORTE,DAPITAN CITY,Ind,MALE,On-Going
REGION IX,ZAMBOANGA DEL NORTE,DAPITAN CITY,Ind,FEMALE,On-Going
REGION IX,ZAMBOANGA DEL NORTE,DAPITAN CITY,Res,FEMALE,On-Going
REGION IX,ZAMBOANGA DEL NORTE,DAPITAN CITY,Res,FEMALE,On-Going
REGION IX,ZAMBOANGA DEL NORTE,DAPITAN CITY,Res,FEMALE,On-Going
REGION IX,ZAMBOANGA DEL NORTE,DAPITAN CITY,Res,MALE,On-Going
REGION IX,ZAMBOANGA DEL NORTE,DAPITAN CITY,Res,FEMALE,Completed
REGION IX,ZAMBOANGA DEL NORTE,DAPITAN CITY,Ind,FEMALE,On-Going
REGION IX,ZAMBOANGA DEL NORTE,DAPITAN CITY,Ind,MALE,On-Going
REGION IX,ZAMBOANGA DEL NORTE,DAPITAN CITY,Res,MALE,On-Going
REGION IX,ZAMBOANGA DEL NORTE,DAPITAN CITY,Res,MALE,On-Going
REGION IX,ZAMBOANGA DEL NORTE,DAPITAN CITY,Res,MALE,On-Going
REGION IX,ZAMBOANGA DEL NORTE,DAPITAN CITY,Ind,FEMALE,Pending
REGION IX,ZAMBOANGA DEL NORTE,DAPITAN CITY,Res,FEMALE,On-Going
REGION IX,ZAMBOANGA DEL NORTE,DAPITAN CITY,Com,MALE,Pending
REGION IX,ZAMBOANGA DEL NORTE,DAPITAN CITY,Res,FEMALE,Completed
REGION IX,ZAMBOANGA DEL NORTE,DAPITAN CITY,Res,FEMALE,On-Going
BARMM,LANAO DEL SUR,KAPATAGAN,Res,MALE,Completed
BARMM,LANAO DEL SUR,KAPATAGAN,Ind,MALE,On-Going
BARMM,LANAO DEL SUR,KAPATAGAN,Res,MALE,On-Going
BARMM,LANAO DEL SUR,KAPATAGAN,Res,MALE,Completed
BARMM,LANAO DEL SUR,KAPATAGAN,Res,MALE,Completed
BARMM,LANAO DEL SUR,KAPATAGAN,Res,FEMALE,On-Going
BARMM,LANAO DEL SUR,KAPATAGAN,Res,MALE,Completed
BARMM,LANAO DEL SUR,KAPATAGAN,Res,MALE,On-Going
BARMM,LANAO DEL SUR,KAPATAGAN,Res,MALE,On-Going
BARMM,LANAO DEL SUR,KAPATAGAN,Res,FEMALE,On-Going
BARMM,LANAO DEL SUR,KAPATAGAN,Res,FEMALE,On-Going
BARMM,LANAO DEL SUR,KAPATAGAN,Com,MALE,On-Going
BARMM,LANAO DEL SUR,KAPATAGAN,Ind,FEMALE,On-Going
BARMM,LANAO DEL SUR,KAPATAGAN,Com,FEMALE,Completed
BARMM,LANAO DEL SUR,KAPATAGAN,Res,FEMALE,Completed
BARMM,LANAO DEL SUR,KAPATAGAN,Res,MALE,Pending
BARMM,LANAO DEL SUR,KAPATAGAN,Res,FEMALE,Completed
BARMM,LANAO DEL SUR,KAPATAGAN,Res,FEMALE,On-Going
BARMM,LANAO DEL SUR,KAPATAGAN,Res,MALE,On-Going
BARMM,LANAO DEL SUR,KAPATAGAN,Res,FEMALE,On-Going
BARMM,LANAO DEL SUR,KAPATAGAN,Res,FEMALE,Completed
BARMM,LANAO DEL SUR,KAPATAGAN,Res,FEMALE,On-Going
BARMM,LANAO DEL SUR,KAPATAGAN,Res,FEMALE,On-Going
BARMM,LANAO DEL SUR,KAPATAGAN,Res,MALE,Completed
BARMM,LANAO DEL SUR,KAPATAGAN,Res,MALE,On-Going
BARMM,LANAO DEL SUR,KAPATAGAN,Res,MALE,Cancelled
BARMM,LANAO DEL SUR,KAPATAGAN,Res,MALE,Pending
BARMM,LANAO DEL SUR,KAPATAGAN,Res,FEMALE,Cancelled
BARMM,LANAO DEL SUR,KAPATAGAN,Res,FEMALE,On-Going
NCR,METROPOLITAN MANILA FOURTH DISTRICT,TAGUIG CITY,Res,FEMALE,On-Going
NCR,METROPOLITAN MANILA FOURTH DISTRICT,TAGUIG CITY,Ind,MALE,Cancelled
NCR,METROPOLITAN MANILA FOURTH DISTRICT,TAGUIG CITY,Res,MALE,On-Going
NCR,METROPOLITAN MANILA FOURTH DISTRICT,TAGUIG CITY,Ind,MALE,On-Going
NCR,METROPOLITAN MANILA FOURTH DISTRICT,TAGUIG CITY,Ind,MALE,On-Going
NCR,METROPOLITAN MANILA FOURTH DISTRICT,TAGUIG CITY,Res,FEMALE,Completed
NCR,METROPOLITAN MANILA FOURTH DISTRICT,TAGUIG CITY,Res,MALE,On-Going
NCR,METROPOLITAN MANILA FOURTH DISTRICT,TAGUIG CITY,Ind,MALE,On-Going
NCR,METROPOLITAN MANILA FOURTH DISTRICT,TAGUIG CITY,Res,FEMALE,On-Going
NCR,METROPOLITAN MANILA FOURTH DISTRICT,TAGUIG CITY,Res,FEMALE,On-Going
NCR,METROPOLITAN MANILA FOURTH DISTRICT,TAGUIG CITY,Res,FEMALE,On-Going
NCR,METROPOLITAN MANILA FOURTH DISTRICT,TAGUIG CITY,Res,FEMALE,On-Going
NCR,METROPOLITAN MANILA FOURTH DISTRICT,TAGUIG CITY,Com,MALE,Completed
NCR,METROPOLITAN MANILA FOURTH DISTRICT,TAGUIG CITY,Res,MALE,Pending
NCR,METROPOLITAN MANILA FOURTH DISTRICT,TAGUIG CITY,Res,MALE,On-Going
NCR,METROPOLITAN MANILA FOURTH DISTRICT,TAGUIG CITY,Res,MALE,On-Going
NCR,METROPOLITAN MANILA FOURTH DISTRICT,TAGUIG CITY,Ind,MALE,On-Going
NCR,METROPOLITAN MANILA FOURTH DISTRICT,TAGUIG CITY,Res,MALE,On-Going
NCR,METROPOLITAN MANILA FOURTH DISTRICT,TAGUIG CITY,Com,FEMALE,On-Going
NCR,METROPOLITAN MANILA FOURTH DISTRICT,TAGUIG CITY,Res,MALE,On-Going
NCR,METROPOLITAN MANILA FOURTH DISTRICT,TAGUIG CITY,Res,FEMALE,On-Going
NCR,METROPOLITAN MANILA FOURTH DISTRICT,TAGUIG CITY,Res,MALE,On-Going
NCR,METROPOLITAN MANILA FOURTH DISTRICT,TAGUIG CITY,Res,FEMALE,Completed
NCR,METROPOLITAN MANILA FOURTH DISTRICT,TAGUIG CITY,Res,MALE,On-Going
NCR,METROPOLITAN MANILA FOURTH DISTRICT,TAGUIG CITY,Res,MALE,Cancelled
NCR,METROPOLITAN MANILA FOURTH DISTRICT,TAGUIG CITY,Res,FEMALE,Pending
NCR,METROPOLITAN MANILA FOURTH DISTRICT,TAGUIG CITY,Com,FEMALE,On-Going
NCR,METROPOLITAN MANILA FOURTH DISTRICT,TAGUIG CITY,Res,FEMALE,On-Going
NCR,METROPOLITAN MANILA FOURTH DISTRICT,TAGUIG CITY,Res,MALE,On-Going
NCR,METROPOLITAN MANILA FOURTH DISTRICT,TAGUIG CITY,Com,FEMALE,On-Going
NCR,METROPOLITAN MANILA FOURTH DISTRICT,TAGUIG CITY,Res,MALE,On-Going
NCR,METROPOLITAN MANILA FOURTH DISTRICT,TAGUIG CITY,Res,MALE,On-Going
NCR,METROPOLITAN MANILA FOURTH DISTRICT,TAGUIG CITY,Com,MALE,On-Going
NCR,METROPOLITAN MANILA FOURTH DISTRICT,TAGUIG CITY,Res,FEMALE,On-Going
NCR,METROPOLITAN MANILA FOURTH DISTRICT,TAGUIG CITY,Com,MALE,On-Going
NCR,METROPOLITAN MANILA FOURTH DISTRICT,TAGUIG CITY,Res,FEMALE,On-Going
NCR,METROPOLITAN MANILA FOURTH DISTRICT,TAGUIG CITY,Res,FEMALE,Pending
NCR,METROPOLITAN MANILA FOURTH DISTRICT,TAGUIG CITY,Res,MALE,On-Going
NCR,METROPOLITAN MANILA FOURTH DISTRICT,TAGUIG CITY,Ind,FEMALE,Completed
NCR,METROPOLITAN MANILA FOURTH DISTRICT,TAGUIG CITY,Ind,FEMALE,On-Going
NCR,METROPOLITAN MANILA FOURTH DISTRICT,TAGUIG CITY,Res,FEMALE,Completed
NCR,METROPOLITAN MANILA FOURTH DISTRICT,TAGUIG CITY,Res,MALE,On-Going
NCR,METROPOLITAN MANILA FOURTH DISTRICT,TAGUIG CITY,Ind,FEMALE,On-Going
NCR,METROPOLITAN MANILA FOURTH DISTRICT,TAGUIG CITY,Res,MALE,On-Going
NCR,METROPOLITAN MANILA FOURTH DISTRICT,TAGUIG CITY,Res,FEMALE,On-Going
NCR,METROPOLITAN MANILA FOURTH DISTRICT,TAGUIG CITY,Ind,FEMALE,On-Going
NCR,METROPOLITAN MANILA FOURTH DISTRICT,TAGUIG CITY,Res,FEMALE,Completed
NCR,METROPOLITAN MANILA FOURTH DISTRICT,TAGUIG CITY,Res,FEMALE,On-Going
NCR,METROPOLITAN MANILA FOURTH DISTRICT,TAGUIG CITY,Res,MALE,Completed
REGION XII,COTABATO (NORTH COTABATO),LIBUNGAN,Com,FEMALE,On-Going
REGION XII,COTABATO (NORTH COTABATO),LIBUNGAN,Res,FEMALE,On-Going
REGION XII,COTABATO (NORTH COTABATO),LIBUNGAN,Res,FEMALE,On-Going
REGION XII,COTABATO (NORTH COTABATO),LIBUNGAN,Res,MALE,Completed
REGION XII,COTABATO (NORTH COTABATO),LIBUNGAN,Res,MALE,On-Going
REGION XII,COTABATO (NORTH COTABATO),LIBUNGAN,Res,FEMALE,On-Going
REGION XII,COTABATO (NORTH COTABATO),LIBUNGAN,Res,MALE,On-Going
REGION XII,COTABATO (NORTH COTABATO),LIBUNGAN,Res,MALE,On-Going
REGION XII,COTABATO (NORTH COTABATO),LIBUNGAN,Res,FEMALE,On-Going
REGION XII,COTABATO (NORTH COTABATO),LIBUNGAN,Res,FEMALE,Completed
REGION XII,COTABATO (NORTH COTABATO),LIBUNGAN,Res,FEMALE,Completed
REGION XII,COTABATO (NORTH COTABATO),LIBUNGAN,Res,FEMALE,On-Going
REGION I,ILOCOS NORTE,CURRIMAO,Res,MALE,Completed
REGION I,ILOCOS NORTE,CURRIMAO,Com,FEMALE,Completed
REGION I,ILOCOS NORTE,CURRIMAO,Res,FEMALE,On-Going
REGION I,ILOCOS NORTE,CURRIMAO,Res,MALE,Completed
REGION I,ILOCOS NORTE,CURRIMAO,Res,MALE,On-Going
REGION I,ILOCOS NORTE,CURRIMAO,Res,MALE,On-Going
REGION I,ILOCOS NORTE,CURRIMAO,Res,FEMALE,On-Going
REGION I,ILOCOS NORTE,CURRIMAO,Com,FEMALE,Completed
REGION I,ILOCOS NORTE,CURRIMAO,Res,FEMALE,On-Going
REGION I,ILOCOS NORTE,CURRIMAO,Res,FEMALE,On-Going
REGION I,ILOCOS NORTE,CURRIMAO,Res,MALE,On-Going
REGION I,ILOCOS NORTE,CURRIMAO,Res,FEMALE,Pending
REGION I,ILOCOS NORTE,CURRIMAO,Com,MALE,On-Going
REGION I,ILOCOS NORTE,CURRIMAO,Res,FEMALE,On-Going
REGION I,ILOCOS NORTE,CURRIMAO,Res,FEMALE,On-Going
REGION I,ILOCOS NORTE,CURRIMAO,Res,FEMALE,On-Going
REGION I,ILOCOS NORTE,CURRIMAO,Res,MALE,Pending
REGION I,ILOCOS NORTE,CURRIMAO,Res,FEMALE,On-Going
REGION I,ILOCOS NORTE,CURRIMAO,Res,FEMALE,On-Going
REGION I,ILOCOS NORTE,CURRIMAO,Res,MALE,On-Going
REGION I,ILOCOS NORTE,CURRIMAO,Res,FEMALE,On-Going
REGION I,ILOCOS NORTE,CURRIMAO,Res,FEMALE,On-Going
REGION I,ILOCOS NORTE,CURRIMAO,Res,FEMALE,On-Going
REGION I,ILOCOS NORTE,CURRIMAO,Res,FEMALE,On-Going
REGION I,ILOCOS NORTE,CURRIMAO,Com,MALE,On-Going
REGION I,ILOCOS NORTE,CURRIMAO,Res,FEMALE,Completed
REGION I,ILOCOS NORTE,CURRIMAO,Res,MALE,Completed
REGION I,ILOCOS NORTE,CURRIMAO,Res,MALE,On-Going
REGION I,ILOCOS NORTE,CURRIMAO,Res,FEMALE,On-Going
REGION I,ILOCOS NORTE,CURRIMAO,Res,MALE,On-Going
REGION I,ILOCOS NORTE,CURRIMAO,Res,FEMALE,On-Going
REGION I,ILOCOS NORTE,CURRIMAO,Res,MALE,On-Going
REGION I,ILOCOS NORTE,CURRIMAO,Res,MALE,Completed
REGION I,ILOCOS NORTE,CURRIMAO,Ind,FEMALE,On-Going
REGION I,ILOCOS NORTE,CURRIMAO,Res,MALE,On-Going
REGION XI,DAVAO ORIENTAL,MANAY,Res,FEMALE,Completed
REGION XI,DAVAO ORIENTAL,MANAY,Ind,FEMALE,On-Going
REGION XI,DAVAO ORIENTAL,MANAY,Res,MALE,On-Going
REGION XI,DAVAO ORIENTAL,MANAY,Res,MALE,On-Going
REGION XI,DAVAO ORIENTAL,MANAY,Ind,MALE,On-Going
REGION XI,DAVAO ORIENTAL,MANAY,Ind,MALE,Pending
REGION XI,DAVAO ORIENTAL,MANAY,Res,FEMALE,On-Going
REGION XI,DAVAO ORIENTAL,MANAY,Res,MALE,Completed
REGION XI,DAVAO ORIENTAL,MANAY,Ind,FEMALE,On-Going
REGION XI,DAVAO ORIENTAL,MANAY,Res,FEMALE,Completed
REGION XI,DAVAO ORIENTAL,MANAY,Com,MALE,On-Going
REGION XI,DAVAO ORIENTAL,MANAY,Res,MALE,On-Going
REGION VII,SIQUIJOR,ENRIQUE VILLANUEVA,Res,MALE,On-Going
REGION VII,SIQUIJOR,ENRIQUE VILLANUEVA,Res,FEMALE,On-Going
REGION VII,SIQUIJOR,ENRIQUE VILLANUEVA,Res,FEMALE,On-Going
REGION VII,SIQUIJOR,ENRIQUE VILLANUEVA,Res,FEMALE,Completed
REGION VII,SIQUIJOR,ENRIQUE VILLANUEVA,Res,FEMALE,Completed
REGION VII,SIQUIJOR,ENRIQUE VILLANUEVA,Com,FEMALE,On-Going
REGION VII,SIQUIJOR,ENRIQUE VILLANUEVA,Com,FEMALE,On-Going
REGION VII,SIQUIJOR,ENRIQUE VILLANUEVA,Com,FEMALE,On-Going
REGION VII,SIQUIJOR,ENRIQUE VILLANUEVA,Res,FEMALE,On-Going
REGION VII,SIQUIJOR,ENRIQUE VILLANUEVA,Res,MALE,Pending
REGION VII,SIQUIJOR,ENRIQUE VILLANUEVA,Res,MALE,Completed
REGION VII,SIQUIJOR,ENRIQUE VILLANUEVA,Res,MALE,Pending
REGION VII,SIQUIJOR,ENRIQUE VILLANUEVA,Com,MALE,On-Going
REGION VII,SIQUIJOR,ENRIQUE VILLANUEVA,Ind,FEMALE,On-Going
REGION VII,SIQUIJOR,ENRIQUE VILLANUEVA,Res,MALE,Pending
REGION VII,SIQUIJOR,ENRIQUE VILLANUEVA,Res,FEMALE,On-Going
REGION VII,SIQUIJOR,ENRIQUE VILLANUEVA,Res,MALE,On-Going
REGION VII,SIQUIJOR,ENRIQUE VILLANUEVA,Ind,MALE,Completed
REGION VII,SIQUIJOR,ENRIQUE VILLANUEVA,Res,MALE,Completed
REGION VII,SIQUIJOR,ENRIQUE VILLANUEVA,Ind,MALE,On-Going
REGION VII,SIQUIJOR,ENRIQUE VILLANUEVA,Res,FEMALE,On-Going
REGION VII,SIQUIJOR,ENRIQUE VILLANUEVA,Res,FEMALE,On-Going
REGION VII,SIQUIJOR,ENRIQUE VILLANUEVA,Res,FEMALE,Cancelled
REGION VII,SIQUIJOR,ENRIQUE VILLANUEVA,Res,MALE,On-Going
REGION VII,SIQUIJOR,ENRIQUE VILLANUEVA,Res,FEMALE,On-Going
REGION VII,SIQUIJOR,ENRIQUE VILLANUEVA,Res,FEMALE,On-Going
REGION VII,SIQUIJOR,ENRIQUE VILLANUEVA,Res,MALE,Completed
REGION VII,SIQUIJOR,ENRIQUE VILLANUEVA,Res,FEMALE,On-Going
REGION II,ISABELA,BURGOS,Res,MALE,On-Going
REGION II,ISABELA,BURGOS,Res,MALE,On-Going
REGION II,ISABELA,BURGOS,Res,MALE,On-Going
REGION II,ISABELA,BURGOS,Res,MALE,Completed
REGION II,ISABELA,BURGOS,Res,MALE,Cancelled
REGION II,ISABELA,BURGOS,Res,FEMALE,On-Going
REGION II,ISABELA,BURGOS,Res,FEMALE,On-Going
REGION II,ISABELA,BURGOS,Res,FEMALE,Cancelled
REGION II,ISABELA,BURGOS,Res,FEMALE,On-Going
REGION II,ISABELA,BURGOS,Com,FEMALE,On-Going
REGION II,ISABELA,BURGOS,Res,FEMALE,Completed
REGION II,ISABELA,BURGOS,Ind,MALE,Completed
REGION II,ISABELA,BURGOS,Res,MALE,On-Going
REGION II,ISABELA,BURGOS,Res,MALE,On-Going
REGION II,ISABELA,BURGOS,Res,FEMALE,Pending
REGION II,ISABELA,BURGOS,Res,MALE,On-Going
REGION II,ISABELA,BURGOS,Ind,FEMALE,On-Going
REGION II,ISABELA,BURGOS,Res,FEMALE,On-Going
REGION II,ISABELA,BURGOS,Ind,FEMALE,On-Going
REGION II,ISABELA,BURGOS,Res,MALE,Completed
REGION II,ISABELA,BURGOS,Res,FEMALE,Pending
REGION II,ISABELA,BURGOS,Ind,MALE,On-Going
REGION II,ISABELA,BURGOS,Res,FEMALE,Completed
REGION II,ISABELA,BURGOS,Res,MALE,On-Going
REGION II,ISABELA,BURGOS,Res,MALE,Completed
REGION II,ISABELA,BURGOS,Ind,FEMALE,On-Going
REGION II,ISABELA,BURGOS,Res,MALE,Completed
REGION II,ISABELA,BURGOS,Res,MALE,On-Going
REGION II,ISABELA,BURGOS,Res,MALE,On-Going
REGION II,ISABELA,BURGOS,Res,FEMALE,On-Going
REGION II,ISABELA,BURGOS,Com,MALE,Cancelled
REGION II,ISABELA,BURGOS,Res,MALE,Cancelled
REGION II,ISABELA,BURGOS,Res,MALE,On-Going
REGION II,ISABELA,BURGOS,Res,MALE,On-Going
REGION II,ISABELA,BURGOS,Ind,FEMALE,On-Going
REGION II,ISABELA,BURGOS,Res,MALE,On-Going
REGION II,ISABELA,BURGOS,Res,FEMALE,On-Going
REGION II,ISABELA,BURGOS,Res,MALE,On-Going
REGION II,ISABELA,BURGOS,Res,FEMALE,On-Going
REGION VIII,EASTERN SAMAR,LAWAAN,Res,MALE,On-Going
REGION VIII,EASTERN SAMAR,LAWAAN,Ind,MALE,Cancelled
REGION VIII,EASTERN SAMAR,LAWAAN,Res,FEMALE,On-Going
REGION VIII,EASTERN SAMAR,LAWAAN,Ind,MALE,On-Going
REGION VIII,EASTERN SAMAR,LAWAAN,Res,FEMALE,On-Going
REGION VIII,EASTERN SAMAR,LAWAAN,Ind,MALE,On-Going
REGION VIII,EASTERN SAMAR,LAWAAN,Ind,MALE,On-Going
REGION VIII,EASTERN SAMAR,LAWAAN,Ind,FEMALE,Completed
REGION VIII,EASTERN SAMAR,LAWAAN,Res,MALE,On-Going
REGION VIII,EASTERN SAMAR,LAWAAN,Res,FEMALE,On-Going
REGION VIII,EASTERN SAMAR,LAWAAN,Res,MALE,On-Going
REGION VIII,EASTERN SAMAR,LAWAAN,Res,MALE,On-Going
REGION VIII,EASTERN SAMAR,LAWAAN,Res,MALE,On-Going
REGION VIII,EASTERN SAMAR,LAWAAN,Res,FEMALE,On-Going
REGION VIII,EASTERN SAMAR,LAWAAN,Res,FEMALE,On-Going
REGION VIII,EASTERN SAMAR,LAWAAN,Res,MALE,On-Going
REGION VIII,EASTERN SAMAR,LAWAAN,Res,FEMALE,On-Going
REGION VIII,EASTERN SAMAR,LAWAAN,Res,MALE,On-Going
REGION VIII,EASTERN SAMAR,LAWAAN,Com,FEMALE,On-Going
REGION VIII,EASTERN SAMAR,LAWAAN,Res,FEMALE,Completed
REGION VIII,EASTERN SAMAR,LAWAAN,Res,MALE,On-Going
REGION VIII,EASTERN SAMAR,LAWAAN,Res,FEMALE,On-Going
REGION VIII,EASTERN SAMAR,LAWAAN,Res,MALE,On-Going
REGION VIII,EASTERN SAMAR,LAWAAN,Res,FEMALE,On-Going
REGION VIII,EASTERN SAMAR,LAWAAN,Res,MALE,On-Going
REGION VIII,EASTERN SAMAR,LAWAAN,Com,FEMALE,On-Going
REGION VIII,EASTERN SAMAR,LAWAAN,Res,FEMALE,Cancelled
REGION VIII,EASTERN SAMAR,LAWAAN,Res,MALE,On-Going
REGION VIII,EASTERN SAMAR,LAWAAN,Ind,MALE,On-Going
REGION VIII,EASTERN SAMAR,LAWAAN,Res,MALE,On-Going
REGION VIII,EASTERN SAMAR,LAWAAN,Res,MALE,On-Going
REGION VIII,EASTERN SAMAR,LAWAAN,Res,MALE,Completed
REGION VIII,EASTERN SAMAR,LAWAAN,Com,FEMALE,On-Going
REGION VIII,EASTERN SAMAR,LAWAAN,Res,MALE,On-Going
REGION IV-A,QUEZON,BURDEOS,Res,FEMALE,On-Going
REGION IV-A,QUEZON,BURDEOS,Res,FEMALE,On-Going
REGION IV-A,QUEZON,BURDEOS,Res,MALE,Completed
REGION IV-A,QUEZON,BURDEOS,Res,FEMALE,On-Going
REGION IV-A,QUEZON,BURDEOS,Res,MALE,Cancelled
REGION IV-A,QUEZON,BURDEOS,Res,MALE,On-Going
REGION IV-A,QUEZON,BURDEOS,Res,FEMALE,On-Going
REGION IV-A,QUEZON,BURDEOS,Res,MALE,On-Going
REGION IV-A,QUEZON,BURDEOS,Ind,FEMALE,On-Going
REGION IV-A,QUEZON,BURDEOS,Res,MALE,Completed
REGION IV-A,QUEZON,BURDEOS,Ind,FEMALE,On-Going
REGION IV-A,QUEZON,BURDEOS,Res,MALE,Completed
REGION IV-A,QUEZON,BURDEOS,Res,FEMALE,Completed
REGION IV-A,QUEZON,BURDEOS,Ind,FEMALE,On-Going
REGION IV-A,QUEZON,BURDEOS,Res,MALE,On-Going
REGION IV-A,QUEZON,BURDEOS,Res,FEMALE,On-Going
REGION IV-A,QUEZON,BURDEOS,Com,FEMALE,On-Going
REGION IV-A,QUEZON,BURDEOS,Res,MALE,On-Going
REGION IV-A,QUEZON,BURDEOS,Res,MALE,On-Going
REGION IV-A,QUEZON,BURDEOS,Res,MALE,On-Going
REGION IV-A,QUEZON,BURDEOS,Res,FEMALE,On-Going
REGION IV-A,QUEZON,BURDEOS,Res,FEMALE,On-Going
REGION IV-A,QUEZON,BURDEOS,Res,FEMALE,Completed
REGION IV-A,QUEZON,BURDEOS,Res,FEMALE,On-Going
REGION IV-A,QUEZON,BURDEOS,Ind,FEMALE,On-Going
REGION IV-A,QUEZON,BURDEOS,Ind,MALE,On-Going
REGION IV-A,QUEZON,BURDEOS,Res,MALE,Pending
REGION IV-A,QUEZON,BURDEOS,Ind,FEMALE,On-Going
REGION IV-A,QUEZON,BURDEOS,Res,MALE,On-Going
REGION IV-A,QUEZON,BURDEOS,Res,MALE,Cancelled
REGION IV-A,QUEZON,BURDEOS,Res,FEMALE,Completed
REGION IV-A,QUEZON,BURDEOS,Ind,MALE,On-Going
REGION IV-A,QUEZON,BURDEOS,Ind,MALE,On-Going
REGION IV-A,QUEZON,BURDEOS,Com,FEMALE,On-Going
REGION IV-A,QUEZON,BURDEOS,Res,MALE,Completed
REGION IV-A,QUEZON,BURDEOS,Res,FEMALE,Cancelled
REGION IV-A,QUEZON,BURDEOS,Res,FEMALE,On-Going
REGION IV-A,QUEZON,BURDEOS,Com,MALE,On-Going
REGION IV-A,QUEZON,BURDEOS,Res,FEMALE,On-Going
REGION IV-A,QUEZON,BURDEOS,Res,MALE,Completed
REGION IV-A,QUEZON,BURDEOS,Res,MALE,Pending
REGION IV-A,QUEZON,BURDEOS,Res,FEMALE,On-Going
REGION IV-A,QUEZON,BURDEOS,Res,FEMALE,On-Going
REGION IV-A,QUEZON,BURDEOS,Res,FEMALE,On-Going
REGION IV-B,ORIENTAL MINDORO,BANSUD,Res,MALE,On-Going
REGION IV-B,ORIENTAL MINDORO,BANSUD,Res,MALE,On-Going
REGION IV-B,ORIENTAL MINDORO,BANSUD,Res,MALE,On-Going
REGION IV-B,ORIENTAL MINDORO,BANSUD,Res,MALE,On-Going
REGION IV-B,ORIENTAL MINDORO,BANSUD,Res,FEMALE,On-Going
REGION IV-B,ORIENTAL MINDORO,BANSUD,Res,FEMALE,On-Going
REGION IV-B,ORIENTAL MINDORO,BANSUD,Res,FEMALE,On-Going
REGION IV-B,ORIENTAL MINDORO,BANSUD,Com,MALE,Cancelled
REGION IV-B,ORIENTAL MINDORO,BANSUD,Ind,MALE,Completed
REGION IV-B,ORIENTAL MINDORO,BANSUD,Res,MALE,Cancelled
REGION IV-B,ORIENTAL MINDORO,BANSUD,Res,FEMALE,On-Going
REGION IV-B,ORIENTAL MINDORO,BANSUD,Res,FEMALE,On-Going
REGION IV-B,ORIENTAL MINDORO,BANSUD,Res,FEMALE,Pending
REGION IV-B,ORIENTAL MINDORO,BANSUD,Ind,MALE,On-Going
REGION IV-B,ORIENTAL MINDORO,BANSUD,Res,FEMALE,Completed
REGION IV-B,ORIENTAL MINDORO,BANSUD,Ind,MALE,On-Going
REGION IV-B,ORIENTAL MINDORO,BANSUD,Res,MALE,On-Going
REGION IV-B,ORIENTAL MINDORO,BANSUD,Res,MALE,On-Going
REGION IV-B,ORIENTAL MINDORO,BANSUD,Res,MALE,On-Going
REGION IV-B,ORIENTAL MINDORO,BANSUD,Res,MALE,On-Going
REGION IV-B,ORIENTAL MINDORO,BANSUD,Res,MALE,Completed
REGION IV-B,ORIENTAL MINDORO,BANSUD,Res,MALE,On-Going
REGION IV-B,ORIENTAL MINDORO,BANSUD,Ind,MALE,On-Going
REGION IV-B,ORIENTAL MINDORO,BANSUD,Res,FEMALE,On-Going
REGION IV-B,ORIENTAL MINDORO,BANSUD,Ind,FEMALE,On-Going
REGION IV-B,ORIENTAL MINDORO,BANSUD,Res,MALE,On-Going
REGION IV-B,ORIENTAL MINDORO,BANSUD,Res,FEMALE,On-Going
REGION IV-B,ORIENTAL MINDORO,BANSUD,Res,FEMALE,On-Going
REGION IV-B,ORIENTAL MINDORO,BANSUD,Res,FEMALE,On-Going
REGION IV-B,ORIENTAL MINDORO,BANSUD,Com,FEMALE,On-Going
REGION IV-B,ORIENTAL MINDORO,BANSUD,Res,MALE,On-Going
REGION IV-B,ORIENTAL MINDORO,BANSUD,Ind,FEMALE,Completed
REGION IV-B,ORIENTAL MINDORO,BANSUD,Res,MALE,On-Going
REGION IV-B,ORIENTAL MINDORO,BANSUD,Res,FEMALE,On-Going
REGION IV-B,ORIENTAL MINDORO,BANSUD,Res,FEMALE,On-Going
REGION IV-B,ORIENTAL MINDORO,BANSUD,Com,FEMALE,On-Going
REGION IV-B,ORIENTAL MINDORO,BANSUD,Res,FEMALE,Completed
REGION IV-B,ORIENTAL MINDORO,BANSUD,Res,FEMALE,On-Going
REGION IV-B,ORIENTAL MINDORO,BANSUD,Res,MALE,On-Going
REGION IV-B,ORIENTAL MINDORO,BANSUD,Res,MALE,On-Going
REGION IV-B,ORIENTAL MINDORO,BANSUD,Res,FEMALE,Completed
REGION IV-B,ORIENTAL MINDORO,BANSUD,Res,FEMALE,On-Going
REGION IV-B,ORIENTAL MINDORO,BANSUD,Res,FEMALE,Completed
REGION IV-B,ORIENTAL MINDORO,BANSUD,Ind,FEMALE,On-Going
REGION IV-B,ORIENTAL MINDORO,BANSUD,Res,MALE,On-Going
REGION IV-B,ORIENTAL MINDORO,BANSUD,Res,FEMALE,On-Going
REGION IV-B,ORIENTAL MINDORO,BANSUD,Res,MALE,Pending
REGION IV-B,ORIENTAL MINDORO,BANSUD,Res,MALE,On-Going
REGION IV-A,QUEZON,SAN ANTONIO,Res,MALE,On-Going
REGION IV-A,QUEZON,SAN ANTONIO,Res,MALE,Completed
REGION IV-A,QUEZON,SAN ANTONIO,Res,FEMALE,On-Going
REGION IV-A,QUEZON,SAN ANTONIO,Com,MALE,Pending
REGION IV-A,QUEZON,SAN ANTONIO,Res,MALE,Completed
REGION IV-A,QUEZON,SAN ANTONIO,Com,MALE,Completed
REGION IV-A,QUEZON,SAN ANTONIO,Ind,FEMALE,Pending
REGION IV-A,QUEZON,SAN ANTONIO,Res,FEMALE,On-Going
REGION IV-A,QUEZON,SAN ANTONIO,Res,MALE,On-Going
REGION IV-A,QUEZON,SAN ANTONIO,Res,FEMALE,Cancelled
REGION IV-A,QUEZON,SAN ANTONIO,Com,MALE,Pending
REGION IV-A,QUEZON,SAN ANTONIO,Com,MALE,On-Going
REGION IV-A,QUEZON,SAN ANTONIO,Res,FEMALE,On-Going
REGION IV-A,QUEZON,SAN ANTONIO,Res,MALE,On-Going
REGION IV-A,QUEZON,SAN ANTONIO,Res,FEMALE,On-Going
REGION IV-A,QUEZON,SAN ANTONIO,Res,FEMALE,Completed
REGION IV-A,QUEZON,SAN ANTONIO,Res,FEMALE,On-Going
REGION IV-A,QUEZON,SAN ANTONIO,Com,FEMALE,On-Going
REGION IV-A,QUEZON,SAN ANTONIO,Ind,FEMALE,On-Going
REGION IV-A,QUEZON,SAN ANTONIO,Res,MALE,Completed
REGION IV-A,QUEZON,SAN ANTONIO,Res,FEMALE,Completed
BARMM,SULU,PANGLIMA ESTINO (NEW PANAMAO),Res,FEMALE,On-Going
BARMM,SULU,PANGLIMA ESTINO (NEW PANAMAO),Res,MALE,On-Going
BARMM,SULU,PANGLIMA ESTINO (NEW PANAMAO),Ind,FEMALE,On-Going
BARMM,SULU,PANGLIMA ESTINO (NEW PANAMAO),Res,FEMALE,Cancelled
BARMM,SULU,PANGLIMA ESTINO (NEW PANAMAO),Res,MALE,On-Going
BARMM,SULU,PANGLIMA ESTINO (NEW PANAMAO),Ind,FEMALE,On-Going
BARMM,SULU,PANGLIMA ESTINO (NEW PANAMAO),Res,MALE,On-Going
BARMM,SULU,PANGLIMA ESTINO (NEW PANAMAO),Res,FEMALE,On-Going
BARMM,SULU,PANGLIMA ESTINO (NEW PANAMAO),Res,MALE,Cancelled
BARMM,SULU,PANGLIMA ESTINO (NEW PANAMAO),Res,FEMALE,Cancelled
BARMM,SULU,PANGLIMA ESTINO (NEW PANAMAO),Com,MALE,Cancelled
BARMM,SULU,PANGLIMA ESTINO (NEW PANAMAO),Com,FEMALE,On-Going
BARMM,SULU,PANGLIMA ESTINO (NEW PANAMAO),Res,FEMALE,On-Going
BARMM,SULU,PANGLIMA ESTINO (NEW PANAMAO),Res,FEMALE,Cancelled
BARMM,SULU,PANGLIMA ESTINO (NEW PANAMAO),Res,MALE,On-Going
BARMM,SULU,PANGLIMA ESTINO (NEW PANAMAO),Res,MALE,Completed
BARMM,SULU,PANGLIMA ESTINO (NEW PANAMAO),Res,MALE,On-Going
BARMM,SULU,PANGLIMA ESTINO (NEW PANAMAO),Res,MALE,Pending
BARMM,SULU,PANGLIMA ESTINO (NEW PANAMAO),Ind,FEMALE,On-Going
BARMM,SULU,PANGLIMA ESTINO (NEW PANAMAO),Res,MALE,On-Going
BARMM,SULU,PANGLIMA ESTINO (NEW PANAMAO),Res,MALE,On-Going
BARMM,SULU,PANGLIMA ESTINO (NEW PANAMAO),Res,MALE,Pending
BARMM,SULU,PANGLIMA ESTINO (NEW PANAMAO),Res,MALE,On-Going
BARMM,SULU,PANGLIMA ESTINO (NEW PANAMAO),Res,MALE,Cancelled
BARMM,SULU,PANGLIMA ESTINO (NEW PANAMAO),Res,FEMALE,On-Going
BARMM,SULU,PANGLIMA ESTINO (NEW PANAMAO),Res,FEMALE,Completed
BARMM,SULU,PANGLIMA ESTINO (NEW PANAMAO),Ind,FEMALE,On-Going
BARMM,SULU,PANGLIMA ESTINO (NEW PANAMAO),Res,MALE,On-Going
BARMM,SULU,PANGLIMA ESTINO (NEW PANAMAO),Res,FEMALE,On-Going
BARMM,SULU,PANGLIMA ESTINO (NEW PANAMAO),Res,MALE,On-Going
BARMM,SULU,PANGLIMA ESTINO (NEW PANAMAO),Res,FEMALE,Completed
BARMM,SULU,PANGLIMA ESTINO (NEW PANAMAO),Res,FEMALE,On-Going
BARMM,SULU,PANGLIMA ESTINO (NEW PANAMAO),Com,MALE,On-Going
BARMM,SULU,PANGLIMA ESTINO (NEW PANAMAO),Res,FEMALE,Completed
BARMM,SULU,PANGLIMA ESTINO (NEW PANAMAO),Res,FEMALE,On-Going
REGION IV-A,QUEZON,PITOGO,Com,MALE,On-Going
REGION IV-A,QUEZON,PITOGO,Res,FEMALE,On-Going
REGION IV-A,QUEZON,PITOGO,Res,FEMALE,On-Going
REGION IV-A,QUEZON,PITOGO,Res,FEMALE,On-Going
REGION IV-A,QUEZON,PITOGO,Res,FEMALE,On-Going
REGION IV-A,QUEZON,PITOGO,Res,FEMALE,On-Going
REGION IV-A,QUEZON,PITOGO,Res,FEMALE,On-Going
REGION IV-A,QUEZON,PITOGO,Res,MALE,On-Going
REGION IV-A,QUEZON,PITOGO,Ind,FEMALE,On-Going
REGION IV-A,QUEZON,PITOGO,Res,FEMALE,On-Going
REGION IV-A,QUEZON,PITOGO,Res,MALE,On-Going
REGION IV-A,QUEZON,PITOGO,Res,MALE,On-Going
REGION IV-A,QUEZON,PITOGO,Res,MALE,On-Going
REGION IV-A,QUEZON,PITOGO,Res,FEMALE,On-Going
REGION IV-A,QUEZON,PITOGO,Ind,MALE,Completed
REGION IV-A,QUEZON,PITOGO,Ind,FEMALE,Completed
REGION IV-A,QUEZON,PITOGO,Ind,FEMALE,On-Going
REGION IV-A,QUEZON,PITOGO,Res,MALE,Completed
REGION IV-A,QUEZON,PITOGO,Res,FEMALE,On-Going
REGION IV-A,QUEZON,PITOGO,Res,FEMALE,On-Going
REGION IV-A,QUEZON,PITOGO,Res,MALE,On-Going
REGION IV-A,QUEZON,PITOGO,Res,MALE,On-Going
REGION IV-A,QUEZON,PITOGO,Res,FEMALE,On-Going
REGION IV-A,QUEZON,PITOGO,Res,MALE,On-Going
REGION IV-A,QUEZON,PITOGO,Res,MALE,On-Going
REGION IV-A,QUEZON,PITOGO,Res,FEMALE,On-Going
REGION IV-A,QUEZON,PITOGO,Ind,FEMALE,Cancelled
REGION IV-A,QUEZON,PITOGO,Res,MALE,Completed
REGION IV-A,QUEZON,PITOGO,Res,MALE,On-Going
REGION IV-A,QUEZON,PITOGO,Res,FEMALE,On-Going
REGION IV-A,QUEZON,PITOGO,Res,MALE,On-Going
REGION IV-A,QUEZON,PITOGO,Res,MALE,On-Going
REGION IV-A,QUEZON,PITOGO,Res,MALE,On-Going
REGION IV-A,QUEZON,PITOGO,Res,FEMALE,On-Going
REGION IV-A,QUEZON,PITOGO,Res,FEMALE,On-Going
REGION IV-A,QUEZON,PITOGO,Res,FEMALE,Completed
REGION IV-A,QUEZON,PITOGO,Res,MALE,On-Going
REGION IV-A,QUEZON,PITOGO,Res,FEMALE,Cancelled
REGION IV-A,QUEZON,PITOGO,Res,FEMALE,On-Going
REGION IV-A,QUEZON,PITOGO,Res,FEMALE,On-Going
REGION IV-A,QUEZON,PITOGO,Ind,FEMALE,On-Going
REGION IV-A,QUEZON,PITOGO,Res,MALE,Cancelled
REGION IV-A,QUEZON,PITOGO,Res,FEMALE,On-Going
REGION IV-A,QUEZON,PITOGO,Res,MALE,On-Going
REGION IV-A,QUEZON,PITOGO,Res,FEMALE,Cancelled
REGION IV-A,QUEZON,PITOGO,Res,MALE,On-Going
REGION IV-A,QUEZON,PITOGO,Res,MALE,Cancelled
REGION IV-A,QUEZON,PITOGO,Res,MALE,On-Going
REGION IV-A,QUEZON,PITOGO,Com,FEMALE,On-Going
REGION IV-A,QUEZON,PITOGO,Res,MALE,On-Going
REGION VII,NEGROS ORIENTAL,AYUNGON,Res,MALE,On-Going
REGION VII,NEGROS ORIENTAL,AYUNGON,Res,FEMALE,On-Going
REGION VII,NEGROS ORIENTAL,AYUNGON,Com,MALE,Completed
REGION VII,NEGROS ORIENTAL,AYUNGON,Res,MALE,On-Going
REGION VII,NEGROS ORIENTAL,AYUNGON,Ind,MALE,On-Going
REGION VII,NEGROS ORIENTAL,AYUNGON,Res,FEMALE,On-Going
REGION VII,NEGROS ORIENTAL,AYUNGON,Com,MALE,On-Going
REGION VII,NEGROS ORIENTAL,AYUNGON,Ind,MALE,Completed
REGION VII,NEGROS ORIENTAL,AYUNGON,Res,MALE,On-Going
REGION VII,NEGROS ORIENTAL,AYUNGON,Ind,MALE,On-Going
REGION I,PANGASINAN,ROSALES,Res,FEMALE,On-Going
REGION I,PANGASINAN,ROSALES,Res,FEMALE,On-Going
REGION I,PANGASINAN,ROSALES,Res,FEMALE,On-Going
REGION I,PANGASINAN,ROSALES,Res,MALE,On-Going
REGION I,PANGASINAN,ROSALES,Ind,MALE,On-Going
REGION I,PANGASINAN,ROSALES,Res,MALE,On-Going
REGION I,PANGASINAN,ROSALES,Com,MALE,On-Going
REGION I,PANGASINAN,ROSALES,Res,MALE,On-Going
REGION I,PANGASINAN,ROSALES,Res,MALE,On-Going
REGION I,PANGASINAN,ROSALES,Com,FEMALE,Cancelled
REGION I,PANGASINAN,ROSALES,Res,MALE,Completed
REGION I,PANGASINAN,ROSALES,Res,FEMALE,On-Going
REGION I,PANGASINAN,ROSALES,Res,MALE,On-Going
REGION I,PANGASINAN,ROSALES,Res,MALE,On-Going
REGION I,PANGASINAN,ROSALES,Res,MALE,Completed
REGION I,PANGASINAN,ROSALES,Res,MALE,On-Going
REGION I,PANGASINAN,ROSALES,Ind,MALE,Completed
REGION I,PANGASINAN,ROSALES,Res,MALE,On-Going
REGION I,PANGASINAN,ROSALES,Ind,MALE,Completed
REGION I,PANGASINAN,ROSALES,Com,MALE,On-Going
REGION I,PANGASINAN,ROSALES,Com,MALE,On-Going
REGION I,PANGASINAN,ROSALES,Res,FEMALE,On-Going
REGION I,PANGASINAN,ROSALES,Res,FEMALE,On-Going
REGION I,PANGASINAN,ROSALES,Res,FEMALE,Cancelled
REGION I,PANGASINAN,ROSALES,Res,FEMALE,On-Going
REGION IV-B,ROMBLON,ROMBLON (CAPITAL),Res,MALE,Completed
REGION IV-B,ROMBLON,ROMBLON (CAPITAL),Res,MALE,On-Going
REGION IV-B,ROMBLON,ROMBLON (CAPITAL),Res,MALE,On-Going
REGION IV-B,ROMBLON,ROMBLON (CAPITAL),Res,MALE,On-Going
REGION IV-B,ROMBLON,ROMBLON (CAPITAL),Com,MALE,On-Going
REGION IV-B,ROMBLON,ROMBLON (CAPITAL),Res,FEMALE,On-Going
REGION IV-B,ROMBLON,ROMBLON (CAPITAL),Res,FEMALE,On-Going
REGION IV-B,ROMBLON,ROMBLON (CAPITAL),Res,MALE,On-Going
REGION IV-B,ROMBLON,ROMBLON (CAPITAL),Res,FEMALE,On-Going
REGION IV-B,ROMBLON,ROMBLON (CAPITAL),Res,FEMALE,Pending
REGION IV-B,ROMBLON,ROMBLON (CAPITAL),Res,FEMALE,Cancelled
REGION IV-B,ROMBLON,ROMBLON (CAPITAL),Res,FEMALE,On-Going
REGION IV-B,ROMBLON,ROMBLON (CAPITAL),Res,FEMALE,On-Going
REGION IV-B,ROMBLON,ROMBLON (CAPITAL),Res,MALE,Completed
REGION IV-B,ROMBLON,ROMBLON (CAPITAL),Res,FEMALE,On-Going
REGION IV-B,ROMBLON,ROMBLON (CAPITAL),Com,MALE,Completed
REGION IV-B,ROMBLON,ROMBLON (CAPITAL),Res,FEMALE,On-Going
REGION IV-B,ROMBLON,ROMBLON (CAPITAL),Res,MALE,On-Going
REGION IV-B,ROMBLON,ROMBLON (CAPITAL),Res,FEMALE,On-Going
REGION IV-B,ROMBLON,ROMBLON (CAPITAL),Res,FEMALE,Cancelled
REGION IV-B,ROMBLON,ROMBLON (CAPITAL),Com,FEMALE,On-Going
REGION IV-B,ROMBLON,ROMBLON (CAPITAL),Res,FEMALE,On-Going
REGION IV-B,ROMBLON,ROMBLON (CAPITAL),Res,MALE,Completed
REGION IV-B,ROMBLON,ROMBLON (CAPITAL),Res,MALE,On-Going
REGION IV-B,ROMBLON,ROMBLON (CAPITAL),Res,MALE,Completed
REGION IV-B,ROMBLON,ROMBLON (CAPITAL),Com,MALE,On-Going
REGION IV-B,ROMBLON,ROMBLON (CAPITAL),Res,FEMALE,On-Going
REGION IV-B,ROMBLON,ROMBLON (CAPITAL),Res,MALE,Completed
REGION IV-B,ROMBLON,ROMBLON (CAPITAL),Res,MALE,On-Going
REGION IV-B,ROMBLON,ROMBLON (CAPITAL),Res,FEMALE,On-Going
REGION IV-B,ROMBLON,ROMBLON (CAPITAL),Res,FEMALE,Completed
REGION IV-B,ROMBLON,ROMBLON (CAPITAL),Ind,MALE,Cancelled
REGION IV-B,ROMBLON,ROMBLON (CAPITAL),Res,FEMALE,On-Going
REGION IV-B,ROMBLON,ROMBLON (CAPITAL),Res,MALE,On-Going
REGION IV-B,ROMBLON,ROMBLON (CAPITAL),Res,MALE,On-Going
REGION IV-B,ROMBLON,ROMBLON (CAPITAL),Res,FEMALE,On-Going
REGION IV-B,ROMBLON,ROMBLON (CAPITAL),Res,FEMALE,Pending
REGION IV-B,ROMBLON,ROMBLON (CAPITAL),Res,MALE,On-Going
REGION IV-B,ROMBLON,ROMBLON (CAPITAL),Res,MALE,On-Going
REGION IV-B,ROMBLON,ROMBLON (CAPITAL),Res,FEMALE,Completed
REGION IV-B,ROMBLON,ROMBLON (CAPITAL),Res,MALE,Pending
REGION IV-B,ROMBLON,ROMBLON (CAPITAL),Res,MALE,On-Going
REGION IV-B,ROMBLON,ROMBLON (CAPITAL),Res,MALE,On-Going
CAR,ABRA,PILAR,Res,FEMALE,Cancelled
CAR,ABRA,PILAR,Res,FEMALE,On-Going
CAR,ABRA,PILAR,Res,MALE,Completed
CAR,ABRA,PILAR,Res,MALE,On-Going
CAR,ABRA,PILAR,Res,MALE,On-Going
CAR,ABRA,PILAR,Res,FEMALE,Completed
CAR,ABRA,PILAR,Res,MALE,On-Going
CAR,ABRA,PILAR,Res,FEMALE,On-Going
CAR,ABRA,PILAR,Res,MALE,Cancelled
CAR,ABRA,PILAR,Res,MALE,On-Going
CAR,ABRA,PILAR,Res,MALE,Cancelled
CAR,ABRA,PILAR,Res,MALE,On-Going
CAR,ABRA,PILAR,Res,MALE,On-Going
CAR,ABRA,PILAR,Ind,FEMALE,On-Going
CAR,ABRA,PILAR,Res,FEMALE,Pending
CAR,ABRA,PILAR,Res,FEMALE,Completed
CAR,ABRA,PILAR,Com,FEMALE,Completed
CAR,ABRA,PILAR,Res,MALE,On-Going
CAR,ABRA,PILAR,Res,MALE,On-Going
CAR,ABRA,PILAR,Res,FEMALE,Completed
CAR,ABRA,PILAR,Res,FEMALE,On-Going
REGION IV-A,RIZAL,CARDONA,Res,MALE,Completed
REGION IV-A,RIZAL,CARDONA,Com,MALE,On-Going
REGION IV-A,RIZAL,CARDONA,Ind,MALE,Completed
REGION IV-A,RIZAL,CARDONA,Res,MALE,On-Going
REGION IV-A,RIZAL,CARDONA,Ind,MALE,On-Going
REGION IV-A,RIZAL,CARDONA,Res,FEMALE,On-Going
REGION IV-A,RIZAL,CARDONA,Res,MALE,Completed
REGION IV-A,RIZAL,CARDONA,Com,FEMALE,On-Going
REGION IV-A,RIZAL,CARDONA,Com,FEMALE,On-Going
REGION IV-A,RIZAL,CARDONA,Res,MALE,On-Going
REGION IV-A,RIZAL,CARDONA,Res,MALE,On-Going
REGION IV-A,RIZAL,CARDONA,Res,MALE,On-Going
REGION IV-A,RIZAL,CARDONA,Ind,FEMALE,On-Going
REGION IV-A,RIZAL,CARDONA,Com,FEMALE,On-Going
REGION IV-A,RIZAL,CARDONA,Res,MALE,On-Going
REGION IV-A,RIZAL,CARDONA,Res,FEMALE,On-Going
REGION IV-A,RIZAL,CARDONA,Res,MALE,On-Going
REGION IV-A,RIZAL,CARDONA,Res,FEMALE,On-Going
REGION IV-A,RIZAL,CARDONA,Res,FEMALE,On-Going
REGION IV-A,RIZAL,CARDONA,Com,FEMALE,Cancelled
REGION IV-A,RIZAL,CARDONA,Ind,FEMALE,Completed
REGION IV-A,RIZAL,CARDONA,Res,FEMALE,On-Going
REGION IV-A,RIZAL,CARDONA,Res,FEMALE,On-Going
REGION IV-A,RIZAL,CARDONA,Res,FEMALE,On-Going
REGION IV-A,RIZAL,CARDONA,Res,MALE,On-Going
REGION IV-A,RIZAL,CARDONA,Res,FEMALE,Completed
REGION IV-A,RIZAL,CARDONA,Res,MALE,Completed
REGION IV-A,RIZAL,CARDONA,Res,FEMALE,On-Going
REGION IV-A,RIZAL,CARDONA,Com,MALE,On-Going
REGION IV-A,BATANGAS,AGONCILLO,Res,MALE,Completed
REGION IV-A,BATANGAS,AGONCILLO,Res,MALE,On-Going
REGION IV-A,BATANGAS,AGONCILLO,Res,MALE,Completed
REGION IV-A,BATANGAS,AGONCILLO,Res,MALE,On-Going
REGION IV-A,BATANGAS,AGONCILLO,Res,FEMALE,On-Going
REGION IV-A,BATANGAS,AGONCILLO,Res,FEMALE,Completed
REGION V,CAMARINES NORTE,BASUD,Res,FEMALE,On-Going
REGION V,CAMARINES NORTE,BASUD,Ind,MALE,On-Going
REGION V,CAMARINES NORTE,BASUD,Res,FEMALE,On-Going
REGION V,CAMARINES NORTE,BASUD,Res,FEMALE,On-Going
REGION V,CAMARINES NORTE,BASUD,Com,FEMALE,On-Going
REGION V,CAMARINES NORTE,BASUD,Res,FEMALE,On-Going
REGION V,CAMARINES NORTE,BASUD,Com,FEMALE,Pending
REGION V,CAMARINES NORTE,BASUD,Res,FEMALE,On-Going
REGION V,CAMARINES NORTE,BASUD,Res,MALE,Cancelled
REGION V,CAMARINES NORTE,BASUD,Res,FEMALE,On-Going
REGION V,CAMARINES NORTE,BASUD,Ind,FEMALE,On-Going
REGION V,CAMARINES NORTE,BASUD,Res,FEMALE,On-Going
REGION V,CAMARINES NORTE,BASUD,Res,MALE,Completed
REGION V,CAMARINES NORTE,BASUD,Res,MALE,On-Going
REGION V,CAMARINES NORTE,BASUD,Ind,MALE,On-Going
REGION V,CAMARINES NORTE,BASUD,Com,FEMALE,On-Going
REGION V,CAMARINES NORTE,BASUD,Com,FEMALE,On-Going
REGION V,CAMARINES NORTE,BASUD,Res,FEMALE,Cancelled
REGION V,CAMARINES NORTE,BASUD,Res,FEMALE,On-Going
REGION V,CAMARINES NORTE,BASUD,Res,MALE,On-Going
REGION V,CAMARINES NORTE,BASUD,Com,MALE,On-Going
REGION V,CAMARINES NORTE,BASUD,Res,MALE,On-Going
REGION V,CAMARINES NORTE,BASUD,Com,MALE,On-Going
REGION V,CAMARINES NORTE,BASUD,Ind,FEMALE,On-Going
REGION V,CAMARINES NORTE,BASUD,Res,MALE,On-Going
REGION V,CAMARINES NORTE,BASUD,Res,FEMALE,Completed
REGION V,CAMARINES NORTE,BASUD,Res,FEMALE,On-Going
REGION V,CAMARINES NORTE,BASUD,Res,MALE,On-Going
REGION V,CAMARINES NORTE,BASUD,Res,MALE,On-Going
REGION V,CAMARINES NORTE,BASUD,Res,MALE,On-Going
REGION V,CAMARINES NORTE,BASUD,Ind,MALE,On-Going
REGION V,CAMARINES NORTE,BASUD,Com,MALE,On-Going
REGION V,CAMARINES NORTE,BASUD,Res,MALE,Completed
REGION V,CAMARINES NORTE,BASUD,Res,MALE,Completed
REGION V,CAMARINES NORTE,BASUD,Res,FEMALE,On-Going
REGION V,CAMARINES NORTE,BASUD,Res,MALE,On-Going
REGION X,LANAO DEL NORTE,KOLAMBUGAN,Res,MALE,On-Going
REGION X,LANAO DEL NORTE,KOLAMBUGAN,Ind,MALE,Completed
REGION X,LANAO DEL NORTE,KOLAMBUGAN,Res,MALE,Completed
REGION X,LANAO DEL NORTE,KOLAMBUGAN,Res,MALE,On-Going
REGION X,LANAO DEL NORTE,KOLAMBUGAN,Res,FEMALE,On-Going
REGION X,LANAO DEL NORTE,KOLAMBUGAN,Res,FEMALE,Completed
REGION X,LANAO DEL NORTE,KOLAMBUGAN,Res,FEMALE,On-Going
REGION X,LANAO DEL NORTE,KOLAMBUGAN,Res,MALE,On-Going
REGION X,LANAO DEL NORTE,KOLAMBUGAN,Res,FEMALE,Completed
REGION X,LANAO DEL NORTE,KOLAMBUGAN,Res,MALE,On-Going
REGION X,LANAO DEL NORTE,KOLAMBUGAN,Res,MALE,On-Going
REGION X,LANAO DEL NORTE,KOLAMBUGAN,Ind,MALE,Completed
REGION X,LANAO DEL NORTE,KOLAMBUGAN,Res,FEMALE,On-Going
REGION X,LANAO DEL NORTE,KOLAMBUGAN,Res,MALE,On-Going
REGION X,LANAO DEL NORTE,KOLAMBUGAN,Res,FEMALE,On-Going
REGION X,LANAO DEL NORTE,KOLAMBUGAN,Res,MALE,On-Going
REGION X,LANAO DEL NORTE,KOLAMBUGAN,Res,FEMALE,On-Going
REGION X,LANAO DEL NORTE,KOLAMBUGAN,Res,FEMALE,On-Going
REGION X,LANAO DEL NORTE,KOLAMBUGAN,Res,MALE,On-Going
REGION X,LANAO DEL NORTE,KOLAMBUGAN,Res,MALE,On-Going
REGION X,LANAO DEL NORTE,KOLAMBUGAN,Ind,MALE,On-Going
REGION X,LANAO DEL NORTE,KOLAMBUGAN,Res,MALE,On-Going
REGION X,LANAO DEL NORTE,KOLAMBUGAN,Res,FEMALE,On-Going
REGION X,LANAO DEL NORTE,KOLAMBUGAN,Res,FEMALE,On-Going
REGION X,LANAO DEL NORTE,KOLAMBUGAN,Res,MALE,On-Going
REGION X,LANAO DEL NORTE,KOLAMBUGAN,Res,MALE,Completed
REGION X,LANAO DEL NORTE,KOLAMBUGAN,Res,MALE,On-Going
REGION X,LANAO DEL NORTE,KOLAMBUGAN,Res,MALE,On-Going
REGION X,LANAO DEL NORTE,KOLAMBUGAN,Res,MALE,On-Going
REGION X,LANAO DEL NORTE,KOLAMBUGAN,Com,MALE,On-Going
REGION X,LANAO DEL NORTE,KOLAMBUGAN,Res,MALE,On-Going
REGION X,LANAO DEL NORTE,KOLAMBUGAN,Com,MALE,On-Going
REGION X,LANAO DEL NORTE,KOLAMBUGAN,Res,FEMALE,On-Going
REGION X,LANAO DEL NORTE,KOLAMBUGAN,Res,MALE,On-Going
REGION X,LANAO DEL NORTE,KOLAMBUGAN,Res,FEMALE,On-Going
REGION X,LANAO DEL NORTE,KOLAMBUGAN,Res,FEMALE,On-Going
REGION X,LANAO DEL NORTE,KOLAMBUGAN,Com,FEMALE,On-Going
REGION X,LANAO DEL NORTE,KOLAMBUGAN,Res,FEMALE,Completed
REGION X,LANAO DEL NORTE,KOLAMBUGAN,Ind,MALE,On-Going
REGION X,LANAO DEL NORTE,KOLAMBUGAN,Com,MALE,On-Going
REGION X,LANAO DEL NORTE,KOLAMBUGAN,Res,MALE,On-Going
REGION X,LANAO DEL NORTE,KOLAMBUGAN,Res,FEMALE,On-Going
REGION X,LANAO DEL NORTE,KOLAMBUGAN,Com,MALE,On-Going
REGION X,LANAO DEL NORTE,KOLAMBUGAN,Res,MALE,On-Going
REGION X,LANAO DEL NORTE,KOLAMBUGAN,Res,MALE,On-Going
REGION III,TARLAC,ANAO,Res,FEMALE,On-Going
REGION III,TARLAC,ANAO,Res,FEMALE,On-Going
REGION III,TARLAC,ANAO,Res,FEMALE,Completed
REGION III,TARLAC,ANAO,Res,MALE,On-Going
REGION III,TARLAC,ANAO,Res,FEMALE,On-Going
REGION III,TARLAC,ANAO,Com,FEMALE,On-Going
REGION III,TARLAC,ANAO,Res,MALE,On-Going
REGION III,TARLAC,ANAO,Res,FEMALE,On-Going
REGION III,TARLAC,ANAO,Ind,MALE,On-Going
REGION III,TARLAC,ANAO,Ind,FEMALE,On-Going
REGION III,TARLAC,ANAO,Ind,FEMALE,Pending
REGION III,TARLAC,ANAO,Ind,MALE,On-Going
REGION III,TARLAC,ANAO,Res,FEMALE,On-Going
REGION III,TARLAC,ANAO,Res,MALE,Pending
REGION III,TARLAC,ANAO,Res,FEMALE,On-Going
REGION III,TARLAC,ANAO,Res,MALE,On-Going
REGION III,TARLAC,ANAO,Res,MALE,On-Going
REGION III,TARLAC,ANAO,Res,FEMALE,On-Going
REGION III,TARLAC,ANAO,Res,MALE,On-Going
REGION III,TARLAC,ANAO,Res,FEMALE,On-Going
REGION III,TARLAC,ANAO,Res,FEMALE,On-Going
REGION III,TARLAC,ANAO,Res,MALE,On-Going
REGION III,TARLAC,ANAO,Res,MALE,On-Going
REGION III,TARLAC,ANAO,Com,FEMALE,On-Going
REGION III,TARLAC,ANAO,Res,MALE,On-Going
REGION III,TARLAC,ANAO,Res,FEMALE,On-Going
REGION III,TARLAC,ANAO,Res,FEMALE,On-Going
REGION III,TARLAC,ANAO,Res,FEMALE,On-Going
REGION III,TARLAC,ANAO,Ind,FEMALE,Completed
REGION III,TARLAC,ANAO,Res,MALE,Completed
REGION III,TARLAC,ANAO,Res,FEMALE,Completed
REGION III,TARLAC,ANAO,Res,FEMALE,Completed
REGION III,TARLAC,ANAO,Res,FEMALE,Completed
REGION III,TARLAC,ANAO,Res,MALE,On-Going
REGION III,TARLAC,ANAO,Res,MALE,Completed
REGION III,TARLAC,ANAO,Res,MALE,On-Going
REGION III,TARLAC,ANAO,Res,FEMALE,On-Going
REGION III,TARLAC,ANAO,Com,MALE,On-Going
REGION III,TARLAC,ANAO,Res,MALE,On-Going
REGION III,TARLAC,ANAO,Com,MALE,On-Going
REGION III,TARLAC,ANAO,Res,FEMALE,On-Going
REGION III,TARLAC,ANAO,Ind,FEMALE,Completed
REGION III,TARLAC,ANAO,Res,MALE,Pending
REGION III,TARLAC,ANAO,Res,MALE,Pending
REGION III,TARLAC,ANAO,Res,FEMALE,On-Going
REGION III,TARLAC,ANAO,Res,MALE,Completed
REGION III,TARLAC,ANAO,Res,FEMALE,On-Going
REGION III,TARLAC,ANAO,Res,MALE,On-Going
REGION III,TARLAC,ANAO,Res,MALE,On-Going
REGION III,TARLAC,ANAO,Ind,MALE,On-Going
REGION X,LANAO DEL NORTE,MATUNGAO,Res,FEMALE,Completed
REGION X,LANAO DEL NORTE,MATUNGAO,Ind,MALE,On-Going
REGION X,LANAO DEL NORTE,MATUNGAO,Res,MALE,On-Going
REGION X,LANAO DEL NORTE,MATUNGAO,Res,MALE,On-Going
REGION X,LANAO DEL NORTE,MATUNGAO,Res,MALE,On-Going
REGION X,LANAO DEL NORTE,MATUNGAO,Com,MALE,Cancelled
REGION X,LANAO DEL NORTE,MATUNGAO,Ind,FEMALE,On-Going
REGION X,LANAO DEL NORTE,MATUNGAO,Res,FEMALE,On-Going
REGION X,LANAO DEL NORTE,MATUNGAO,Res,FEMALE,On-Going
REGION X,LANAO DEL NORTE,MATUNGAO,Ind,MALE,Completed
REGION X,LANAO DEL NORTE,MATUNGAO,Res,FEMALE,On-Going
REGION X,LANAO DEL NORTE,MATUNGAO,Res,MALE,On-Going
REGION X,LANAO DEL NORTE,MATUNGAO,Ind,FEMALE,On-Going
REGION X,LANAO DEL NORTE,MATUNGAO,Res,MALE,Completed
REGION X,LANAO DEL NORTE,MATUNGAO,Res,FEMALE,On-Going
REGION X,LANAO DEL NORTE,MATUNGAO,Res,FEMALE,On-Going
REGION X,LANAO DEL NORTE,MATUNGAO,Res,FEMALE,On-Going
REGION X,LANAO DEL NORTE,MATUNGAO,Res,MALE,Completed
REGION X,LANAO DEL NORTE,MATUNGAO,Res,FEMALE,On-Going
REGION X,LANAO DEL NORTE,MATUNGAO,Res,FEMALE,Completed
REGION X,LANAO DEL NORTE,MATUNGAO,Ind,FEMALE,On-Going
REGION X,LANAO DEL NORTE,MATUNGAO,Res,FEMALE,On-Going
REGION X,LANAO DEL NORTE,MATUNGAO,Res,MALE,On-Going
REGION X,LANAO DEL NORTE,MATUNGAO,Res,FEMALE,Completed
REGION X,LANAO DEL NORTE,MATUNGAO,Ind,MALE,On-Going
REGION X,LANAO DEL NORTE,MATUNGAO,Res,MALE,On-Going
REGION X,LANAO DEL NORTE,MATUNGAO,Res,MALE,Completed
REGION X,LANAO DEL NORTE,MATUNGAO,Com,FEMALE,On-Going
REGION X,LANAO DEL NORTE,MATUNGAO,Res,MALE,On-Going
REGION X,LANAO DEL NORTE,MATUNGAO,Res,MALE,On-Going
REGION X,LANAO DEL NORTE,MATUNGAO,Ind,MALE,On-Going
REGION X,LANAO DEL NORTE,MATUNGAO,Res,MALE,Completed
REGION X,LANAO DEL NORTE,MATUNGAO,Res,FEMALE,On-Going
REGION X,LANAO DEL NORTE,MATUNGAO,Res,MALE,On-Going
REGION X,LANAO DEL NORTE,MATUNGAO,Res,FEMALE,On-Going
REGION X,LANAO DEL NORTE,MATUNGAO,Ind,MALE,On-Going
REGION X,LANAO DEL NORTE,MATUNGAO,Res,FEMALE,Completed
REGION X,LANAO DEL NORTE,MATUNGAO,Com,FEMALE,On-Going
REGION X,LANAO DEL NORTE,MATUNGAO,Com,FEMALE,On-Going
REGION X,LANAO DEL NORTE,MATUNGAO,Ind,MALE,On-Going
REGION X,LANAO DEL NORTE,MATUNGAO,Res,FEMALE,On-Going
REGION X,LANAO DEL NORTE,MATUNGAO,Res,FEMALE,On-Going
REGION X,LANAO DEL NORTE,MATUNGAO,Ind,FEMALE,Pending
REGION X,LANAO DEL NORTE,MATUNGAO,Res,FEMALE,On-Going
REGION X,LANAO DEL NORTE,MATUNGAO,Ind,FEMALE,On-Going
REGION X,LANAO DEL NORTE,MATUNGAO,Res,FEMALE,On-Going
REGION X,LANAO DEL NORTE,MATUNGAO,Res,MALE,On-Going
REGION X,LANAO DEL NORTE,MATUNGAO,Res,MALE,On-Going
REGION X,LANAO DEL NORTE,MATUNGAO,Res,FEMALE,On-Going
REGION X,LANAO DEL NORTE,MATUNGAO,Res,MALE,On-Going
REGION V,SORSOGON,BULAN,Res,FEMALE,Cancelled
REGION V,SORSOGON,BULAN,Ind,MALE,Completed
REGION V,SORSOGON,BULAN,Res,FEMALE,On-Going
REGION V,SORSOGON,BULAN,Res,FEMALE,Completed
REGION V,SORSOGON,BULAN,Res,MALE,On-Going
REGION V,SORSOGON,BULAN,Res,MALE,On-Going
REGION V,SORSOGON,BULAN,Res,FEMALE,Completed
REGION V,SORSOGON,BULAN,Com,FEMALE,Completed
REGION V,SORSOGON,BULAN,Res,MALE,On-Going
REGION V,SORSOGON,BULAN,Ind,FEMALE,Completed
REGION V,SORSOGON,BULAN,Res,MALE,Completed
REGION V,SORSOGON,BULAN,Res,FEMALE,On-Going
REGION V,SORSOGON,BULAN,Res,MALE,On-Going
REGION V,SORSOGON,BULAN,Res,MALE,On-Going
REGION V,SORSOGON,BULAN,Res,FEMALE,On-Going
REGION VII,BOHOL,LOAY,Res,FEMALE,Completed
REGION VII,BOHOL,LOAY,Com,FEMALE,On-Going
REGION VII,BOHOL,LOAY,Res,MALE,On-Going
REGION VII,BOHOL,LOAY,Res,FEMALE,On-Going
REGION VII,BOHOL,LOAY,Res,FEMALE,On-Going
REGION VII,BOHOL,LOAY,Res,MALE,Pending
REGION VII,BOHOL,LOAY,Res,FEMALE,Pending
REGION VII,BOHOL,LOAY,Res,MALE,On-Going
REGION VII,BOHOL,LOAY,Ind,MALE,Completed
REGION VII,BOHOL,LOAY,Res,FEMALE,Cancelled
REGION VII,BOHOL,LOAY,Res,MALE,Completed
REGION VII,BOHOL,LOAY,Res,FEMALE,On-Going
REGION VII,BOHOL,LOAY,Res,MALE,On-Going
REGION IV-A,QUEZON,SAMPALOC,Res,FEMALE,On-Going
REGION IV-A,QUEZON,SAMPALOC,Res,FEMALE,On-Going
REGION IV-A,QUEZON,SAMPALOC,Ind,MALE,On-Going
REGION IV-A,QUEZON,SAMPALOC,Com,MALE,On-Going
REGION IV-A,QUEZON,SAMPALOC,Res,FEMALE,On-Going
REGION IV-A,QUEZON,SAMPALOC,Res,MALE,On-Going
REGION IV-A,QUEZON,SAMPALOC,Res,FEMALE,On-Going
REGION IV-A,QUEZON,SAMPALOC,Ind,FEMALE,On-Going
REGION IV-A,QUEZON,SAMPALOC,Res,MALE,On-Going
REGION IV-A,QUEZON,SAMPALOC,Res,FEMALE,Cancelled
REGION IV-A,QUEZON,SAMPALOC,Res,FEMALE,On-Going
REGION IV-A,QUEZON,SAMPALOC,Res,FEMALE,On-Going
REGION IV-A,QUEZON,SAMPALOC,Res,FEMALE,On-Going
REGION IV-A,QUEZON,SAMPALOC,Ind,MALE,On-Going
REGION IV-A,QUEZON,SAMPALOC,Res,MALE,Pending
REGION IV-A,QUEZON,SAMPALOC,Res,MALE,On-Going
REGION IV-A,QUEZON,SAMPALOC,Res,MALE,Completed
REGION IV-A,QUEZON,SAMPALOC,Res,MALE,Completed
REGION IV-A,QUEZON,SAMPALOC,Com,FEMALE,Completed
REGION IV-A,QUEZON,SAMPALOC,Res,MALE,Completed
REGION IV-A,QUEZON,SAMPALOC,Res,FEMALE,On-Going
REGION IV-A,QUEZON,SAMPALOC,Res,MALE,On-Going
REGION IV-A,QUEZON,SAMPALOC,Res,FEMALE,On-Going
REGION IV-A,QUEZON,SAMPALOC,Res,MALE,On-Going
REGION IV-A,QUEZON,SAMPALOC,Com,FEMALE,On-Going
REGION IV-A,QUEZON,SAMPALOC,Res,MALE,Completed
REGION IV-A,QUEZON,SAMPALOC,Res,MALE,On-Going
REGION IV-A,QUEZON,SAMPALOC,Res,FEMALE,On-Going
REGION IV-A,QUEZON,SAMPALOC,Res,FEMALE,On-Going
REGION IV-A,QUEZON,SAMPALOC,Res,FEMALE,Completed
REGION IV-A,QUEZON,SAMPALOC,Res,MALE,Completed
REGION IV-A,QUEZON,SAMPALOC,Res,FEMALE,On-Going
REGION IV-A,QUEZON,SAMPALOC,Res,FEMALE,Completed
REGION IV-A,QUEZON,SAMPALOC,Com,FEMALE,Cancelled
REGION IV-A,QUEZON,SAMPALOC,Com,MALE,On-Going
REGION IV-A,QUEZON,SAMPALOC,Res,MALE,Completed
REGION IV-A,QUEZON,SAMPALOC,Ind,FEMALE,On-Going
REGION VIII,SOUTHERN LEYTE,LIBAGON,Res,MALE,Completed
REGION VIII,SOUTHERN LEYTE,LIBAGON,Res,MALE,On-Going
REGION VIII,SOUTHERN LEYTE,LIBAGON,Res,FEMALE,On-Going
REGION VIII,SOUTHERN LEYTE,LIBAGON,Res,MALE,On-Going
REGION VIII,SOUTHERN LEYTE,LIBAGON,Res,FEMALE,On-Going
REGION VIII,SOUTHERN LEYTE,LIBAGON,Com,MALE,On-Going
REGION VIII,SOUTHERN LEYTE,LIBAGON,Res,MALE,Completed
REGION VIII,SOUTHERN LEYTE,LIBAGON,Res,FEMALE,On-Going
REGION VIII,SOUTHERN LEYTE,LIBAGON,Res,FEMALE,Cancelled
REGION VIII,SOUTHERN LEYTE,LIBAGON,Res,MALE,On-Going
REGION VIII,SOUTHERN LEYTE,LIBAGON,Com,MALE,Completed
REGION VIII,SOUTHERN LEYTE,LIBAGON,Res,FEMALE,On-Going
REGION VIII,SOUTHERN LEYTE,LIBAGON,Res,FEMALE,Completed
REGION VIII,SOUTHERN LEYTE,LIBAGON,Res,FEMALE,On-Going
REGION VIII,SOUTHERN LEYTE,LIBAGON,Ind,FEMALE,On-Going
REGION VIII,SOUTHERN LEYTE,LIBAGON,Res,MALE,Completed
REGION VIII,SOUTHERN LEYTE,LIBAGON,Res,MALE,Completed
REGION VIII,SOUTHERN LEYTE,LIBAGON,Res,FEMALE,On-Going
REGION VIII,SOUTHERN LEYTE,LIBAGON,Res,FEMALE,On-Going
REGION VIII,SOUTHERN LEYTE,LIBAGON,Res,FEMALE,On-Going
REGION VIII,SOUTHERN LEYTE,LIBAGON,Res,FEMALE,On-Going
REGION VIII,SOUTHERN LEYTE,LIBAGON,Res,MALE,On-Going
BARMM,MAGUINDANAO DEL SUR,AMPATUAN,Res,MALE,On-Going
BARMM,MAGUINDANAO DEL SUR,AMPATUAN,Res,FEMALE,On-Going
BARMM,MAGUINDANAO DEL SUR,AMPATUAN,Res,MALE,On-Going
BARMM,MAGUINDANAO DEL SUR,AMPATUAN,Res,MALE,On-Going
BARMM,MAGUINDANAO DEL SUR,AMPATUAN,Res,FEMALE,On-Going
BARMM,MAGUINDANAO DEL SUR,AMPATUAN,Com,FEMALE,On-Going
BARMM,MAGUINDANAO DEL SUR,AMPATUAN,Com,FEMALE,On-Going
BARMM,MAGUINDANAO DEL SUR,AMPATUAN,Res,FEMALE,On-Going
REGION VII,CEBU,OSLOB,Ind,FEMALE,On-Going
REGION VII,CEBU,OSLOB,Com,FEMALE,On-Going
REGION VII,CEBU,OSLOB,Res,FEMALE,Cancelled
REGION VII,CEBU,OSLOB,Res,FEMALE,On-Going
REGION VII,CEBU,OSLOB,Ind,MALE,On-Going
REGION VII,CEBU,OSLOB,Res,MALE,On-Going
REGION VII,CEBU,OSLOB,Res,MALE,Completed
REGION VII,CEBU,OSLOB,Res,FEMALE,Completed
REGION IX,ZAMBOANGA DEL NORTE,SALUG,Res,FEMALE,On-Going
REGION IX,ZAMBOANGA DEL NORTE,SALUG,Res,MALE,On-Going
REGION IX,ZAMBOANGA DEL NORTE,SALUG,Res,FEMALE,Completed
REGION IX,ZAMBOANGA DEL NORTE,SALUG,Res,MALE,On-Going
REGION IX,ZAMBOANGA DEL NORTE,SALUG,Res,MALE,On-Going
REGION IX,ZAMBOANGA DEL NORTE,SALUG,Res,MALE,Cancelled
REGION IX,ZAMBOANGA DEL NORTE,SALUG,Res,MALE,On-Going
REGION IX,ZAMBOANGA DEL NORTE,SALUG,Res,FEMALE,On-Going
REGION XIII,SURIGAO DEL SUR,MARIHATAG,Res,MALE,Completed
REGION XIII,SURIGAO DEL SUR,MARIHATAG,Res,FEMALE,On-Going
REGION XIII,SURIGAO DEL SUR,MARIHATAG,Res,FEMALE,On-Going
REGION XIII,SURIGAO DEL SUR,MARIHATAG,Res,MALE,On-Going
REGION XIII,SURIGAO DEL SUR,MARIHATAG,Com,FEMALE,Completed
REGION XIII,SURIGAO DEL SUR,MARIHATAG,Res,MALE,On-Going
REGION XIII,SURIGAO DEL SUR,MARIHATAG,Res,FEMALE,Completed
REGION XIII,SURIGAO DEL SUR,MARIHATAG,Res,FEMALE,On-Going
REGION XIII,SURIGAO DEL SUR,MARIHATAG,Res,MALE,Completed
REGION XIII,SURIGAO DEL SUR,MARIHATAG,Res,MALE,On-Going
REGION XIII,SURIGAO DEL SUR,MARIHATAG,Res,MALE,On-Going
REGION XIII,SURIGAO DEL SUR,MARIHATAG,Res,MALE,On-Going
REGION XIII,SURIGAO DEL SUR,MARIHATAG,Res,MALE,Completed
REGION VII,BOHOL,BACLAYON,Res,FEMALE,On-Going
REGION VII,BOHOL,BACLAYON,Res,FEMALE,On-Going
REGION VII,BOHOL,BACLAYON,Res,FEMALE,Pending
REGION VII,BOHOL,BACLAYON,Res,FEMALE,On-Going
REGION VII,BOHOL,BACLAYON,Res,MALE,On-Going
REGION VII,BOHOL,BACLAYON,Com,MALE,On-Going
REGION VII,BOHOL,BACLAYON,Res,FEMALE,Completed
REGION VII,BOHOL,BACLAYON,Res,FEMALE,On-Going
REGION VII,BOHOL,BACLAYON,Com,MALE,Completed
REGION VII,BOHOL,BACLAYON,Com,FEMALE,Completed
REGION VII,BOHOL,BACLAYON,Com,MALE,On-Going
REGION VII,BOHOL,BACLAYON,Res,MALE,On-Going
REGION VII,BOHOL,BACLAYON,Ind,MALE,Completed
REGION VII,BOHOL,BACLAYON,Res,MALE,Cancelled
REGION VII,BOHOL,BACLAYON,Res,MALE,Completed
REGION VII,BOHOL,BACLAYON,Res,MALE,Pending
REGION VII,BOHOL,BACLAYON,Res,FEMALE,On-Going
REGION VII,BOHOL,BACLAYON,Res,MALE,Cancelled
REGION VII,BOHOL,BACLAYON,Res,MALE,On-Going
REGION VII,BOHOL,BACLAYON,Res,MALE,Completed
REGION VII,BOHOL,BACLAYON,Res,FEMALE,On-Going
REGION VII,BOHOL,BACLAYON,Res,FEMALE,On-Going
REGION VII,BOHOL,BACLAYON,Res,MALE,On-Going
REGION VII,BOHOL,BACLAYON,Res,MALE,On-Going
REGION VII,BOHOL,BACLAYON,Ind,MALE,On-Going
REGION VII,BOHOL,BACLAYON,Com,MALE,On-Going
REGION VII,BOHOL,BACLAYON,Res,FEMALE,On-Going
REGION VII,BOHOL,BACLAYON,Res,FEMALE,On-Going
REGION VII,BOHOL,BACLAYON,Res,MALE,On-Going
REGION V,MASBATE,CAWAYAN,Res,MALE,On-Going
REGION V,MASBATE,CAWAYAN,Res,FEMALE,On-Going
REGION V,MASBATE,CAWAYAN,Res,MALE,Completed
REGION V,MASBATE,CAWAYAN,Res,MALE,On-Going
REGION V,MASBATE,CAWAYAN,Com,MALE,On-Going
REGION V,MASBATE,CAWAYAN,Res,FEMALE,On-Going
REGION V,MASBATE,CAWAYAN,Ind,MALE,On-Going
REGION V,MASBATE,CAWAYAN,Res,FEMALE,On-Going
REGION V,MASBATE,CAWAYAN,Res,MALE,On-Going
REGION V,MASBATE,CAWAYAN,Res,FEMALE,On-Going
REGION V,MASBATE,CAWAYAN,Res,MALE,Pending
REGION V,MASBATE,CAWAYAN,Res,FEMALE,On-Going
REGION V,MASBATE,CAWAYAN,Res,FEMALE,Cancelled
REGION V,MASBATE,CAWAYAN,Res,FEMALE,On-Going
REGION V,MASBATE,CAWAYAN,Res,MALE,On-Going
REGION V,MASBATE,CAWAYAN,Ind,MALE,On-Going
REGION V,MASBATE,CAWAYAN,Res,FEMALE,Completed
REGION V,MASBATE,CAWAYAN,Res,MALE,On-Going
REGION V,MASBATE,CAWAYAN,Res,FEMALE,On-Going
REGION V,MASBATE,CAWAYAN,Res,FEMALE,On-Going
REGION V,MASBATE,CAWAYAN,Com,MALE,On-Going
REGION V,MASBATE,CAWAYAN,Res,MALE,On-Going
REGION V,MASBATE,CAWAYAN,Res,FEMALE,Completed
REGION I,PANGASINAN,SANTO TOMAS,Res,MALE,Completed
REGION I,PANGASINAN,SANTO TOMAS,Res,MALE,On-Going
REGION I,PANGASINAN,SANTO TOMAS,Com,FEMALE,Completed
REGION I,PANGASINAN,SANTO TOMAS,Ind,FEMALE,On-Going
REGION I,PANGASINAN,SANTO TOMAS,Res,MALE,On-Going
REGION I,PANGASINAN,SANTO TOMAS,Res,MALE,On-Going
REGION I,PANGASINAN,SANTO TOMAS,Res,FEMALE,Completed
REGION I,PANGASINAN,SANTO TOMAS,Com,MALE,Pending
REGION I,PANGASINAN,SANTO TOMAS,Res,MALE,On-Going
REGION I,PANGASINAN,SANTO TOMAS,Res,FEMALE,On-Going
REGION I,PANGASINAN,SANTO TOMAS,Res,FEMALE,On-Going
REGION I,PANGASINAN,SANTO TOMAS,Res,FEMALE,On-Going
REGION I,PANGASINAN,SANTO TOMAS,Ind,MALE,On-Going
REGION I,PANGASINAN,SANTO TOMAS,Res,FEMALE,On-Going
REGION I,PANGASINAN,SANTO TOMAS,Res,MALE,On-Going
REGION I,PANGASINAN,SANTO TOMAS,Res,MALE,On-Going
REGION I,PANGASINAN,SANTO TOMAS,Res,FEMALE,Completed
REGION I,PANGASINAN,SANTO TOMAS,Res,MALE,On-Going
REGION I,PANGASINAN,SANTO TOMAS,Com,FEMALE,On-Going
REGION I,PANGASINAN,SANTO TOMAS,Res,MALE,Completed
REGION I,PANGASINAN,SANTO TOMAS,Res,MALE,On-Going
REGION I,PANGASINAN,SANTO TOMAS,Res,MALE,On-Going
REGION I,PANGASINAN,SANTO TOMAS,Res,MALE,On-Going
REGION I,PANGASINAN,SANTO TOMAS,Res,FEMALE,On-Going
REGION I,PANGASINAN,SANTO TOMAS,Res,MALE,On-Going
REGION I,PANGASINAN,SANTO TOMAS,Res,MALE,Completed
REGION I,PANGASINAN,SANTO TOMAS,Res,FEMALE,Completed
REGION I,PANGASINAN,SANTO TOMAS,Com,FEMALE,On-Going
REGION I,PANGASINAN,SANTO TOMAS,Com,FEMALE,Completed
REGION I,PANGASINAN,SANTO TOMAS,Com,MALE,On-Going
REGION I,PANGASINAN,SANTO TOMAS,Res,FEMALE,On-Going
REGION I,PANGASINAN,SANTO TOMAS,Res,MALE,On-Going
REGION I,PANGASINAN,SANTO TOMAS,Res,FEMALE,On-Going
REGION I,PANGASINAN,SANTO TOMAS,Res,MALE,On-Going
REGION I,PANGASINAN,SANTO TOMAS,Res,MALE,On-Going
BARMM,LANAO DEL SUR,PICONG (SULTAN GUMANDER),Res,FEMALE,On-Going
BARMM,LANAO DEL SUR,PICONG (SULTAN GUMANDER),Com,MALE,Completed
BARMM,LANAO DEL SUR,PICONG (SULTAN GUMANDER),Res,MALE,On-Going
BARMM,LANAO DEL SUR,PICONG (SULTAN GUMANDER),Res,MALE,On-Going
BARMM,LANAO DEL SUR,PICONG (SULTAN GUMANDER),Ind,MALE,On-Going
BARMM,LANAO DEL SUR,PICONG (SULTAN GUMANDER),Com,MALE,On-Going
BARMM,LANAO DEL SUR,PICONG (SULTAN GUMANDER),Res,FEMALE,On-Going
BARMM,LANAO DEL SUR,PICONG (SULTAN GUMANDER),Res,FEMALE,On-Going
BARMM,LANAO DEL SUR,PICONG (SULTAN GUMANDER),Res,FEMALE,Completed
BARMM,LANAO DEL SUR,PICONG (SULTAN GUMANDER),Res,MALE,On-Going
BARMM,LANAO DEL SUR,PICONG (SULTAN GUMANDER),Ind,MALE,On-Going
BARMM,LANAO DEL SUR,PICONG (SULTAN GUMANDER),Res,MALE,Completed
BARMM,LANAO DEL SUR,PICONG (SULTAN GUMANDER),Res,FEMALE,On-Going
BARMM,LANAO DEL SUR,PICONG (SULTAN GUMANDER),Res,MALE,On-Going
BARMM,LANAO DEL SUR,PICONG (SULTAN GUMANDER),Res,MALE,On-Going
BARMM,LANAO DEL SUR,PICONG (SULTAN GUMANDER),Com,FEMALE,On-Going
BARMM,LANAO DEL SUR,PICONG (SULTAN GUMANDER),Com,MALE,On-Going
BARMM,LANAO DEL SUR,PICONG (SULTAN GUMANDER),Res,FEMALE,Completed
BARMM,LANAO DEL SUR,PICONG (SULTAN GUMANDER),Res,FEMALE,Completed
BARMM,LANAO DEL SUR,PICONG (SULTAN GUMANDER),Res,MALE,On-Going
BARMM,LANAO DEL SUR,PICONG (SULTAN GUMANDER),Res,FEMALE,Completed
BARMM,LANAO DEL SUR,PICONG (SULTAN GUMANDER),Res,MALE,On-Going
BARMM,LANAO DEL SUR,PICONG (SULTAN GUMANDER),Res,MALE,On-Going
BARMM,LANAO DEL SUR,PICONG (SULTAN GUMANDER),Res,MALE,Completed
BARMM,LANAO DEL SUR,PICONG (SULTAN GUMANDER),Res,MALE,Completed
BARMM,LANAO DEL SUR,PICONG (SULTAN GUMANDER),Res,FEMALE,On-Going
BARMM,LANAO DEL SUR,PICONG (SULTAN GUMANDER),Res,MALE,On-Going
BARMM,LANAO DEL SUR,PICONG (SULTAN GUMANDER),Res,MALE,On-Going
BARMM,LANAO DEL SUR,PICONG (SULTAN GUMANDER),Res,MALE,Completed
BARMM,LANAO DEL SUR,PICONG (SULTAN GUMANDER),Res,FEMALE,Completed
BARMM,LANAO DEL SUR,PICONG (SULTAN GUMANDER),Res,MALE,On-Going
BARMM,LANAO DEL SUR,PICONG (SULTAN GUMANDER),Res,MALE,Pending
BARMM,LANAO DEL SUR,PICONG (SULTAN GUMANDER),Res,FEMALE,On-Going
BARMM,LANAO DEL SUR,PICONG (SULTAN GUMANDER),Res,MALE,On-Going
BARMM,LANAO DEL SUR,PICONG (SULTAN GUMANDER),Com,MALE,On-Going
BARMM,LANAO DEL SUR,PICONG (SULTAN GUMANDER),Res,FEMALE,Cancelled
BARMM,LANAO DEL SUR,PICONG (SULTAN GUMANDER),Ind,FEMALE,Completed
BARMM,LANAO DEL SUR,PICONG (SULTAN GUMANDER),Res,MALE,On-Going
BARMM,LANAO DEL SUR,PICONG (SULTAN GUMANDER),Res,MALE,Cancelled
BARMM,LANAO DEL SUR,PICONG (SULTAN GUMANDER),Ind,MALE,On-Going
BARMM,LANAO DEL SUR,PICONG (SULTAN GUMANDER),Res,MALE,On-Going
BARMM,LANAO DEL SUR,PICONG (SULTAN GUMANDER),Res,FEMALE,Completed
BARMM,LANAO DEL SUR,PICONG (SULTAN GUMANDER),Res,FEMALE,On-Going
BARMM,LANAO DEL SUR,PICONG (SULTAN GUMANDER),Res,FEMALE,On-Going
BARMM,LANAO DEL SUR,PICONG (SULTAN GUMANDER),Res,MALE,Pending
BARMM,LANAO DEL SUR,PICONG (SULTAN GUMANDER),Res,FEMALE,On-Going
BARMM,LANAO DEL SUR,PICONG (SULTAN GUMANDER),Res,MALE,Completed
REGION X,BUKIDNON,LANTAPAN,Res,MALE,On-Going
REGION X,BUKIDNON,LANTAPAN,Res,MALE,On-Going
REGION X,BUKIDNON,LANTAPAN,Res,FEMALE,On-Going
REGION X,BUKIDNON,LANTAPAN,Res,FEMALE,On-Going
REGION X,BUKIDNON,LANTAPAN,Res,FEMALE,Completed
REGION X,BUKIDNON,LANTAPAN,Res,MALE,On-Going
REGION X,BUKIDNON,LANTAPAN,Res,MALE,On-Going
REGION X,BUKIDNON,LANTAPAN,Res,MALE,Completed
REGION X,BUKIDNON,LANTAPAN,Res,MALE,Pending
REGION X,BUKIDNON,LANTAPAN,Res,MALE,On-Going
REGION X,BUKIDNON,LANTAPAN,Res,MALE,On-Going
REGION X,BUKIDNON,LANTAPAN,Res,FEMALE,Pending
REGION X,BUKIDNON,LANTAPAN,Res,FEMALE,Completed
REGION X,BUKIDNON,LANTAPAN,Res,FEMALE,On-Going
REGION X,BUKIDNON,LANTAPAN,Res,FEMALE,On-Going
REGION X,BUKIDNON,LANTAPAN,Res,FEMALE,On-Going
REGION X,BUKIDNON,LANTAPAN,Res,MALE,On-Going
REGION X,BUKIDNON,LANTAPAN,Com,FEMALE,On-Going
REGION X,BUKIDNON,LANTAPAN,Ind,MALE,Completed
REGION X,BUKIDNON,LANTAPAN,Res,MALE,Completed
REGION X,BUKIDNON,LANTAPAN,Com,MALE,On-Going
REGION III,BULACAN,SAN ILDEFONSO,Res,FEMALE,On-Going
REGION III,BULACAN,SAN ILDEFONSO,Res,FEMALE,On-Going
REGION III,BULACAN,SAN ILDEFONSO,Res,FEMALE,Pending
REGION III,BULACAN,SAN ILDEFONSO,Res,FEMALE,On-Going
REGION III,BULACAN,SAN ILDEFONSO,Com,MALE,On-Going
REGION III,BULACAN,SAN ILDEFONSO,Res,MALE,Completed
REGION III,BULACAN,SAN ILDEFONSO,Res,FEMALE,Completed
REGION III,BULACAN,SAN ILDEFONSO,Res,MALE,On-Going
REGION III,BULACAN,SAN ILDEFONSO,Res,MALE,On-Going
REGION III,BULACAN,SAN ILDEFONSO,Res,MALE,On-Going
REGION III,BULACAN,SAN ILDEFONSO,Res,MALE,On-Going
REGION III,BULACAN,SAN ILDEFONSO,Res,MALE,On-Going
REGION III,BULACAN,SAN ILDEFONSO,Res,MALE,On-Going
REGION III,BULACAN,SAN ILDEFONSO,Res,FEMALE,On-Going
REGION III,BULACAN,SAN ILDEFONSO,Res,FEMALE,On-Going
REGION III,BULACAN,SAN ILDEFONSO,Ind,FEMALE,On-Going
REGION III,BULACAN,SAN ILDEFONSO,Com,MALE,On-Going
REGION III,BULACAN,SAN ILDEFONSO,Ind,FEMALE,On-Going
REGION III,BULACAN,SAN ILDEFONSO,Res,MALE,On-Going
REGION III,BULACAN,SAN ILDEFONSO,Res,FEMALE,On-Going
REGION III,BULACAN,SAN ILDEFONSO,Com,FEMALE,On-Going
REGION III,BULACAN,SAN ILDEFONSO,Res,FEMALE,On-Going
REGION III,BULACAN,SAN ILDEFONSO,Res,MALE,On-Going
REGION III,BULACAN,SAN ILDEFONSO,Res,FEMALE,On-Going
REGION III,BULACAN,SAN ILDEFONSO,Res,MALE,On-Going
REGION III,BULACAN,SAN ILDEFONSO,Res,MALE,On-Going
REGION III,BULACAN,SAN ILDEFONSO,Res,MALE,On-Going
REGION III,BULACAN,SAN ILDEFONSO,Ind,FEMALE,On-Going
REGION III,BULACAN,SAN ILDEFONSO,Res,MALE,Completed
REGION III,BULACAN,SAN ILDEFONSO,Res,MALE,On-Going
REGION III,BULACAN,SAN ILDEFONSO,Com,MALE,On-Going
REGION III,BULACAN,SAN ILDEFONSO,Ind,FEMALE,Completed
REGION III,BULACAN,SAN ILDEFONSO,Res,FEMALE,On-Going
REGION III,BULACAN,SAN ILDEFONSO,Res,MALE,Completed
REGION III,BULACAN,SAN ILDEFONSO,Com,FEMALE,On-Going
REGION III,BULACAN,SAN ILDEFONSO,Res,MALE,Completed
REGION III,BULACAN,SAN ILDEFONSO,Ind,MALE,On-Going
REGION III,BULACAN,SAN ILDEFONSO,Res,MALE,Pending
REGION III,BULACAN,SAN ILDEFONSO,Res,FEMALE,Completed
REGION III,BULACAN,SAN ILDEFONSO,Res,FEMALE,On-Going
REGION III,BULACAN,SAN ILDEFONSO,Res,FEMALE,On-Going
REGION III,BULACAN,SAN ILDEFONSO,Res,FEMALE,On-Going
REGION III,BULACAN,SAN ILDEFONSO,Res,MALE,On-Going
REGION III,BULACAN,SAN ILDEFONSO,Res,FEMALE,On-Going
REGION III,BULACAN,SAN ILDEFONSO,Com,MALE,Completed
REGION III,BULACAN,SAN ILDEFONSO,Res,MALE,On-Going
REGION III,BULACAN,SAN ILDEFONSO,Res,FEMALE,On-Going
REGION III,BULACAN,SAN ILDEFONSO,Res,MALE,On-Going
REGION IV-A,QUEZON,PANUKULAN,Com,MALE,On-Going
REGION IV-A,QUEZON,PANUKULAN,Res,MALE,On-Going
REGION IV-A,QUEZON,PANUKULAN,Res,MALE,Completed
REGION IV-A,QUEZON,PANUKULAN,Res,MALE,Completed
REGION IV-A,QUEZON,PANUKULAN,Res,MALE,On-Going
REGION IV-A,QUEZON,PANUKULAN,Res,FEMALE,On-Going
REGION IV-A,QUEZON,PANUKULAN,Res,FEMALE,On-Going
REGION IV-A,QUEZON,PANUKULAN,Res,MALE,On-Going
REGION IV-A,QUEZON,PANUKULAN,Ind,FEMALE,Completed
REGION IV-A,QUEZON,PANUKULAN,Res,MALE,On-Going
REGION IV-A,QUEZON,PANUKULAN,Res,FEMALE,Completed
REGION IV-A,QUEZON,PANUKULAN,Res,FEMALE,Pending
REGION IV-A,QUEZON,PANUKULAN,Res,MALE,On-Going
REGION IV-A,QUEZON,PANUKULAN,Com,MALE,Cancelled
REGION IV-A,QUEZON,PANUKULAN,Res,FEMALE,Completed
REGION IV-A,QUEZON,PANUKULAN,Res,MALE,On-Going
REGION IV-A,QUEZON,PANUKULAN,Res,MALE,On-Going
REGION IV-A,QUEZON,PANUKULAN,Res,FEMALE,On-Going
REGION IV-A,QUEZON,PANUKULAN,Res,FEMALE,Completed
REGION IV-A,QUEZON,PANUKULAN,Ind,MALE,On-Going
REGION IV-A,QUEZON,PANUKULAN,Res,MALE,On-Going
REGION IV-A,QUEZON,PANUKULAN,Com,FEMALE,On-Going
REGION IV-A,QUEZON,PANUKULAN,Res,FEMALE,On-Going
REGION IV-A,QUEZON,PANUKULAN,Res,FEMALE,On-Going
REGION IV-A,QUEZON,PANUKULAN,Res,MALE,On-Going
REGION IV-A,QUEZON,PANUKULAN,Res,MALE,On-Going
REGION IV-A,QUEZON,PANUKULAN,Res,FEMALE,On-Going
REGION IV-A,QUEZON,PANUKULAN,Res,MALE,On-Going
REGION IV-A,QUEZON,PANUKULAN,Res,FEMALE,On-Going
REGION IV-A,QUEZON,PANUKULAN,Res,MALE,On-Going
REGION IV-A,QUEZON,PANUKULAN,Ind,FEMALE,Cancelled
REGION IV-A,QUEZON,PANUKULAN,Res,MALE,On-Going
REGION IV-A,QUEZON,PANUKULAN,Res,MALE,On-Going
REGION IV-A,QUEZON,PANUKULAN,Res,FEMALE,On-Going
REGION IV-A,QUEZON,PANUKULAN,Com,FEMALE,On-Going
REGION IV-A,QUEZON,PANUKULAN,Res,FEMALE,Completed
REGION IV-A,QUEZON,PANUKULAN,Res,MALE,On-Going
REGION V,CAMARINES NORTE,SANTA ELENA,Res,MALE,Completed
REGION V,CAMARINES NORTE,SANTA ELENA,Res,FEMALE,On-Going
REGION V,CAMARINES NORTE,SANTA ELENA,Res,MALE,On-Going
REGION V,CAMARINES NORTE,SANTA ELENA,Res,MALE,On-Going
REGION V,CAMARINES NORTE,SANTA ELENA,Res,FEMALE,On-Going
REGION V,CAMARINES NORTE,SANTA ELENA,Res,MALE,On-Going
REGION V,CAMARINES NORTE,SANTA ELENA,Res,FEMALE,On-Going
REGION V,CAMARINES NORTE,SANTA ELENA,Res,FEMALE,On-Going
REGION V,CAMARINES NORTE,SANTA ELENA,Res,MALE,On-Going
REGION V,CAMARINES NORTE,SANTA ELENA,Res,MALE,On-Going
REGION V,CAMARINES NORTE,SANTA ELENA,Com,FEMALE,Pending
REGION V,CAMARINES NORTE,SANTA ELENA,Res,MALE,On-Going
REGION V,CAMARINES NORTE,SANTA ELENA,Res,MALE,Pending
REGION V,CAMARINES NORTE,SANTA ELENA,Res,MALE,On-Going
REGION V,CAMARINES NORTE,SANTA ELENA,Ind,MALE,On-Going
REGION V,CAMARINES NORTE,SANTA ELENA,Res,FEMALE,Completed
REGION V,CAMARINES NORTE,SANTA ELENA,Res,MALE,On-Going
REGION V,CAMARINES NORTE,SANTA ELENA,Res,FEMALE,On-Going
REGION V,CAMARINES NORTE,SANTA ELENA,Res,MALE,On-Going
REGION V,CAMARINES NORTE,SANTA ELENA,Res,FEMALE,On-Going
REGION V,CAMARINES NORTE,SANTA ELENA,Res,FEMALE,On-Going
REGION V,CAMARINES NORTE,SANTA ELENA,Res,FEMALE,On-Going
REGION V,CAMARINES NORTE,SANTA ELENA,Com,FEMALE,On-Going
REGION V,CAMARINES NORTE,SANTA ELENA,Com,FEMALE,Completed
REGION V,CAMARINES NORTE,SANTA ELENA,Res,MALE,On-Going
REGION V,CAMARINES NORTE,SANTA ELENA,Com,MALE,Completed
REGION V,CAMARINES NORTE,SANTA ELENA,Res,MALE,On-Going
REGION V,CAMARINES NORTE,SANTA ELENA,Res,FEMALE,On-Going
REGION V,CAMARINES NORTE,SANTA ELENA,Res,FEMALE,On-Going
REGION V,CAMARINES NORTE,SANTA ELENA,Com,MALE,On-Going
REGION V,CAMARINES NORTE,SANTA ELENA,Com,FEMALE,On-Going
REGION V,CAMARINES NORTE,SANTA ELENA,Res,MALE,On-Going
REGION V,CAMARINES NORTE,SANTA ELENA,Com,MALE,On-Going
REGION V,CAMARINES NORTE,SANTA ELENA,Res,FEMALE,On-Going
REGION V,CAMARINES NORTE,SANTA ELENA,Res,FEMALE,On-Going
REGION V,CAMARINES NORTE,SANTA ELENA,Res,MALE,Completed
REGION V,CAMARINES NORTE,SANTA ELENA,Res,FEMALE,Completed
REGION V,CAMARINES NORTE,SANTA ELENA,Res,FEMALE,On-Going
REGION V,CAMARINES NORTE,SANTA ELENA,Res,FEMALE,On-Going
REGION V,CAMARINES NORTE,SANTA ELENA,Res,FEMALE,On-Going
REGION V,CAMARINES NORTE,SANTA ELENA,Res,MALE,On-Going
REGION V,CAMARINES NORTE,SANTA ELENA,Com,MALE,Completed
REGION V,CAMARINES NORTE,SANTA ELENA,Res,MALE,On-Going
REGION V,CAMARINES NORTE,SANTA ELENA,Res,MALE,On-Going
REGION V,CAMARINES NORTE,SANTA ELENA,Res,MALE,On-Going
REGION V,CAMARINES NORTE,SANTA ELENA,Res,MALE,Cancelled
REGION VII,CEBU,TOLEDO CITY,Res,MALE,On-Going
REGION VII,CEBU,TOLEDO CITY,Ind,MALE,On-Going
REGION VII,CEBU,TOLEDO CITY,Res,MALE,Completed
REGION VII,CEBU,TOLEDO CITY,Res,MALE,Completed
REGION VII,CEBU,TOLEDO CITY,Res,FEMALE,On-Going
REGION VII,CEBU,TOLEDO CITY,Res,FEMALE,On-Going
REGION VII,CEBU,TOLEDO CITY,Res,MALE,Completed
REGION VII,CEBU,TOLEDO CITY,Res,FEMALE,On-Going
REGION VII,CEBU,TOLEDO CITY,Res,FEMALE,On-Going
REGION VII,CEBU,TOLEDO CITY,Res,FEMALE,Cancelled
REGION VII,CEBU,TOLEDO CITY,Ind,MALE,On-Going
REGION VII,CEBU,TOLEDO CITY,Res,FEMALE,On-Going
REGION VII,CEBU,TOLEDO CITY,Res,MALE,On-Going
REGION VII,CEBU,TOLEDO CITY,Res,FEMALE,On-Going
REGION VII,CEBU,TOLEDO CITY,Res,MALE,On-Going
REGION VII,CEBU,TOLEDO CITY,Res,FEMALE,On-Going
REGION VII,CEBU,TOLEDO CITY,Ind,FEMALE,On-Going
REGION VII,CEBU,TOLEDO CITY,Ind,MALE,On-Going
REGION VII,CEBU,TOLEDO CITY,Res,MALE,On-Going
REGION VII,CEBU,TOLEDO CITY,Res,MALE,On-Going
REGION VII,CEBU,TOLEDO CITY,Res,FEMALE,On-Going
REGION VII,CEBU,TOLEDO CITY,Com,MALE,Completed
REGION VII,CEBU,TOLEDO CITY,Res,MALE,Completed
REGION VII,CEBU,TOLEDO CITY,Res,FEMALE,On-Going
REGION VII,CEBU,TOLEDO CITY,Res,MALE,On-Going
REGION VII,CEBU,TOLEDO CITY,Res,MALE,Cancelled
REGION VII,CEBU,TOLEDO CITY,Res,MALE,On-Going
REGION VII,CEBU,TOLEDO CITY,Res,MALE,On-Going
REGION VII,CEBU,TOLEDO CITY,Res,MALE,Pending
REGION VII,CEBU,TOLEDO CITY,Res,FEMALE,On-Going
REGION VII,CEBU,TOLEDO CITY,Res,FEMALE,Completed
REGION VII,CEBU,TOLEDO CITY,Res,FEMALE,On-Going
REGION VII,CEBU,TOLEDO CITY,Ind,MALE,On-Going
REGION X,LANAO DEL NORTE,POONA PIAGAPO,Res,MALE,On-Going
REGION X,LANAO DEL NORTE,POONA PIAGAPO,Res,FEMALE,Pending
REGION X,LANAO DEL NORTE,POONA PIAGAPO,Res,FEMALE,On-Going
REGION X,LANAO DEL NORTE,POONA PIAGAPO,Com,MALE,On-Going
REGION X,LANAO DEL NORTE,POONA PIAGAPO,Ind,MALE,On-Going
REGION X,LANAO DEL NORTE,POONA PIAGAPO,Res,FEMALE,Cancelled
REGION X,LANAO DEL NORTE,POONA PIAGAPO,Com,FEMALE,Completed
REGION X,LANAO DEL NORTE,POONA PIAGAPO,Ind,MALE,Completed
REGION X,LANAO DEL NORTE,POONA PIAGAPO,Res,MALE,On-Going
REGION X,LANAO DEL NORTE,POONA PIAGAPO,Res,FEMALE,Completed
REGION X,LANAO DEL NORTE,POONA PIAGAPO,Res,MALE,On-Going
REGION X,LANAO DEL NORTE,POONA PIAGAPO,Com,FEMALE,Completed
REGION X,LANAO DEL NORTE,POONA PIAGAPO,Res,MALE,On-Going
REGION X,LANAO DEL NORTE,POONA PIAGAPO,Com,MALE,On-Going
REGION X,LANAO DEL NORTE,POONA PIAGAPO,Ind,FEMALE,On-Going
REGION X,LANAO DEL NORTE,POONA PIAGAPO,Res,FEMALE,On-Going
REGION X,LANAO DEL NORTE,POONA PIAGAPO,Res,FEMALE,On-Going
REGION X,LANAO DEL NORTE,POONA PIAGAPO,Res,MALE,Completed
REGION X,LANAO DEL NORTE,POONA PIAGAPO,Com,MALE,Completed
REGION X,LANAO DEL NORTE,POONA PIAGAPO,Ind,MALE,Completed
REGION X,LANAO DEL NORTE,POONA PIAGAPO,Com,FEMALE,On-Going
REGION X,LANAO DEL NORTE,POONA PIAGAPO,Res,MALE,On-Going
REGION X,LANAO DEL NORTE,POONA PIAGAPO,Res,MALE,On-Going
REGION X,LANAO DEL NORTE,POONA PIAGAPO,Com,MALE,On-Going
REGION X,LANAO DEL NORTE,POONA PIAGAPO,Res,FEMALE,Completed
REGION X,LANAO DEL NORTE,POONA PIAGAPO,Res,MALE,Pending
REGION X,LANAO DEL NORTE,POONA PIAGAPO,Res,FEMALE,On-Going
REGION X,LANAO DEL NORTE,POONA PIAGAPO,Res,FEMALE,Completed
BARMM,MAGUINDANAO DEL SUR,RAJAH BUAYAN,Com,MALE,On-Going
BARMM,MAGUINDANAO DEL SUR,RAJAH BUAYAN,Res,MALE,On-Going
BARMM,MAGUINDANAO DEL SUR,RAJAH BUAYAN,Res,FEMALE,On-Going
BARMM,MAGUINDANAO DEL SUR,RAJAH BUAYAN,Res,MALE,On-Going
BARMM,MAGUINDANAO DEL SUR,RAJAH BUAYAN,Res,FEMALE,On-Going
BARMM,MAGUINDANAO DEL SUR,RAJAH BUAYAN,Res,FEMALE,On-Going
BARMM,MAGUINDANAO DEL SUR,RAJAH BUAYAN,Res,MALE,Completed
BARMM,MAGUINDANAO DEL SUR,RAJAH BUAYAN,Com,MALE,On-Going
BARMM,MAGUINDANAO DEL SUR,RAJAH BUAYAN,Res,MALE,On-Going
BARMM,MAGUINDANAO DEL SUR,RAJAH BUAYAN,Res,MALE,Pending
BARMM,MAGUINDANAO DEL SUR,RAJAH BUAYAN,Res,FEMALE,On-Going
BARMM,MAGUINDANAO DEL SUR,RAJAH BUAYAN,Res,FEMALE,On-Going
BARMM,MAGUINDANAO DEL SUR,RAJAH BUAYAN,Res,FEMALE,On-Going
BARMM,MAGUINDANAO DEL SUR,RAJAH BUAYAN,Res,FEMALE,On-Going
BARMM,MAGUINDANAO DEL SUR,RAJAH BUAYAN,Res,FEMALE,Completed
BARMM,MAGUINDANAO DEL SUR,RAJAH BUAYAN,Res,FEMALE,On-Going
BARMM,MAGUINDANAO DEL SUR,RAJAH BUAYAN,Com,MALE,On-Going
BARMM,MAGUINDANAO DEL SUR,RAJAH BUAYAN,Res,MALE,On-Going
BARMM,MAGUINDANAO DEL SUR,RAJAH BUAYAN,Res,FEMALE,On-Going
BARMM,MAGUINDANAO DEL SUR,RAJAH BUAYAN,Res,FEMALE,On-Going
BARMM,MAGUINDANAO DEL SUR,RAJAH BUAYAN,Res,FEMALE,On-Going
REGION IV-B,PALAWAN,LINAPACAN,Res,MALE,On-Going
REGION IV-B,PALAWAN,LINAPACAN,Res,MALE,Cancelled
REGION IV-B,PALAWAN,LINAPACAN,Ind,MALE,Cancelled
REGION IV-B,PALAWAN,LINAPACAN,Res,FEMALE,Completed
REGION IV-B,PALAWAN,LINAPACAN,Res,MALE,Completed
REGION IV-B,PALAWAN,LINAPACAN,Res,MALE,Cancelled
REGION IV-B,PALAWAN,LINAPACAN,Res,MALE,On-Going
REGION IV-B,PALAWAN,LINAPACAN,Res,FEMALE,Cancelled
REGION IV-B,PALAWAN,LINAPACAN,Res,MALE,Completed
REGION IV-B,PALAWAN,LINAPACAN,Res,MALE,On-Going
REGION III,ZAMBALES,MASINLOC,Res,FEMALE,On-Going
REGION III,ZAMBALES,MASINLOC,Res,FEMALE,On-Going
REGION III,ZAMBALES,MASINLOC,Ind,MALE,On-Going
REGION III,ZAMBALES,MASINLOC,Res,MALE,On-Going
REGION III,ZAMBALES,MASINLOC,Res,FEMALE,On-Going
REGION III,ZAMBALES,MASINLOC,Res,FEMALE,On-Going
REGION III,ZAMBALES,MASINLOC,Res,FEMALE,On-Going
REGION III,ZAMBALES,MASINLOC,Res,MALE,Completed
REGION III,ZAMBALES,MASINLOC,Ind,MALE,On-Going
REGION III,ZAMBALES,MASINLOC,Ind,MALE,Pending
REGION III,ZAMBALES,MASINLOC,Res,MALE,On-Going
REGION III,ZAMBALES,MASINLOC,Res,FEMALE,On-Going
REGION III,ZAMBALES,MASINLOC,Res,MALE,On-Going
REGION III,ZAMBALES,MASINLOC,Res,FEMALE,On-Going
REGION III,ZAMBALES,MASINLOC,Res,FEMALE,On-Going
REGION III,ZAMBALES,MASINLOC,Res,FEMALE,On-Going
REGION III,ZAMBALES,MASINLOC,Ind,FEMALE,Cancelled
REGION III,ZAMBALES,MASINLOC,Res,MALE,Cancelled
REGION III,ZAMBALES,MASINLOC,Res,MALE,On-Going
REGION III,ZAMBALES,MASINLOC,Res,FEMALE,On-Going
REGION III,ZAMBALES,MASINLOC,Res,MALE,On-Going
REGION I,ILOCOS NORTE,SARRAT,Res,FEMALE,On-Going
REGION I,ILOCOS NORTE,SARRAT,Res,MALE,Completed
REGION I,ILOCOS NORTE,SARRAT,Res,MALE,Cancelled
REGION I,ILOCOS NORTE,SARRAT,Res,MALE,Completed
REGION I,ILOCOS NORTE,SARRAT,Ind,FEMALE,On-Going
REGION I,ILOCOS NORTE,SARRAT,Res,MALE,On-Going
REGION I,ILOCOS NORTE,SARRAT,Res,FEMALE,On-Going
REGION I,ILOCOS NORTE,SARRAT,Res,FEMALE,Cancelled
REGION IV-B,PALAWAN,NARRA,Com,MALE,On-Going
REGION IV-B,PALAWAN,NARRA,Ind,MALE,On-Going
REGION IV-B,PALAWAN,NARRA,Res,MALE,Completed
REGION IV-B,PALAWAN,NARRA,Ind,FEMALE,On-Going
REGION IV-B,PALAWAN,NARRA,Res,FEMALE,Cancelled
REGION IV-B,PALAWAN,NARRA,Res,FEMALE,Pending
REGION IV-B,PALAWAN,NARRA,Res,MALE,On-Going
REGION XII,COTABATO (NORTH COTABATO),TULUNAN,Res,MALE,On-Going
REGION XII,COTABATO (NORTH COTABATO),TULUNAN,Res,MALE,Completed
REGION XII,COTABATO (NORTH COTABATO),TULUNAN,Res,FEMALE,On-Going
REGION XII,COTABATO (NORTH COTABATO),TULUNAN,Ind,FEMALE,Completed
REGION XII,COTABATO (NORTH COTABATO),TULUNAN,Res,FEMALE,On-Going
REGION XII,COTABATO (NORTH COTABATO),TULUNAN,Com,MALE,On-Going
REGION XII,COTABATO (NORTH COTABATO),TULUNAN,Res,MALE,On-Going
REGION XII,COTABATO (NORTH COTABATO),TULUNAN,Res,FEMALE,Cancelled
REGION XII,COTABATO (NORTH COTABATO),TULUNAN,Res,MALE,On-Going
REGION XII,COTABATO (NORTH COTABATO),TULUNAN,Res,FEMALE,Completed
REGION XII,COTABATO (NORTH COTABATO),TULUNAN,Res,MALE,On-Going
REGION XI,DAVAO DE ORO (COMPOSTELA VALLEY),COMPOSTELA,Res,MALE,On-Going
REGION XI,DAVAO DE ORO (COMPOSTELA VALLEY),COMPOSTELA,Res,FEMALE,On-Going
REGION XI,DAVAO DE ORO (COMPOSTELA VALLEY),COMPOSTELA,Res,FEMALE,Completed
REGION XI,DAVAO DE ORO (COMPOSTELA VALLEY),COMPOSTELA,Res,FEMALE,On-Going
REGION XI,DAVAO DE ORO (COMPOSTELA VALLEY),COMPOSTELA,Res,MALE,On-Going
REGION XI,DAVAO DE ORO (COMPOSTELA VALLEY),COMPOSTELA,Res,FEMALE,On-Going
REGION XI,DAVAO DE ORO (COMPOSTELA VALLEY),COMPOSTELA,Res,MALE,On-Going
REGION XI,DAVAO DE ORO (COMPOSTELA VALLEY),COMPOSTELA,Ind,FEMALE,On-Going
REGION XI,DAVAO DE ORO (COMPOSTELA VALLEY),COMPOSTELA,Res,MALE,Completed
REGION XI,DAVAO DE ORO (COMPOSTELA VALLEY),COMPOSTELA,Ind,FEMALE,On-Going
REGION XI,DAVAO DE ORO (COMPOSTELA VALLEY),COMPOSTELA,Com,FEMALE,On-Going
REGION IX,ZAMBOANGA SIBUGAY,MABUHAY,Res,FEMALE,On-Going
REGION IX,ZAMBOANGA SIBUGAY,MABUHAY,Res,MALE,On-Going
REGION IX,ZAMBOANGA SIBUGAY,MABUHAY,Res,FEMALE,Completed
REGION IX,ZAMBOANGA SIBUGAY,MABUHAY,Res,FEMALE,On-Going
REGION IX,ZAMBOANGA SIBUGAY,MABUHAY,Ind,MALE,On-Going
REGION IX,ZAMBOANGA SIBUGAY,MABUHAY,Res,FEMALE,On-Going
REGION IX,ZAMBOANGA SIBUGAY,MABUHAY,Res,FEMALE,On-Going
REGION IX,ZAMBOANGA SIBUGAY,MABUHAY,Res,FEMALE,Completed
REGION IX,ZAMBOANGA SIBUGAY,MABUHAY,Res,MALE,On-Going
REGION IX,ZAMBOANGA SIBUGAY,MABUHAY,Res,MALE,On-Going
REGION IX,ZAMBOANGA SIBUGAY,MABUHAY,Com,MALE,On-Going
REGION IX,ZAMBOANGA SIBUGAY,MABUHAY,Ind,MALE,Pending
REGION IX,ZAMBOANGA SIBUGAY,MABUHAY,Com,FEMALE,On-Going
REGION IX,ZAMBOANGA SIBUGAY,MABUHAY,Com,FEMALE,On-Going
REGION IX,ZAMBOANGA SIBUGAY,MABUHAY,Res,MALE,On-Going
REGION IX,ZAMBOANGA SIBUGAY,MABUHAY,Res,MALE,On-Going
REGION IX,ZAMBOANGA SIBUGAY,MABUHAY,Com,MALE,Completed
REGION IX,ZAMBOANGA SIBUGAY,MABUHAY,Ind,MALE,Completed
REGION IX,ZAMBOANGA SIBUGAY,MABUHAY,Res,FEMALE,On-Going
REGION IX,ZAMBOANGA SIBUGAY,MABUHAY,Res,FEMALE,On-Going
REGION IX,ZAMBOANGA SIBUGAY,MABUHAY,Res,FEMALE,On-Going
REGION IX,ZAMBOANGA SIBUGAY,MABUHAY,Res,FEMALE,On-Going
REGION IX,ZAMBOANGA SIBUGAY,MABUHAY,Res,MALE,On-Going
REGION IX,ZAMBOANGA SIBUGAY,MABUHAY,Res,FEMALE,On-Going
REGION IX,ZAMBOANGA SIBUGAY,MABUHAY,Ind,FEMALE,On-Going
REGION IV-A,CAVITE,CAVITE CITY,Res,MALE,On-Going
REGION IV-A,CAVITE,CAVITE CITY,Res,FEMALE,Pending
REGION IV-A,CAVITE,CAVITE CITY,Res,FEMALE,On-Going
REGION IV-A,CAVITE,CAVITE CITY,Res,FEMALE,Completed
REGION IV-A,CAVITE,CAVITE CITY,Res,FEMALE,On-Going
REGION IV-A,CAVITE,CAVITE CITY,Ind,FEMALE,On-Going
REGION IV-A,CAVITE,CAVITE CITY,Res,FEMALE,Completed
REGION IV-A,CAVITE,CAVITE CITY,Res,FEMALE,On-Going
REGION IV-A,CAVITE,CAVITE CITY,Res,MALE,Cancelled
REGION IV-A,CAVITE,CAVITE CITY,Res,MALE,On-Going
REGION IV-A,CAVITE,CAVITE CITY,Res,MALE,On-Going
REGION IV-A,CAVITE,CAVITE CITY,Res,MALE,On-Going
REGION IV-A,CAVITE,CAVITE CITY,Res,MALE,Pending
REGION IV-A,CAVITE,CAVITE CITY,Res,MALE,On-Going
REGION IV-A,CAVITE,CAVITE CITY,Res,MALE,On-Going
REGION IV-A,CAVITE,CAVITE CITY,Res,FEMALE,On-Going
REGION IV-A,CAVITE,CAVITE CITY,Res,FEMALE,Completed
REGION IV-A,CAVITE,CAVITE CITY,Res,FEMALE,On-Going
REGION IV-A,CAVITE,CAVITE CITY,Res,FEMALE,On-Going
REGION IV-A,CAVITE,CAVITE CITY,Res,FEMALE,On-Going
REGION IV-A,CAVITE,CAVITE CITY,Res,MALE,On-Going
REGION IV-A,CAVITE,CAVITE CITY,Com,MALE,Completed
REGION IV-A,CAVITE,CAVITE CITY,Res,MALE,On-Going
REGION IV-A,CAVITE,CAVITE CITY,Ind,MALE,On-Going
REGION VI,ILOILO,ZARRAGA,Res,MALE,On-Going
REGION VI,ILOILO,ZARRAGA,Ind,FEMALE,On-Going
REGION VI,ILOILO,ZARRAGA,Res,FEMALE,On-Going
REGION VI,ILOILO,ZARRAGA,Res,FEMALE,On-Going
REGION VI,ILOILO,ZARRAGA,Res,FEMALE,On-Going
REGION VI,ILOILO,ZARRAGA,Res,FEMALE,On-Going
REGION VI,ILOILO,ZARRAGA,Res,MALE,Completed
REGION VI,ILOILO,ZARRAGA,Res,FEMALE,Completed
REGION VI,ILOILO,ZARRAGA,Ind,FEMALE,On-Going
REGION VI,ILOILO,ZARRAGA,Res,FEMALE,On-Going
REGION VI,ILOILO,ZARRAGA,Res,MALE,On-Going
REGION VI,ILOILO,ZARRAGA,Com,FEMALE,Completed
REGION VI,ILOILO,ZARRAGA,Res,MALE,On-Going
REGION VI,ILOILO,ZARRAGA,Res,FEMALE,On-Going
REGION VI,ILOILO,ZARRAGA,Res,FEMALE,On-Going
REGION I,PANGASINAN,SAN MANUEL,Res,FEMALE,On-Going
REGION I,PANGASINAN,SAN MANUEL,Res,MALE,On-Going
REGION I,PANGASINAN,SAN MANUEL,Ind,MALE,Cancelled
REGION I,PANGASINAN,SAN MANUEL,Res,MALE,On-Going
REGION I,PANGASINAN,SAN MANUEL,Res,FEMALE,Pending
REGION I,PANGASINAN,SAN MANUEL,Res,FEMALE,On-Going
REGION I,PANGASINAN,SAN MANUEL,Res,FEMALE,On-Going
REGION I,PANGASINAN,SAN MANUEL,Res,FEMALE,Completed
REGION I,PANGASINAN,SAN MANUEL,Res,MALE,On-Going
REGION I,PANGASINAN,SAN MANUEL,Res,FEMALE,On-Going
REGION I,PANGASINAN,SAN MANUEL,Res,FEMALE,Completed
REGION I,PANGASINAN,SAN MANUEL,Res,FEMALE,Completed
REGION I,PANGASINAN,SAN MANUEL,Res,MALE,Completed
REGION I,PANGASINAN,SAN MANUEL,Res,MALE,Completed
REGION I,PANGASINAN,SAN MANUEL,Res,MALE,On-Going
REGION I,PANGASINAN,SAN MANUEL,Res,FEMALE,Completed
REGION I,PANGASINAN,SAN MANUEL,Res,MALE,On-Going
REGION VII,NEGROS ORIENTAL,DUMAGUETE CITY (CAPITAL),Res,MALE,Completed
REGION VII,NEGROS ORIENTAL,DUMAGUETE CITY (CAPITAL),Res,FEMALE,On-Going
REGION VII,NEGROS ORIENTAL,DUMAGUETE CITY (CAPITAL),Res,MALE,Completed
REGION VII,NEGROS ORIENTAL,DUMAGUETE CITY (CAPITAL),Res,FEMALE,On-Going
REGION VII,NEGROS ORIENTAL,DUMAGUETE CITY (CAPITAL),Res,FEMALE,On-Going
REGION VII,NEGROS ORIENTAL,DUMAGUETE CITY (CAPITAL),Res,FEMALE,Pending
REGION VII,NEGROS ORIENTAL,DUMAGUETE CITY (CAPITAL),Res,FEMALE,On-Going
REGION VII,NEGROS ORIENTAL,DUMAGUETE CITY (CAPITAL),Res,MALE,Cancelled
REGION VII,NEGROS ORIENTAL,DUMAGUETE CITY (CAPITAL),Res,MALE,Cancelled
REGION VII,NEGROS ORIENTAL,DUMAGUETE CITY (CAPITAL),Res,FEMALE,On-Going
REGION VII,NEGROS ORIENTAL,DUMAGUETE CITY (CAPITAL),Res,FEMALE,On-Going
REGION VII,NEGROS ORIENTAL,DUMAGUETE CITY (CAPITAL),Res,FEMALE,On-Going
REGION VII,NEGROS ORIENTAL,DUMAGUETE CITY (CAPITAL),Ind,FEMALE,Completed
REGION VII,NEGROS ORIENTAL,DUMAGUETE CITY (CAPITAL),Com,FEMALE,On-Going
REGION VII,NEGROS ORIENTAL,DUMAGUETE CITY (CAPITAL),Res,FEMALE,On-Going
REGION VII,NEGROS ORIENTAL,DUMAGUETE CITY (CAPITAL),Res,MALE,On-Going
REGION VII,NEGROS ORIENTAL,DUMAGUETE CITY (CAPITAL),Res,FEMALE,On-Going
REGION VII,NEGROS ORIENTAL,DUMAGUETE CITY (CAPITAL),Res,FEMALE,On-Going
REGION VII,NEGROS ORIENTAL,DUMAGUETE CITY (CAPITAL),Ind,MALE,On-Going
REGION VII,NEGROS ORIENTAL,DUMAGUETE CITY (CAPITAL),Res,MALE,On-Going
REGION VII,NEGROS ORIENTAL,DUMAGUETE CITY (CAPITAL),Ind,FEMALE,Completed
REGION VII,NEGROS ORIENTAL,DUMAGUETE CITY (CAPITAL),Res,MALE,Completed
REGION VI,ANTIQUE,SIBALOM,Res,MALE,On-Going
REGION VI,ANTIQUE,SIBALOM,Res,MALE,On-Going
REGION VI,ANTIQUE,SIBALOM,Res,FEMALE,Completed
REGION VI,ANTIQUE,SIBALOM,Res,MALE,Completed
REGION VI,ANTIQUE,SIBALOM,Res,FEMALE,On-Going
REGION VI,ANTIQUE,SIBALOM,Res,MALE,On-Going
REGION X,MISAMIS ORIENTAL,MEDINA,Com,MALE,On-Going
REGION X,MISAMIS ORIENTAL,MEDINA,Res,FEMALE,On-Going
REGION X,MISAMIS ORIENTAL,MEDINA,Res,MALE,On-Going
REGION X,MISAMIS ORIENTAL,MEDINA,Res,FEMALE,Cancelled
REGION X,MISAMIS ORIENTAL,MEDINA,Res,FEMALE,On-Going
REGION X,MISAMIS ORIENTAL,MEDINA,Res,FEMALE,On-Going
REGION X,MISAMIS ORIENTAL,MEDINA,Com,FEMALE,On-Going
REGION X,MISAMIS ORIENTAL,MEDINA,Com,MALE,Completed
REGION X,MISAMIS ORIENTAL,MEDINA,Res,FEMALE,On-Going
REGION X,MISAMIS ORIENTAL,MEDINA,Res,MALE,Cancelled
REGION X,MISAMIS ORIENTAL,MEDINA,Res,MALE,On-Going
REGION X,MISAMIS ORIENTAL,MEDINA,Res,FEMALE,On-Going
REGION X,MISAMIS ORIENTAL,MEDINA,Ind,MALE,Cancelled
REGION X,MISAMIS ORIENTAL,MEDINA,Ind,FEMALE,On-Going
REGION X,MISAMIS ORIENTAL,MEDINA,Res,FEMALE,On-Going
REGION X,MISAMIS ORIENTAL,MEDINA,Res,FEMALE,On-Going
REGION X,MISAMIS ORIENTAL,MEDINA,Res,MALE,On-Going
REGION X,MISAMIS ORIENTAL,MEDINA,Res,MALE,On-Going
REGION X,MISAMIS ORIENTAL,MEDINA,Res,FEMALE,On-Going
REGION X,MISAMIS ORIENTAL,MEDINA,Com,MALE,On-Going
REGION X,MISAMIS ORIENTAL,MEDINA,Res,MALE,On-Going
REGION X,MISAMIS ORIENTAL,MEDINA,Res,MALE,On-Going
REGION X,MISAMIS ORIENTAL,MEDINA,Res,FEMALE,On-Going
REGION X,MISAMIS ORIENTAL,MEDINA,Res,FEMALE,On-Going
REGION X,MISAMIS ORIENTAL,MEDINA,Ind,MALE,On-Going
REGION X,MISAMIS ORIENTAL,MEDINA,Res,FEMALE,Completed
REGION X,MISAMIS ORIENTAL,MEDINA,Res,FEMALE,On-Going
REGION V,CAMARINES SUR,MAGARAO,Res,MALE,On-Going
REGION V,CAMARINES SUR,MAGARAO,Res,MALE,On-Going
REGION V,CAMARINES SUR,MAGARAO,Res,FEMALE,On-Going
REGION V,CAMARINES SUR,MAGARAO,Res,MALE,On-Going
REGION V,CAMARINES SUR,MAGARAO,Ind,FEMALE,Completed
REGION V,CAMARINES SUR,MAGARAO,Res,FEMALE,Completed
REGION V,CAMARINES SUR,MAGARAO,Res,MALE,On-Going
REGION V,CAMARINES SUR,MAGARAO,Res,FEMALE,On-Going
REGION V,CAMARINES SUR,MAGARAO,Res,MALE,On-Going
REGION V,CAMARINES SUR,MAGARAO,Res,MALE,On-Going
REGION V,CAMARINES SUR,MAGARAO,Res,MALE,Completed
REGION V,CAMARINES SUR,MAGARAO,Res,FEMALE,On-Going
REGION V,CAMARINES SUR,MAGARAO,Res,FEMALE,Completed
REGION V,CAMARINES SUR,MAGARAO,Res,FEMALE,On-Going
REGION V,CAMARINES SUR,MAGARAO,Res,FEMALE,On-Going
REGION V,CAMARINES SUR,MAGARAO,Res,FEMALE,On-Going
REGION V,CAMARINES SUR,MAGARAO,Res,MALE,On-Going
REGION V,CAMARINES SUR,MAGARAO,Res,MALE,On-Going
REGION V,CAMARINES SUR,MAGARAO,Com,FEMALE,On-Going
REGION V,CAMARINES SUR,MAGARAO,Res,MALE,On-Going
REGION V,CAMARINES SUR,MAGARAO,Res,FEMALE,On-Going
REGION V,CAMARINES SUR,MAGARAO,Res,FEMALE,On-Going
REGION V,CAMARINES SUR,MAGARAO,Com,FEMALE,Cancelled
REGION V,CAMARINES SUR,MAGARAO,Res,MALE,On-Going
REGION V,CAMARINES SUR,MAGARAO,Res,MALE,On-Going
REGION V,CAMARINES SUR,MAGARAO,Ind,FEMALE,On-Going
REGION V,CAMARINES SUR,MAGARAO,Res,FEMALE,Cancelled
REGION V,CAMARINES SUR,MAGARAO,Res,FEMALE,On-Going
REGION V,CAMARINES SUR,MAGARAO,Res,FEMALE,On-Going
REGION V,ALBAY,SANTO DOMINGO (LIBOG),Res,FEMALE,Completed
REGION V,ALBAY,SANTO DOMINGO (LIBOG),Res,MALE,On-Going
REGION V,ALBAY,SANTO DOMINGO (LIBOG),Res,FEMALE,On-Going
REGION V,ALBAY,SANTO DOMINGO (LIBOG),Res,MALE,On-Going
REGION V,ALBAY,SANTO DOMINGO (LIBOG),Res,MALE,Completed
REGION V,ALBAY,SANTO DOMINGO (LIBOG),Res,MALE,On-Going
REGION V,ALBAY,SANTO DOMINGO (LIBOG),Res,MALE,Completed
REGION V,ALBAY,SANTO DOMINGO (LIBOG),Res,MALE,On-Going
REGION V,ALBAY,SANTO DOMINGO (LIBOG),Res,FEMALE,On-Going
REGION V,ALBAY,SANTO DOMINGO (LIBOG),Res,MALE,On-Going
REGION V,ALBAY,SANTO DOMINGO (LIBOG),Res,FEMALE,On-Going
REGION V,ALBAY,SANTO DOMINGO (LIBOG),Res,MALE,Cancelled
REGION V,ALBAY,SANTO DOMINGO (LIBOG),Res,FEMALE,On-Going
REGION V,ALBAY,SANTO DOMINGO (LIBOG),Res,FEMALE,On-Going
REGION V,ALBAY,SANTO DOMINGO (LIBOG),Res,FEMALE,Cancelled
REGION V,ALBAY,SANTO DOMINGO (LIBOG),Res,MALE,On-Going
REGION V,ALBAY,SANTO DOMINGO (LIBOG),Res,FEMALE,Completed
REGION V,ALBAY,SANTO DOMINGO (LIBOG),Res,MALE,On-Going
REGION V,ALBAY,SANTO DOMINGO (LIBOG),Res,MALE,On-Going
REGION V,ALBAY,SANTO DOMINGO (LIBOG),Res,FEMALE,On-Going
REGION V,ALBAY,SANTO DOMINGO (LIBOG),Res,FEMALE,On-Going
REGION V,ALBAY,SANTO DOMINGO (LIBOG),Ind,MALE,Completed
REGION V,ALBAY,SANTO DOMINGO (LIBOG),Com,MALE,Completed
REGION V,ALBAY,SANTO DOMINGO (LIBOG),Res,FEMALE,On-Going
REGION II,CAGAYAN,GONZAGA,Res,FEMALE,On-Going
REGION II,CAGAYAN,GONZAGA,Res,MALE,Completed
REGION II,CAGAYAN,GONZAGA,Res,MALE,On-Going
REGION II,CAGAYAN,GONZAGA,Res,FEMALE,Completed
REGION II,CAGAYAN,GONZAGA,Res,FEMALE,On-Going
REGION II,CAGAYAN,GONZAGA,Res,MALE,On-Going
REGION II,CAGAYAN,GONZAGA,Res,MALE,Completed
REGION II,CAGAYAN,GONZAGA,Res,MALE,On-Going
REGION II,CAGAYAN,GONZAGA,Res,FEMALE,Completed
REGION II,CAGAYAN,GONZAGA,Res,FEMALE,On-Going
REGION II,CAGAYAN,GONZAGA,Res,MALE,On-Going
REGION II,CAGAYAN,GONZAGA,Res,MALE,Pending
REGION II,CAGAYAN,GONZAGA,Res,MALE,On-Going
REGION II,CAGAYAN,GONZAGA,Res,FEMALE,On-Going
REGION II,CAGAYAN,GONZAGA,Res,FEMALE,On-Going
REGION II,CAGAYAN,GONZAGA,Com,FEMALE,On-Going
REGION II,CAGAYAN,GONZAGA,Res,MALE,On-Going
REGION II,CAGAYAN,GONZAGA,Com,FEMALE,On-Going
REGION II,CAGAYAN,GONZAGA,Res,FEMALE,On-Going
REGION II,CAGAYAN,GONZAGA,Res,FEMALE,On-Going
REGION II,CAGAYAN,GONZAGA,Res,MALE,Cancelled
REGION II,CAGAYAN,GONZAGA,Res,MALE,On-Going
REGION II,CAGAYAN,GONZAGA,Res,FEMALE,On-Going
REGION II,CAGAYAN,GONZAGA,Res,MALE,Completed
REGION II,CAGAYAN,GONZAGA,Res,FEMALE,On-Going
REGION II,CAGAYAN,GONZAGA,Res,FEMALE,Completed
REGION II,CAGAYAN,GONZAGA,Res,MALE,On-Going
REGION II,CAGAYAN,GONZAGA,Res,MALE,Pending
REGION II,CAGAYAN,GONZAGA,Res,FEMALE,Cancelled
REGION II,CAGAYAN,GONZAGA,Res,FEMALE,On-Going
REGION II,CAGAYAN,GONZAGA,Res,MALE,On-Going
REGION II,CAGAYAN,GONZAGA,Res,FEMALE,On-Going
REGION II,CAGAYAN,GONZAGA,Res,MALE,On-Going
REGION II,CAGAYAN,GONZAGA,Ind,FEMALE,Completed
REGION II,CAGAYAN,GONZAGA,Res,FEMALE,Completed
REGION II,CAGAYAN,GONZAGA,Res,MALE,On-Going
REGION II,CAGAYAN,GONZAGA,Res,FEMALE,Completed
REGION II,CAGAYAN,GONZAGA,Res,MALE,On-Going
REGION II,CAGAYAN,GONZAGA,Res,FEMALE,On-Going
REGION II,CAGAYAN,GONZAGA,Res,FEMALE,Completed
REGION II,CAGAYAN,GONZAGA,Res,MALE,On-Going
REGION II,CAGAYAN,GONZAGA,Res,FEMALE,On-Going
REGION II,CAGAYAN,GONZAGA,Res,MALE,On-Going
REGION II,CAGAYAN,GONZAGA,Res,FEMALE,Completed
REGION II,CAGAYAN,GONZAGA,Res,FEMALE,On-Going
REGION II,CAGAYAN,GONZAGA,Com,FEMALE,On-Going
REGION II,CAGAYAN,GONZAGA,Res,FEMALE,Completed
REGION VIII,NORTHERN SAMAR,BOBON,Res,MALE,On-Going
REGION VIII,NORTHERN SAMAR,BOBON,Res,MALE,On-Going
REGION VIII,NORTHERN SAMAR,BOBON,Res,MALE,Completed
REGION VIII,NORTHERN SAMAR,BOBON,Res,FEMALE,Completed
REGION VIII,NORTHERN SAMAR,BOBON,Res,MALE,Completed
REGION VIII,NORTHERN SAMAR,BOBON,Res,FEMALE,On-Going
REGION VIII,NORTHERN SAMAR,BOBON,Ind,FEMALE,On-Going
REGION VIII,NORTHERN SAMAR,BOBON,Res,FEMALE,On-Going
REGION VIII,NORTHERN SAMAR,BOBON,Com,FEMALE,On-Going
REGION VIII,NORTHERN SAMAR,BOBON,Res,FEMALE,Completed
REGION VIII,NORTHERN SAMAR,BOBON,Res,MALE,On-Going
REGION VIII,NORTHERN SAMAR,BOBON,Res,MALE,Completed
REGION VIII,NORTHERN SAMAR,BOBON,Com,MALE,Pending
REGION VIII,NORTHERN SAMAR,BOBON,Res,FEMALE,Pending
REGION VII,BOHOL,SIERRA BULLONES,Res,MALE,On-Going
REGION VII,BOHOL,SIERRA BULLONES,Res,FEMALE,On-Going
REGION VII,BOHOL,SIERRA BULLONES,Com,FEMALE,On-Going
REGION VII,BOHOL,SIERRA BULLONES,Res,FEMALE,Cancelled
REGION VII,BOHOL,SIERRA BULLONES,Res,MALE,On-Going
REGION VII,BOHOL,SIERRA BULLONES,Res,MALE,On-Going
REGION VII,BOHOL,SIERRA BULLONES,Ind,MALE,Completed
REGION VII,BOHOL,SIERRA BULLONES,Res,MALE,Completed
REGION VII,BOHOL,SIERRA BULLONES,Res,FEMALE,On-Going
REGION VII,BOHOL,SIERRA BULLONES,Res,MALE,On-Going
REGION VII,BOHOL,SIERRA BULLONES,Res,MALE,Cancelled
REGION VII,BOHOL,SIERRA BULLONES,Res,MALE,On-Going
REGION VII,BOHOL,SIERRA BULLONES,Res,FEMALE,Cancelled
REGION VII,BOHOL,SIERRA BULLONES,Com,FEMALE,On-Going
REGION VII,BOHOL,SIERRA BULLONES,Res,FEMALE,On-Going
REGION VII,BOHOL,SIERRA BULLONES,Res,FEMALE,On-Going
REGION VII,BOHOL,SIERRA BULLONES,Res,FEMALE,On-Going
REGION VII,BOHOL,SIERRA BULLONES,Res,FEMALE,Completed
REGION VII,BOHOL,SIERRA BULLONES,Res,MALE,On-Going
REGION VII,BOHOL,SIERRA BULLONES,Res,FEMALE,Cancelled
REGION VII,BOHOL,SIERRA BULLONES,Res,MALE,On-Going
REGION VII,BOHOL,SIERRA BULLONES,Res,MALE,On-Going
REGION VII,BOHOL,SIERRA BULLONES,Res,MALE,On-Going
REGION VII,BOHOL,SIERRA BULLONES,Res,FEMALE,On-Going
REGION VII,BOHOL,SIERRA BULLONES,Ind,FEMALE,On-Going
REGION VII,BOHOL,SIERRA BULLONES,Res,FEMALE,On-Going
REGION VII,BOHOL,SIERRA BULLONES,Res,MALE,Completed
REGION VII,BOHOL,SIERRA BULLONES,Com,MALE,Completed
REGION VII,BOHOL,SIERRA BULLONES,Res,MALE,On-Going
REGION VII,BOHOL,SIERRA BULLONES,Ind,FEMALE,On-Going
REGION VII,BOHOL,SIERRA BULLONES,Res,FEMALE,Completed
REGION VII,BOHOL,SIERRA BULLONES,Res,FEMALE,On-Going
REGION VII,BOHOL,SIERRA BULLONES,Res,FEMALE,On-Going
REGION VII,BOHOL,SIERRA BULLONES,Ind,MALE,Pending
REGION VII,BOHOL,SIERRA BULLONES,Com,FEMALE,On-Going
REGION IV-A,RIZAL,CAINTA,Res,FEMALE,Cancelled
REGION IV-A,RIZAL,CAINTA,Ind,FEMALE,On-Going
REGION IV-A,RIZAL,CAINTA,Res,MALE,Completed
REGION IV-A,RIZAL,CAINTA,Res,FEMALE,Pending
REGION IV-A,RIZAL,CAINTA,Res,MALE,On-Going
REGION IV-A,RIZAL,CAINTA,Res,FEMALE,Completed
REGION IV-A,RIZAL,CAINTA,Res,MALE,On-Going
REGION IV-A,RIZAL,CAINTA,Res,FEMALE,Completed
REGION IV-A,RIZAL,CAINTA,Res,FEMALE,Completed
REGION IV-A,RIZAL,CAINTA,Ind,FEMALE,On-Going
REGION VI,ILOILO,LEMERY,Res,MALE,On-Going
REGION VI,ILOILO,LEMERY,Res,FEMALE,Cancelled
REGION VI,ILOILO,LEMERY,Com,MALE,On-Going
REGION VI,ILOILO,LEMERY,Res,FEMALE,On-Going
REGION VI,ILOILO,LEMERY,Res,FEMALE,Completed
REGION VI,ILOILO,LEMERY,Res,FEMALE,On-Going
REGION VI,ILOILO,LEMERY,Com,MALE,On-Going
REGION VI,ILOILO,LEMERY,Res,FEMALE,On-Going
REGION VI,ILOILO,LEMERY,Res,FEMALE,On-Going
REGION VI,ILOILO,LEMERY,Ind,MALE,On-Going
REGION VI,ILOILO,LEMERY,Com,MALE,On-Going
REGION VI,ILOILO,LEMERY,Res,MALE,Completed
REGION VI,ILOILO,LEMERY,Res,MALE,On-Going
REGION VI,ILOILO,LEMERY,Res,MALE,On-Going
REGION VI,ILOILO,LEMERY,Res,FEMALE,On-Going
REGION VI,ILOILO,LEMERY,Res,MALE,Completed
REGION VI,ILOILO,LEMERY,Res,FEMALE,Completed
REGION VI,ILOILO,LEMERY,Com,MALE,On-Going
REGION VI,ILOILO,LEMERY,Res,FEMALE,On-Going
REGION VI,ILOILO,LEMERY,Com,FEMALE,On-Going
REGION VI,ILOILO,LEMERY,Res,FEMALE,Completed
REGION VI,ILOILO,LEMERY,Res,MALE,Completed
REGION VI,ILOILO,LEMERY,Res,FEMALE,On-Going
REGION VI,AKLAN,BATAN,Res,MALE,Completed
REGION VI,AKLAN,BATAN,Res,MALE,On-Going
REGION VI,AKLAN,BATAN,Res,FEMALE,Completed
REGION VI,AKLAN,BATAN,Ind,FEMALE,On-Going
REGION VI,AKLAN,BATAN,Res,MALE,Completed
REGION VI,AKLAN,BATAN,Res,MALE,On-Going
REGION VI,AKLAN,BATAN,Res,MALE,On-Going
REGION VI,AKLAN,BATAN,Com,MALE,Cancelled
REGION VI,AKLAN,BATAN,Com,FEMALE,Completed
REGION VI,AKLAN,BATAN,Res,MALE,On-Going
REGION VI,AKLAN,BATAN,Res,MALE,On-Going
REGION VI,AKLAN,BATAN,Res,FEMALE,On-Going
REGION VI,AKLAN,BATAN,Res,FEMALE,Completed
REGION VI,AKLAN,BATAN,Res,MALE,Completed
REGION VI,AKLAN,BATAN,Res,MALE,On-Going
REGION VI,AKLAN,BATAN,Res,MALE,Pending
REGION VI,AKLAN,BATAN,Res,MALE,On-Going
REGION VI,AKLAN,BATAN,Res,MALE,Completed
REGION VI,AKLAN,BATAN,Res,MALE,Pending
REGION VI,AKLAN,BATAN,Res,MALE,On-Going
REGION VI,AKLAN,BATAN,Res,MALE,On-Going
REGION VI,AKLAN,BATAN,Com,FEMALE,On-Going
REGION VI,AKLAN,BATAN,Res,MALE,On-Going
REGION VI,AKLAN,BATAN,Res,MALE,Cancelled
REGION VI,AKLAN,BATAN,Res,MALE,On-Going
REGION VI,AKLAN,BATAN,Res,FEMALE,Completed
REGION VI,AKLAN,BATAN,Res,FEMALE,On-Going
REGION VI,AKLAN,BATAN,Res,MALE,On-Going
REGION VI,AKLAN,BATAN,Com,MALE,On-Going
REGION VI,AKLAN,BATAN,Res,MALE,Completed
REGION VI,AKLAN,BATAN,Res,MALE,Completed
REGION VI,AKLAN,BATAN,Res,FEMALE,On-Going
REGION VI,AKLAN,BATAN,Res,FEMALE,On-Going
REGION VI,AKLAN,BATAN,Res,FEMALE,On-Going
REGION VI,AKLAN,BATAN,Res,MALE,On-Going
REGION VI,AKLAN,BATAN,Res,MALE,On-Going
REGION VIII,LEYTE,ISABEL,Res,FEMALE,Pending
REGION VIII,LEYTE,ISABEL,Res,MALE,On-Going
REGION VIII,LEYTE,ISABEL,Res,MALE,On-Going
REGION VIII,LEYTE,ISABEL,Res,MALE,On-Going
REGION VIII,LEYTE,ISABEL,Res,MALE,Completed
REGION VIII,LEYTE,ISABEL,Com,FEMALE,Completed
REGION VIII,LEYTE,ISABEL,Res,FEMALE,Completed
REGION VIII,LEYTE,ISABEL,Res,FEMALE,On-Going
REGION VIII,LEYTE,ISABEL,Res,MALE,On-Going
REGION IV-B,ROMBLON,CAJIDIOCAN,Res,MALE,On-Going
REGION IV-B,ROMBLON,CAJIDIOCAN,Com,MALE,Completed
REGION IV-B,ROMBLON,CAJIDIOCAN,Res,FEMALE,On-Going
REGION IV-B,ROMBLON,CAJIDIOCAN,Res,MALE,On-Going
REGION IV-B,ROMBLON,CAJIDIOCAN,Com,FEMALE,Completed
REGION IV-B,ROMBLON,CAJIDIOCAN,Res,FEMALE,On-Going
REGION IV-B,ROMBLON,CAJIDIOCAN,Res,MALE,On-Going
REGION IV-B,ROMBLON,CAJIDIOCAN,Res,MALE,Completed
REGION IV-B,ROMBLON,CAJIDIOCAN,Res,MALE,On-Going
REGION IV-B,ROMBLON,CAJIDIOCAN,Res,MALE,On-Going
REGION IV-B,ROMBLON,CAJIDIOCAN,Res,MALE,On-Going
REGION IV-B,ROMBLON,CAJIDIOCAN,Res,MALE,On-Going
REGION IV-B,ROMBLON,CAJIDIOCAN,Ind,MALE,On-Going
REGION IV-B,ROMBLON,CAJIDIOCAN,Res,MALE,On-Going
REGION IV-B,ROMBLON,CAJIDIOCAN,Com,FEMALE,On-Going
REGION IV-B,ROMBLON,CAJIDIOCAN,Res,MALE,On-Going
REGION IV-B,ROMBLON,CAJIDIOCAN,Res,MALE,Completed
REGION IV-B,ROMBLON,CAJIDIOCAN,Res,MALE,Completed
REGION IV-B,ROMBLON,CAJIDIOCAN,Res,MALE,Completed
REGION IV-B,ROMBLON,CAJIDIOCAN,Res,FEMALE,Completed
REGION IV-B,ROMBLON,CAJIDIOCAN,Ind,MALE,On-Going
REGION IV-B,ROMBLON,CAJIDIOCAN,Res,FEMALE,On-Going
REGION IV-B,ROMBLON,CAJIDIOCAN,Res,FEMALE,On-Going
REGION IV-B,ROMBLON,CAJIDIOCAN,Res,MALE,Cancelled
REGION IV-B,ROMBLON,CAJIDIOCAN,Res,MALE,On-Going
REGION IV-B,ROMBLON,CAJIDIOCAN,Res,FEMALE,On-Going
REGION IV-B,ROMBLON,CAJIDIOCAN,Res,MALE,On-Going
REGION IV-B,ROMBLON,CAJIDIOCAN,Res,MALE,On-Going
REGION IV-B,ROMBLON,CAJIDIOCAN,Ind,FEMALE,On-Going
REGION IV-B,ROMBLON,CAJIDIOCAN,Res,FEMALE,Completed
REGION IV-B,ROMBLON,CAJIDIOCAN,Res,MALE,Completed
REGION XI,DAVAO DEL SUR,SULOP,Res,FEMALE,On-Going
REGION XI,DAVAO DEL SUR,SULOP,Res,FEMALE,On-Going
REGION XI,DAVAO DEL SUR,SULOP,Com,FEMALE,On-Going
REGION XI,DAVAO DEL SUR,SULOP,Res,FEMALE,Completed
REGION XI,DAVAO DEL SUR,SULOP,Res,FEMALE,On-Going
REGION XI,DAVAO DEL SUR,SULOP,Res,MALE,On-Going
REGION XI,DAVAO DEL SUR,SULOP,Res,FEMALE,On-Going
REGION XI,DAVAO DEL SUR,SULOP,Res,FEMALE,Pending
REGION XI,DAVAO DEL SUR,SULOP,Ind,MALE,On-Going
REGION XI,DAVAO DEL SUR,SULOP,Res,MALE,Completed
REGION XI,DAVAO DEL SUR,SULOP,Res,FEMALE,On-Going
REGION XI,DAVAO DEL SUR,SULOP,Res,FEMALE,On-Going
REGION XI,DAVAO DEL SUR,SULOP,Res,FEMALE,Completed
REGION XI,DAVAO DEL SUR,SULOP,Res,MALE,On-Going
REGION XI,DAVAO DEL SUR,SULOP,Res,FEMALE,Pending
REGION XI,DAVAO DEL SUR,SULOP,Res,FEMALE,Cancelled
REGION XI,DAVAO DEL SUR,SULOP,Res,MALE,On-Going
REGION XI,DAVAO DEL SUR,SULOP,Res,FEMALE,On-Going
REGION XI,DAVAO DEL SUR,SULOP,Res,MALE,On-Going
REGION XI,DAVAO DEL SUR,SULOP,Com,MALE,Completed
REGION XI,DAVAO DEL SUR,SULOP,Res,FEMALE,On-Going
REGION XI,DAVAO DEL SUR,SULOP,Res,FEMALE,On-Going
REGION XI,DAVAO DEL SUR,SULOP,Com,MALE,Completed
REGION XI,DAVAO DEL SUR,SULOP,Res,FEMALE,On-Going
REGION XI,DAVAO DEL SUR,SULOP,Res,FEMALE,Completed
REGION XI,DAVAO DEL SUR,SULOP,Res,FEMALE,Cancelled
REGION XI,DAVAO DEL SUR,SULOP,Res,FEMALE,On-Going
REGION XI,DAVAO DEL SUR,SULOP,Ind,MALE,On-Going
REGION XI,DAVAO DEL SUR,SULOP,Res,FEMALE,On-Going
REGION XI,DAVAO DEL SUR,SULOP,Res,MALE,Completed
REGION XI,DAVAO DEL SUR,SULOP,Res,FEMALE,On-Going
REGION XI,DAVAO DEL SUR,SULOP,Res,MALE,Pending
REGION XI,DAVAO DEL SUR,SULOP,Res,MALE,On-Going
REGION XI,DAVAO DEL SUR,SULOP,Res,FEMALE,Pending
REGION XI,DAVAO DEL SUR,SULOP,Res,MALE,On-Going
REGION XI,DAVAO DEL SUR,SULOP,Ind,MALE,On-Going
REGION XI,DAVAO DEL SUR,SULOP,Res,FEMALE,Cancelled
REGION XI,DAVAO DEL SUR,SULOP,Com,MALE,Cancelled
REGION XI,DAVAO DEL SUR,SULOP,Res,MALE,On-Going
REGION XI,DAVAO DEL SUR,SULOP,Res,FEMALE,Completed
REGION XI,DAVAO DEL SUR,SULOP,Res,MALE,Completed
REGION XI,DAVAO DEL SUR,SULOP,Res,MALE,On-Going
REGION XI,DAVAO DEL SUR,SULOP,Com,FEMALE,Cancelled
BARMM,LANAO DEL SUR,TARAKA,Res,FEMALE,On-Going
BARMM,LANAO DEL SUR,TARAKA,Res,MALE,On-Going
BARMM,LANAO DEL SUR,TARAKA,Res,MALE,On-Going
BARMM,LANAO DEL SUR,TARAKA,Com,MALE,On-Going
BARMM,LANAO DEL SUR,TARAKA,Res,FEMALE,On-Going
BARMM,LANAO DEL SUR,TARAKA,Res,FEMALE,On-Going
BARMM,LANAO DEL SUR,TARAKA,Res,FEMALE,On-Going
BARMM,LANAO DEL SUR,TARAKA,Res,MALE,On-Going
BARMM,LANAO DEL SUR,TARAKA,Res,FEMALE,On-Going
BARMM,LANAO DEL SUR,TARAKA,Res,FEMALE,Completed
BARMM,LANAO DEL SUR,TARAKA,Res,MALE,Cancelled
BARMM,LANAO DEL SUR,TARAKA,Res,FEMALE,On-Going
BARMM,LANAO DEL SUR,TARAKA,Ind,FEMALE,Completed
BARMM,LANAO DEL SUR,TARAKA,Com,MALE,On-Going
BARMM,LANAO DEL SUR,TARAKA,Res,MALE,Pending
BARMM,LANAO DEL SUR,TARAKA,Res,MALE,Completed
BARMM,LANAO DEL SUR,TARAKA,Com,FEMALE,On-Going
BARMM,LANAO DEL SUR,TARAKA,Res,FEMALE,On-Going
BARMM,LANAO DEL SUR,TARAKA,Res,MALE,On-Going
BARMM,LANAO DEL SUR,TARAKA,Res,MALE,On-Going
BARMM,LANAO DEL SUR,TARAKA,Res,MALE,On-Going
BARMM,LANAO DEL SUR,TARAKA,Res,MALE,On-Going
BARMM,LANAO DEL SUR,TARAKA,Res,FEMALE,On-Going
BARMM,LANAO DEL SUR,TARAKA,Com,MALE,On-Going
BARMM,LANAO DEL SUR,TARAKA,Res,FEMALE,Completed
BARMM,LANAO DEL SUR,TARAKA,Res,MALE,On-Going
REGION XII,COTABATO (NORTH COTABATO),CITY OF KIDAPAWAN (CAPITAL),Res,MALE,Cancelled
REGION XII,COTABATO (NORTH COTABATO),CITY OF KIDAPAWAN (CAPITAL),Ind,MALE,On-Going
REGION XII,COTABATO (NORTH COTABATO),CITY OF KIDAPAWAN (CAPITAL),Ind,MALE,On-Going
REGION XII,COTABATO (NORTH COTABATO),CITY OF KIDAPAWAN (CAPITAL),Res,MALE,On-Going
REGION XII,COTABATO (NORTH COTABATO),CITY OF KIDAPAWAN (CAPITAL),Res,FEMALE,On-Going
REGION XII,COTABATO (NORTH COTABATO),CITY OF KIDAPAWAN (CAPITAL),Res,FEMALE,On-Going
REGION XII,COTABATO (NORTH COTABATO),CITY OF KIDAPAWAN (CAPITAL),Res,MALE,On-Going
REGION X,MISAMIS ORIENTAL,BINUANGAN,Res,MALE,On-Going
REGION X,MISAMIS ORIENTAL,BINUANGAN,Com,MALE,On-Going
REGION X,MISAMIS ORIENTAL,BINUANGAN,Res,FEMALE,Completed
REGION X,MISAMIS ORIENTAL,BINUANGAN,Res,FEMALE,On-Going
REGION X,MISAMIS ORIENTAL,BINUANGAN,Com,FEMALE,On-Going
REGION X,MISAMIS ORIENTAL,BINUANGAN,Res,MALE,On-Going
REGION X,MISAMIS ORIENTAL,BINUANGAN,Res,FEMALE,On-Going
REGION X,MISAMIS ORIENTAL,BINUANGAN,Res,MALE,Completed
REGION X,MISAMIS ORIENTAL,BINUANGAN,Res,MALE,On-Going
REGION X,MISAMIS ORIENTAL,BINUANGAN,Res,MALE,On-Going
REGION X,MISAMIS ORIENTAL,BINUANGAN,Res,FEMALE,Pending
REGION X,MISAMIS ORIENTAL,BINUANGAN,Res,FEMALE,On-Going
REGION X,MISAMIS ORIENTAL,BINUANGAN,Res,MALE,Completed
REGION X,MISAMIS ORIENTAL,BINUANGAN,Res,MALE,On-Going
REGION X,MISAMIS ORIENTAL,BINUANGAN,Res,FEMALE,On-Going
REGION XIII,SURIGAO DEL NORTE,SANTA MONICA (SAPAO),Res,MALE,On-Going
REGION XIII,SURIGAO DEL NORTE,SANTA MONICA (SAPAO),Res,FEMALE,Completed
REGION XIII,SURIGAO DEL NORTE,SANTA MONICA (SAPAO),Res,MALE,On-Going
REGION XIII,SURIGAO DEL NORTE,SANTA MONICA (SAPAO),Res,MALE,Pending
REGION XIII,SURIGAO DEL NORTE,SANTA MONICA (SAPAO),Res,MALE,Completed
REGION XIII,SURIGAO DEL NORTE,SANTA MONICA (SAPAO),Com,MALE,Completed
REGION XIII,SURIGAO DEL NORTE,SANTA MONICA (SAPAO),Res,FEMALE,On-Going
REGION XIII,SURIGAO DEL NORTE,SANTA MONICA (SAPAO),Res,MALE,On-Going
REGION XIII,SURIGAO DEL NORTE,SANTA MONICA (SAPAO),Res,MALE,Completed
REGION XIII,SURIGAO DEL NORTE,SANTA MONICA (SAPAO),Ind,FEMALE,On-Going
REGION XIII,SURIGAO DEL NORTE,SANTA MONICA (SAPAO),Res,MALE,Completed
REGION XIII,SURIGAO DEL NORTE,SANTA MONICA (SAPAO),Res,MALE,On-Going
REGION V,SORSOGON,CASIGURAN,Res,FEMALE,On-Going
REGION V,SORSOGON,CASIGURAN,Ind,MALE,On-Going
REGION V,SORSOGON,CASIGURAN,Res,FEMALE,Pending
REGION V,SORSOGON,CASIGURAN,Res,FEMALE,On-Going
REGION V,SORSOGON,CASIGURAN,Res,FEMALE,Completed
REGION V,SORSOGON,CASIGURAN,Res,MALE,On-Going
REGION V,SORSOGON,CASIGURAN,Res,FEMALE,Completed
REGION V,SORSOGON,CASIGURAN,Res,MALE,Completed
REGION V,SORSOGON,CASIGURAN,Ind,MALE,Pending
REGION V,SORSOGON,CASIGURAN,Res,MALE,Completed
REGION V,SORSOGON,CASIGURAN,Res,MALE,On-Going
REGION V,SORSOGON,CASIGURAN,Res,MALE,On-Going
REGION V,SORSOGON,CASIGURAN,Res,FEMALE,On-Going
REGION V,SORSOGON,CASIGURAN,Com,FEMALE,Completed
REGION V,SORSOGON,CASIGURAN,Res,MALE,On-Going
REGION V,SORSOGON,CASIGURAN,Res,MALE,On-Going
REGION V,SORSOGON,CASIGURAN,Res,FEMALE,On-Going
REGION V,SORSOGON,CASIGURAN,Res,FEMALE,On-Going
REGION V,SORSOGON,CASIGURAN,Res,FEMALE,On-Going
REGION V,SORSOGON,CASIGURAN,Res,MALE,On-Going
REGION V,SORSOGON,CASIGURAN,Res,MALE,On-Going
REGION V,SORSOGON,CASIGURAN,Ind,FEMALE,On-Going
REGION V,SORSOGON,CASIGURAN,Res,MALE,On-Going
REGION V,SORSOGON,CASIGURAN,Res,MALE,On-Going
REGION V,SORSOGON,CASIGURAN,Res,MALE,On-Going
REGION V,SORSOGON,CASIGURAN,Res,FEMALE,On-Going
REGION IX,ZAMBOANGA DEL SUR,SAN PABLO,Res,FEMALE,Completed
REGION IX,ZAMBOANGA DEL SUR,SAN PABLO,Com,MALE,On-Going
REGION IX,ZAMBOANGA DEL SUR,SAN PABLO,Res,MALE,On-Going
REGION IX,ZAMBOANGA DEL SUR,SAN PABLO,Res,FEMALE,Cancelled
REGION IX,ZAMBOANGA DEL SUR,SAN PABLO,Res,MALE,On-Going
REGION IX,ZAMBOANGA DEL SUR,SAN PABLO,Res,MALE,On-Going
REGION IX,ZAMBOANGA DEL SUR,SAN PABLO,Com,MALE,On-Going
REGION IX,ZAMBOANGA DEL SUR,SAN PABLO,Res,FEMALE,On-Going
REGION IX,ZAMBOANGA DEL SUR,SAN PABLO,Res,MALE,On-Going
REGION IX,ZAMBOANGA DEL SUR,SAN PABLO,Ind,MALE,Completed
REGION IX,ZAMBOANGA DEL SUR,SAN PABLO,Res,FEMALE,On-Going
REGION IX,ZAMBOANGA DEL SUR,SAN PABLO,Ind,MALE,On-Going
REGION IX,ZAMBOANGA DEL SUR,SAN PABLO,Res,FEMALE,On-Going
REGION IX,ZAMBOANGA DEL SUR,SAN PABLO,Res,FEMALE,On-Going
REGION IX,ZAMBOANGA DEL SUR,SAN PABLO,Com,FEMALE,Completed
REGION IX,ZAMBOANGA DEL SUR,SAN PABLO,Res,MALE,On-Going
REGION IX,ZAMBOANGA DEL SUR,SAN PABLO,Ind,MALE,On-Going
REGION IX,ZAMBOANGA DEL SUR,SAN PABLO,Res,FEMALE,On-Going
REGION IX,ZAMBOANGA DEL SUR,SAN PABLO,Res,MALE,On-Going
REGION IX,ZAMBOANGA DEL SUR,SAN PABLO,Com,MALE,Completed
REGION IX,ZAMBOANGA DEL SUR,SAN PABLO,Ind,FEMALE,Completed
REGION IX,ZAMBOANGA DEL SUR,SAN PABLO,Res,FEMALE,On-Going
REGION IX,ZAMBOANGA DEL SUR,SAN PABLO,Com,MALE,On-Going
REGION IX,ZAMBOANGA DEL SUR,SAN PABLO,Res,FEMALE,On-Going
REGION I,ILOCOS NORTE,CITY OF BATAC,Com,MALE,On-Going
REGION I,ILOCOS NORTE,CITY OF BATAC,Res,FEMALE,On-Going
REGION I,ILOCOS NORTE,CITY OF BATAC,Res,FEMALE,On-Going
REGION I,ILOCOS NORTE,CITY OF BATAC,Res,FEMALE,On-Going
REGION I,ILOCOS NORTE,CITY OF BATAC,Com,FEMALE,On-Going
REGION V,SORSOGON,IROSIN,Res,FEMALE,Pending
REGION V,SORSOGON,IROSIN,Res,MALE,On-Going
REGION V,SORSOGON,IROSIN,Res,FEMALE,On-Going
REGION V,SORSOGON,IROSIN,Res,FEMALE,On-Going
REGION V,SORSOGON,IROSIN,Res,FEMALE,On-Going
REGION V,SORSOGON,IROSIN,Res,FEMALE,On-Going
REGION V,SORSOGON,IROSIN,Res,MALE,On-Going
REGION V,SORSOGON,IROSIN,Res,FEMALE,On-Going
REGION V,SORSOGON,IROSIN,Res,MALE,On-Going
REGION V,SORSOGON,IROSIN,Res,FEMALE,Completed
REGION V,SORSOGON,IROSIN,Res,FEMALE,On-Going
REGION V,SORSOGON,IROSIN,Res,FEMALE,On-Going
REGION V,SORSOGON,IROSIN,Res,MALE,On-Going
REGION V,SORSOGON,IROSIN,Res,FEMALE,On-Going
REGION II,CAGAYAN,CAMALANIUGAN,Res,FEMALE,On-Going
REGION II,CAGAYAN,CAMALANIUGAN,Ind,MALE,On-Going
REGION II,CAGAYAN,CAMALANIUGAN,Res,MALE,On-Going
REGION II,CAGAYAN,CAMALANIUGAN,Res,MALE,Completed
REGION II,CAGAYAN,CAMALANIUGAN,Com,FEMALE,On-Going
REGION II,CAGAYAN,CAMALANIUGAN,Res,MALE,On-Going
REGION II,CAGAYAN,CAMALANIUGAN,Res,FEMALE,On-Going
REGION II,CAGAYAN,CAMALANIUGAN,Res,FEMALE,On-Going
REGION II,CAGAYAN,CAMALANIUGAN,Com,FEMALE,On-Going
REGION II,CAGAYAN,CAMALANIUGAN,Res,MALE,On-Going
REGION II,CAGAYAN,CAMALANIUGAN,Res,MALE,On-Going
REGION II,CAGAYAN,CAMALANIUGAN,Res,FEMALE,Completed
REGION II,CAGAYAN,CAMALANIUGAN,Ind,MALE,On-Going
REGION II,CAGAYAN,CAMALANIUGAN,Res,MALE,On-Going
REGION II,CAGAYAN,CAMALANIUGAN,Res,FEMALE,On-Going
REGION II,CAGAYAN,CAMALANIUGAN,Res,MALE,On-Going
REGION II,CAGAYAN,CAMALANIUGAN,Res,FEMALE,Completed
REGION II,CAGAYAN,CAMALANIUGAN,Com,FEMALE,Completed
REGION II,CAGAYAN,CAMALANIUGAN,Res,MALE,On-Going
REGION II,CAGAYAN,CAMALANIUGAN,Res,FEMALE,Completed
REGION II,CAGAYAN,CAMALANIUGAN,Res,MALE,On-Going
REGION II,CAGAYAN,CAMALANIUGAN,Res,MALE,On-Going
REGION II,CAGAYAN,CAMALANIUGAN,Res,FEMALE,On-Going
REGION II,CAGAYAN,CAMALANIUGAN,Res,MALE,On-Going
REGION I,PANGASINAN,BUGALLON,Res,FEMALE,On-Going
REGION I,PANGASINAN,BUGALLON,Res,MALE,On-Going
REGION I,PANGASINAN,BUGALLON,Res,MALE,On-Going
REGION I,PANGASINAN,BUGALLON,Res,FEMALE,On-Going
REGION I,PANGASINAN,BUGALLON,Res,FEMALE,On-Going
REGION I,PANGASINAN,BUGALLON,Res,FEMALE,Completed
REGION I,PANGASINAN,BUGALLON,Ind,MALE,On-Going
REGION I,PANGASINAN,BUGALLON,Res,FEMALE,On-Going
REGION I,PANGASINAN,BUGALLON,Res,FEMALE,On-Going
REGION I,PANGASINAN,BUGALLON,Res,MALE,Completed
REGION I,PANGASINAN,BUGALLON,Res,FEMALE,Cancelled
REGION I,PANGASINAN,BUGALLON,Res,FEMALE,On-Going
REGION I,PANGASINAN,BUGALLON,Com,FEMALE,On-Going
REGION I,PANGASINAN,BUGALLON,Res,FEMALE,Cancelled
REGION IV-B,PALAWAN,ARACELI,Res,FEMALE,On-Going
REGION IV-B,PALAWAN,ARACELI,Res,MALE,On-Going
REGION IV-B,PALAWAN,ARACELI,Ind,MALE,On-Going
REGION IV-B,PALAWAN,ARACELI,Com,MALE,Completed
REGION IV-B,PALAWAN,ARACELI,Ind,FEMALE,Completed
REGION IV-B,PALAWAN,ARACELI,Res,MALE,On-Going
REGION IV-B,PALAWAN,ARACELI,Res,FEMALE,On-Going
REGION IV-B,PALAWAN,ARACELI,Res,FEMALE,On-Going
REGION IV-B,PALAWAN,ARACELI,Res,FEMALE,On-Going
REGION IV-B,PALAWAN,ARACELI,Res,FEMALE,On-Going
REGION IV-B,PALAWAN,ARACELI,Res,FEMALE,Completed
REGION IV-B,PALAWAN,ARACELI,Res,MALE,Completed
REGION IV-B,PALAWAN,ARACELI,Res,FEMALE,On-Going
REGION IV-B,PALAWAN,ARACELI,Res,FEMALE,On-Going
REGION IV-B,PALAWAN,ARACELI,Res,FEMALE,On-Going
REGION IX,ZAMBOANGA SIBUGAY,TUNGAWAN,Res,FEMALE,On-Going
REGION IX,ZAMBOANGA SIBUGAY,TUNGAWAN,Res,FEMALE,On-Going
REGION IX,ZAMBOANGA SIBUGAY,TUNGAWAN,Res,MALE,On-Going
REGION IX,ZAMBOANGA SIBUGAY,TUNGAWAN,Res,FEMALE,Completed
REGION IX,ZAMBOANGA SIBUGAY,TUNGAWAN,Res,FEMALE,Completed
REGION IX,ZAMBOANGA SIBUGAY,TUNGAWAN,Res,MALE,On-Going
REGION IX,ZAMBOANGA SIBUGAY,TUNGAWAN,Res,FEMALE,On-Going
REGION IX,ZAMBOANGA SIBUGAY,TUNGAWAN,Res,MALE,On-Going
REGION IX,ZAMBOANGA SIBUGAY,TUNGAWAN,Res,FEMALE,On-Going
REGION IX,ZAMBOANGA SIBUGAY,TUNGAWAN,Res,MALE,On-Going
REGION IX,ZAMBOANGA SIBUGAY,TUNGAWAN,Com,MALE,Completed
REGION IX,ZAMBOANGA SIBUGAY,TUNGAWAN,Com,FEMALE,On-Going
REGION IX,ZAMBOANGA SIBUGAY,TUNGAWAN,Res,FEMALE,On-Going
REGION IX,ZAMBOANGA SIBUGAY,TUNGAWAN,Res,MALE,On-Going
REGION IX,ZAMBOANGA SIBUGAY,TUNGAWAN,Res,FEMALE,Completed
REGION IX,ZAMBOANGA SIBUGAY,TUNGAWAN,Res,FEMALE,On-Going
REGION IX,ZAMBOANGA SIBUGAY,TUNGAWAN,Com,FEMALE,On-Going
REGION IX,ZAMBOANGA SIBUGAY,TUNGAWAN,Res,MALE,On-Going
REGION IX,ZAMBOANGA SIBUGAY,TUNGAWAN,Res,MALE,On-Going
REGION IX,ZAMBOANGA SIBUGAY,TUNGAWAN,Res,MALE,On-Going
REGION IX,ZAMBOANGA SIBUGAY,TUNGAWAN,Res,FEMALE,On-Going
REGION IX,ZAMBOANGA SIBUGAY,TUNGAWAN,Res,FEMALE,On-Going
REGION IX,ZAMBOANGA SIBUGAY,TUNGAWAN,Res,FEMALE,On-Going
REGION IX,ZAMBOANGA SIBUGAY,TUNGAWAN,Ind,FEMALE,On-Going
REGION IX,ZAMBOANGA SIBUGAY,TUNGAWAN,Com,FEMALE,On-Going
REGION IX,ZAMBOANGA SIBUGAY,TUNGAWAN,Res,MALE,Completed
REGION IX,ZAMBOANGA SIBUGAY,TUNGAWAN,Res,MALE,On-Going
REGION IX,ZAMBOANGA SIBUGAY,TUNGAWAN,Res,FEMALE,On-Going
REGION VI,AKLAN,MALAY,Res,FEMALE,Completed
REGION VI,AKLAN,MALAY,Res,MALE,On-Going
REGION VI,AKLAN,MALAY,Res,FEMALE,On-Going
REGION VI,AKLAN,MALAY,Res,FEMALE,On-Going
REGION VI,AKLAN,MALAY,Ind,MALE,On-Going
REGION VI,AKLAN,MALAY,Ind,FEMALE,Completed
REGION VI,AKLAN,MALAY,Res,FEMALE,On-Going
REGION VI,AKLAN,MALAY,Res,MALE,On-Going
REGION III,NUEVA ECIJA,RIZAL,Res,MALE,On-Going
REGION III,NUEVA ECIJA,RIZAL,Res,MALE,Completed
REGION III,NUEVA ECIJA,RIZAL,Res,MALE,Completed
REGION III,NUEVA ECIJA,RIZAL,Res,FEMALE,On-Going
REGION III,NUEVA ECIJA,RIZAL,Com,MALE,On-Going
REGION III,NUEVA ECIJA,RIZAL,Res,MALE,On-Going
REGION III,NUEVA ECIJA,RIZAL,Res,FEMALE,On-Going
REGION III,NUEVA ECIJA,RIZAL,Res,FEMALE,On-Going
REGION III,NUEVA ECIJA,RIZAL,Ind,MALE,On-Going
REGION III,NUEVA ECIJA,RIZAL,Res,MALE,On-Going
REGION III,NUEVA ECIJA,RIZAL,Res,FEMALE,On-Going
REGION III,NUEVA ECIJA,RIZAL,Res,MALE,Completed
REGION III,NUEVA ECIJA,RIZAL,Ind,MALE,On-Going
REGION III,NUEVA ECIJA,RIZAL,Res,FEMALE,Completed
REGION III,NUEVA ECIJA,RIZAL,Res,MALE,On-Going
REGION III,NUEVA ECIJA,RIZAL,Res,MALE,On-Going
REGION III,NUEVA ECIJA,RIZAL,Res,FEMALE,Cancelled
REGION III,NUEVA ECIJA,RIZAL,Ind,FEMALE,Cancelled
REGION III,NUEVA ECIJA,RIZAL,Res,FEMALE,On-Going
REGION III,NUEVA ECIJA,RIZAL,Res,FEMALE,On-Going
REGION III,NUEVA ECIJA,RIZAL,Com,MALE,On-Going
CAR,MOUNTAIN PROVINCE,BAUKO,Res,MALE,On-Going
CAR,MOUNTAIN PROVINCE,BAUKO,Res,FEMALE,Pending
CAR,MOUNTAIN PROVINCE,BAUKO,Res,MALE,On-Going
CAR,MOUNTAIN PROVINCE,BAUKO,Res,MALE,Completed
CAR,MOUNTAIN PROVINCE,BAUKO,Com,MALE,On-Going
CAR,MOUNTAIN PROVINCE,BAUKO,Res,FEMALE,On-Going
REGION X,BUKIDNON,CABANGLASAN,Res,MALE,On-Going
REGION X,BUKIDNON,CABANGLASAN,Res,MALE,On-Going
REGION X,BUKIDNON,CABANGLASAN,Res,FEMALE,Completed
REGION X,BUKIDNON,CABANGLASAN,Res,FEMALE,On-Going
REGION X,BUKIDNON,CABANGLASAN,Ind,MALE,On-Going
REGION X,BUKIDNON,CABANGLASAN,Res,MALE,On-Going
REGION X,BUKIDNON,CABANGLASAN,Res,MALE,On-Going
REGION X,BUKIDNON,CABANGLASAN,Res,FEMALE,On-Going
REGION X,BUKIDNON,CABANGLASAN,Res,MALE,Cancelled
REGION X,BUKIDNON,CABANGLASAN,Res,FEMALE,Cancelled
REGION X,BUKIDNON,CABANGLASAN,Ind,FEMALE,Pending
REGION X,BUKIDNON,CABANGLASAN,Res,FEMALE,Completed
REGION X,BUKIDNON,CABANGLASAN,Res,MALE,On-Going
REGION X,BUKIDNON,CABANGLASAN,Res,MALE,On-Going
REGION X,BUKIDNON,CABANGLASAN,Res,MALE,Completed
REGION X,BUKIDNON,CABANGLASAN,Res,FEMALE,On-Going
REGION X,BUKIDNON,CABANGLASAN,Res,FEMALE,On-Going
REGION X,BUKIDNON,CABANGLASAN,Res,FEMALE,On-Going
REGION X,BUKIDNON,CABANGLASAN,Res,MALE,On-Going
REGION X,BUKIDNON,CABANGLASAN,Ind,FEMALE,Completed
REGION X,BUKIDNON,CABANGLASAN,Ind,MALE,Pending
REGION X,BUKIDNON,CABANGLASAN,Com,MALE,On-Going
REGION X,BUKIDNON,CABANGLASAN,Ind,MALE,On-Going
REGION X,BUKIDNON,CABANGLASAN,Res,FEMALE,On-Going
REGION X,BUKIDNON,CABANGLASAN,Res,FEMALE,On-Going
REGION I,PANGASINAN,BAUTISTA,Res,MALE,On-Going
REGION I,PANGASINAN,BAUTISTA,Res,MALE,On-Going
REGION I,PANGASINAN,BAUTISTA,Res,FEMALE,Cancelled
REGION I,PANGASINAN,BAUTISTA,Res,MALE,On-Going
REGION I,PANGASINAN,BAUTISTA,Res,MALE,On-Going
REGION I,PANGASINAN,BAUTISTA,Res,MALE,On-Going
REGION I,PANGASINAN,BAUTISTA,Ind,MALE,On-Going
REGION I,PANGASINAN,BAUTISTA,Res,MALE,Pending
REGION I,PANGASINAN,BAUTISTA,Res,FEMALE,On-Going
REGION I,PANGASINAN,BAUTISTA,Res,MALE,Completed
REGION I,PANGASINAN,BAUTISTA,Res,FEMALE,Completed
REGION I,PANGASINAN,BAUTISTA,Res,FEMALE,On-Going
REGION I,PANGASINAN,BAUTISTA,Res,FEMALE,On-Going
REGION I,PANGASINAN,BAUTISTA,Res,FEMALE,Completed
REGION I,PANGASINAN,BAUTISTA,Res,FEMALE,On-Going
REGION I,PANGASINAN,BAUTISTA,Res,MALE,Pending
REGION I,PANGASINAN,BAUTISTA,Res,FEMALE,On-Going
REGION I,ILOCOS NORTE,PINILI,Ind,FEMALE,On-Going
REGION I,ILOCOS NORTE,PINILI,Com,MALE,On-Going
REGION I,ILOCOS NORTE,PINILI,Res,MALE,On-Going
REGION I,ILOCOS NORTE,PINILI,Ind,FEMALE,On-Going
REGION I,ILOCOS NORTE,PINILI,Ind,FEMALE,Cancelled
REGION I,ILOCOS NORTE,PINILI,Res,MALE,Pending
REGION I,ILOCOS NORTE,PINILI,Res,MALE,Completed
REGION I,ILOCOS NORTE,PINILI,Com,MALE,On-Going
REGION I,ILOCOS NORTE,PINILI,Res,MALE,Completed
REGION I,ILOCOS NORTE,PINILI,Res,FEMALE,On-Going
REGION I,ILOCOS NORTE,PINILI,Res,MALE,Completed
REGION I,ILOCOS NORTE,PINILI,Res,MALE,Completed
REGION I,ILOCOS NORTE,PINILI,Res,FEMALE,On-Going
REGION I,ILOCOS NORTE,PINILI,Res,FEMALE,On-Going
REGION I,ILOCOS NORTE,PINILI,Ind,FEMALE,Completed
REGION I,ILOCOS NORTE,PINILI,Res,FEMALE,On-Going
REGION I,ILOCOS NORTE,PINILI,Res,MALE,Pending
REGION X,MISAMIS ORIENTAL,JASAAN,Res,MALE,Pending
REGION X,MISAMIS ORIENTAL,JASAAN,Res,FEMALE,On-Going
REGION X,MISAMIS ORIENTAL,JASAAN,Res,FEMALE,On-Going
REGION X,MISAMIS ORIENTAL,JASAAN,Res,FEMALE,On-Going
REGION X,MISAMIS ORIENTAL,JASAAN,Com,MALE,On-Going
REGION X,MISAMIS ORIENTAL,JASAAN,Res,FEMALE,Completed
REGION X,MISAMIS ORIENTAL,JASAAN,Res,FEMALE,On-Going
REGION X,MISAMIS ORIENTAL,JASAAN,Res,FEMALE,On-Going
REGION X,MISAMIS ORIENTAL,JASAAN,Com,FEMALE,Completed
REGION VIII,SAMAR (WESTERN SAMAR),PARANAS (WRIGHT),Res,MALE,On-Going
REGION VIII,SAMAR (WESTERN SAMAR),PARANAS (WRIGHT),Res,FEMALE,Pending
REGION VIII,SAMAR (WESTERN SAMAR),PARANAS (WRIGHT),Res,MALE,On-Going
REGION VIII,SAMAR (WESTERN SAMAR),PARANAS (WRIGHT),Res,FEMALE,On-Going
REGION VIII,SAMAR (WESTERN SAMAR),PARANAS (WRIGHT),Com,FEMALE,On-Going
REGION VIII,SAMAR (WESTERN SAMAR),PARANAS (WRIGHT),Res,FEMALE,On-Going
REGION VIII,SAMAR (WESTERN SAMAR),PARANAS (WRIGHT),Res,MALE,Completed
REGION VIII,SAMAR (WESTERN SAMAR),PARANAS (WRIGHT),Res,FEMALE,On-Going
REGION VIII,SAMAR (WESTERN SAMAR),PARANAS (WRIGHT),Res,FEMALE,On-Going
REGION VIII,SAMAR (WESTERN SAMAR),PARANAS (WRIGHT),Res,MALE,On-Going
REGION VIII,SAMAR (WESTERN SAMAR),PARANAS (WRIGHT),Res,FEMALE,Cancelled
REGION VIII,SAMAR (WESTERN SAMAR),PARANAS (WRIGHT),Res,FEMALE,On-Going
REGION VIII,SAMAR (WESTERN SAMAR),PARANAS (WRIGHT),Res,FEMALE,On-Going
REGION VIII,SAMAR (WESTERN SAMAR),PARANAS (WRIGHT),Res,FEMALE,On-Going
REGION VIII,SAMAR (WESTERN SAMAR),PARANAS (WRIGHT),Res,FEMALE,Completed
REGION VIII,SAMAR (WESTERN SAMAR),PARANAS (WRIGHT),Res,MALE,On-Going
REGION VIII,SAMAR (WESTERN SAMAR),PARANAS (WRIGHT),Res,MALE,On-Going
REGION VIII,SAMAR (WESTERN SAMAR),PARANAS (WRIGHT),Res,FEMALE,On-Going
REGION VIII,SAMAR (WESTERN SAMAR),PARANAS (WRIGHT),Res,MALE,On-Going
REGION VIII,SAMAR (WESTERN SAMAR),PARANAS (WRIGHT),Res,FEMALE,On-Going
REGION VIII,SAMAR (WESTERN SAMAR),PARANAS (WRIGHT),Res,FEMALE,On-Going
REGION VIII,SAMAR (WESTERN SAMAR),PARANAS (WRIGHT),Ind,FEMALE,On-Going
REGION VIII,SAMAR (WESTERN SAMAR),PARANAS (WRIGHT),Com,FEMALE,Completed
REGION VIII,SAMAR (WESTERN SAMAR),PARANAS (WRIGHT),Com,FEMALE,Pending
REGION VIII,SAMAR (WESTERN SAMAR),PARANAS (WRIGHT),Ind,FEMALE,Completed
REGION VIII,SAMAR (WESTERN SAMAR),PARANAS (WRIGHT),Res,FEMALE,On-Going
REGION VIII,SAMAR (WESTERN SAMAR),PARANAS (WRIGHT),Res,MALE,Completed
REGION VIII,SAMAR (WESTERN SAMAR),PARANAS (WRIGHT),Res,MALE,Completed
REGION VIII,SAMAR (WESTERN SAMAR),PARANAS (WRIGHT),Res,FEMALE,On-Going
REGION VIII,SAMAR (WESTERN SAMAR),PARANAS (WRIGHT),Res,MALE,On-Going
REGION VIII,SAMAR (WESTERN SAMAR),PARANAS (WRIGHT),Res,MALE,On-Going
REGION VIII,SAMAR (WESTERN SAMAR),PARANAS (WRIGHT),Com,FEMALE,Completed
REGION VIII,SAMAR (WESTERN SAMAR),PARANAS (WRIGHT),Res,MALE,On-Going
REGION VIII,SAMAR (WESTERN SAMAR),PARANAS (WRIGHT),Res,MALE,On-Going
REGION VIII,SAMAR (WESTERN SAMAR),PARANAS (WRIGHT),Com,FEMALE,On-Going
REGION VIII,SAMAR (WESTERN SAMAR),PARANAS (WRIGHT),Res,FEMALE,Completed
REGION VIII,SAMAR (WESTERN SAMAR),PARANAS (WRIGHT),Res,MALE,On-Going
REGION VIII,SAMAR (WESTERN SAMAR),PARANAS (WRIGHT),Res,FEMALE,On-Going
REGION VIII,SAMAR (WESTERN SAMAR),PARANAS (WRIGHT),Res,FEMALE,Completed
REGION VIII,SAMAR (WESTERN SAMAR),PARANAS (WRIGHT),Com,FEMALE,On-Going
REGION VIII,SAMAR (WESTERN SAMAR),PARANAS (WRIGHT),Res,MALE,Completed
REGION VIII,SAMAR (WESTERN SAMAR),PARANAS (WRIGHT),Com,FEMALE,On-Going
REGION VIII,SAMAR (WESTERN SAMAR),PARANAS (WRIGHT),Com,MALE,On-Going
REGION VIII,SAMAR (WESTERN SAMAR),PARANAS (WRIGHT),Res,FEMALE,Completed
REGION VIII,SAMAR (WESTERN SAMAR),PARANAS (WRIGHT),Res,FEMALE,On-Going
REGION VIII,SAMAR (WESTERN SAMAR),PARANAS (WRIGHT),Com,FEMALE,On-Going
REGION VIII,SAMAR (WESTERN SAMAR),PARANAS (WRIGHT),Ind,FEMALE,On-Going
REGION VIII,SAMAR (WESTERN SAMAR),PARANAS (WRIGHT),Res,FEMALE,On-Going
REGION VIII,NORTHERN SAMAR,MAPANAS,Res,FEMALE,On-Going
REGION VIII,NORTHERN SAMAR,MAPANAS,Res,FEMALE,Cancelled
REGION VIII,NORTHERN SAMAR,MAPANAS,Res,MALE,Completed
REGION VIII,NORTHERN SAMAR,MAPANAS,Res,FEMALE,On-Going
REGION VIII,NORTHERN SAMAR,MAPANAS,Res,MALE,Pending
REGION VIII,NORTHERN SAMAR,MAPANAS,Com,MALE,On-Going
REGION VIII,NORTHERN SAMAR,MAPANAS,Res,FEMALE,On-Going
REGION VIII,NORTHERN SAMAR,MAPANAS,Res,MALE,On-Going
REGION VIII,NORTHERN SAMAR,MAPANAS,Res,FEMALE,On-Going
REGION VIII,NORTHERN SAMAR,MAPANAS,Res,MALE,On-Going
REGION VIII,NORTHERN SAMAR,MAPANAS,Res,FEMALE,On-Going
REGION VIII,NORTHERN SAMAR,MAPANAS,Res,MALE,On-Going
REGION VIII,NORTHERN SAMAR,MAPANAS,Res,FEMALE,On-Going
REGION VIII,NORTHERN SAMAR,MAPANAS,Res,FEMALE,On-Going
REGION VIII,NORTHERN SAMAR,MAPANAS,Res,MALE,On-Going
REGION VIII,NORTHERN SAMAR,MAPANAS,Res,MALE,Completed
REGION VIII,NORTHERN SAMAR,MAPANAS,Res,FEMALE,On-Going
REGION VIII,NORTHERN SAMAR,MAPANAS,Res,FEMALE,Completed
REGION VIII,NORTHERN SAMAR,MAPANAS,Res,MALE,On-Going
REGION VIII,NORTHERN SAMAR,MAPANAS,Res,FEMALE,Cancelled
REGION VIII,NORTHERN SAMAR,MAPANAS,Res,MALE,On-Going
REGION VIII,NORTHERN SAMAR,MAPANAS,Com,FEMALE,Completed
REGION VIII,NORTHERN SAMAR,MAPANAS,Res,FEMALE,On-Going
REGION VIII,NORTHERN SAMAR,MAPANAS,Res,MALE,Completed
REGION VIII,NORTHERN SAMAR,MAPANAS,Ind,MALE,On-Going
REGION VIII,NORTHERN SAMAR,MAPANAS,Ind,MALE,On-Going
REGION VIII,NORTHERN SAMAR,MAPANAS,Res,FEMALE,On-Going
REGION VIII,NORTHERN SAMAR,MAPANAS,Com,FEMALE,On-Going
REGION VIII,NORTHERN SAMAR,MAPANAS,Com,FEMALE,Cancelled
REGION VIII,NORTHERN SAMAR,MAPANAS,Ind,MALE,Cancelled
REGION VIII,NORTHERN SAMAR,MAPANAS,Res,MALE,Cancelled
REGION VIII,NORTHERN SAMAR,MAPANAS,Ind,MALE,On-Going
REGION VIII,NORTHERN SAMAR,MAPANAS,Res,FEMALE,On-Going
REGION VIII,NORTHERN SAMAR,MAPANAS,Res,MALE,On-Going
REGION VIII,NORTHERN SAMAR,MAPANAS,Res,MALE,Completed
REGION VIII,NORTHERN SAMAR,MAPANAS,Res,MALE,Cancelled
REGION VIII,NORTHERN SAMAR,MAPANAS,Res,MALE,On-Going
REGION VIII,NORTHERN SAMAR,MAPANAS,Com,FEMALE,Completed
REGION VIII,NORTHERN SAMAR,MAPANAS,Res,MALE,Cancelled
REGION VIII,NORTHERN SAMAR,MAPANAS,Res,FEMALE,On-Going
REGION VIII,NORTHERN SAMAR,MAPANAS,Res,FEMALE,Completed
REGION VIII,NORTHERN SAMAR,MAPANAS,Res,MALE,On-Going
REGION VIII,NORTHERN SAMAR,MAPANAS,Res,MALE,On-Going
REGION VIII,NORTHERN SAMAR,MAPANAS,Res,FEMALE,On-Going
REGION VI,ANTIQUE,BARBAZA,Res,MALE,Completed
REGION VI,ANTIQUE,BARBAZA,Res,MALE,Completed
REGION VI,ANTIQUE,BARBAZA,Res,MALE,Completed
REGION VI,ANTIQUE,BARBAZA,Res,MALE,Completed
REGION VI,ANTIQUE,BARBAZA,Res,FEMALE,Completed
REGION IX,ZAMBOANGA DEL SUR,SOMINOT (DON MARIANO MARCOS),Com,FEMALE,On-Going
REGION IX,ZAMBOANGA DEL SUR,SOMINOT (DON MARIANO MARCOS),Com,MALE,On-Going
REGION IX,ZAMBOANGA DEL SUR,SOMINOT (DON MARIANO MARCOS),Res,MALE,On-Going
REGION IX,ZAMBOANGA DEL SUR,SOMINOT (DON MARIANO MARCOS),Ind,FEMALE,On-Going
REGION IX,ZAMBOANGA DEL SUR,SOMINOT (DON MARIANO MARCOS),Res,FEMALE,Completed
REGION IX,ZAMBOANGA DEL SUR,SOMINOT (DON MARIANO MARCOS),Res,MALE,Completed
REGION IX,ZAMBOANGA DEL SUR,SOMINOT (DON MARIANO MARCOS),Res,FEMALE,On-Going
REGION IX,ZAMBOANGA DEL SUR,SOMINOT (DON MARIANO MARCOS),Res,FEMALE,Completed
REGION IX,ZAMBOANGA DEL SUR,SOMINOT (DON MARIANO MARCOS),Res,MALE,On-Going
REGION IX,ZAMBOANGA DEL SUR,SOMINOT (DON MARIANO MARCOS),Res,FEMALE,On-Going
REGION IX,ZAMBOANGA DEL SUR,SOMINOT (DON MARIANO MARCOS),Res,FEMALE,Completed
REGION IX,ZAMBOANGA DEL SUR,SOMINOT (DON MARIANO MARCOS),Com,FEMALE,On-Going
REGION IX,ZAMBOANGA DEL SUR,SOMINOT (DON MARIANO MARCOS),Com,FEMALE,Cancelled
REGION IX,ZAMBOANGA DEL SUR,SOMINOT (DON MARIANO MARCOS),Res,FEMALE,On-Going
REGION IX,ZAMBOANGA DEL SUR,SOMINOT (DON MARIANO MARCOS),Res,MALE,On-Going
REGION IX,ZAMBOANGA DEL SUR,SOMINOT (DON MARIANO MARCOS),Res,MALE,On-Going
REGION IX,ZAMBOANGA DEL SUR,SOMINOT (DON MARIANO MARCOS),Ind,FEMALE,On-Going
REGION IX,ZAMBOANGA DEL SUR,SOMINOT (DON MARIANO MARCOS),Com,MALE,On-Going
REGION IX,ZAMBOANGA DEL SUR,SOMINOT (DON MARIANO MARCOS),Res,MALE,On-Going
REGION IX,ZAMBOANGA DEL SUR,SOMINOT (DON MARIANO MARCOS),Res,FEMALE,On-Going
REGION IX,ZAMBOANGA DEL SUR,SOMINOT (DON MARIANO MARCOS),Res,FEMALE,Completed
REGION IX,ZAMBOANGA DEL SUR,SOMINOT (DON MARIANO MARCOS),Ind,MALE,On-Going
REGION IX,ZAMBOANGA DEL SUR,SOMINOT (DON MARIANO MARCOS),Res,FEMALE,Completed
REGION IX,ZAMBOANGA DEL SUR,SOMINOT (DON MARIANO MARCOS),Res,MALE,Pending
REGION IX,ZAMBOANGA DEL SUR,SOMINOT (DON MARIANO MARCOS),Res,FEMALE,On-Going
REGION IX,ZAMBOANGA DEL SUR,SOMINOT (DON MARIANO MARCOS),Res,FEMALE,On-Going
REGION IX,ZAMBOANGA DEL SUR,SOMINOT (DON MARIANO MARCOS),Res,MALE,Completed
REGION IX,ZAMBOANGA DEL SUR,SOMINOT (DON MARIANO MARCOS),Res,FEMALE,On-Going
REGION IX,ZAMBOANGA DEL SUR,SOMINOT (DON MARIANO MARCOS),Res,FEMALE,Completed
REGION IX,ZAMBOANGA DEL SUR,SOMINOT (DON MARIANO MARCOS),Com,FEMALE,On-Going
REGION IX,ZAMBOANGA DEL SUR,SOMINOT (DON MARIANO MARCOS),Res,FEMALE,On-Going
REGION IX,ZAMBOANGA DEL SUR,SOMINOT (DON MARIANO MARCOS),Res,MALE,On-Going
REGION IX,ZAMBOANGA DEL SUR,SOMINOT (DON MARIANO MARCOS),Res,MALE,On-Going
REGION IX,ZAMBOANGA DEL SUR,SOMINOT (DON MARIANO MARCOS),Res,MALE,On-Going
REGION IX,ZAMBOANGA DEL SUR,SOMINOT (DON MARIANO MARCOS),Res,MALE,On-Going
REGION IX,ZAMBOANGA DEL SUR,SOMINOT (DON MARIANO MARCOS),Ind,FEMALE,On-Going
REGION IX,ZAMBOANGA DEL SUR,SOMINOT (DON MARIANO MARCOS),Res,FEMALE,On-Going
REGION IX,ZAMBOANGA DEL SUR,SOMINOT (DON MARIANO MARCOS),Res,MALE,On-Going
REGION IX,ZAMBOANGA DEL SUR,SOMINOT (DON MARIANO MARCOS),Res,MALE,On-Going
REGION IX,ZAMBOANGA DEL SUR,SOMINOT (DON MARIANO MARCOS),Res,FEMALE,On-Going
REGION IX,ZAMBOANGA DEL SUR,SOMINOT (DON MARIANO MARCOS),Res,FEMALE,Completed
REGION IX,ZAMBOANGA DEL SUR,SOMINOT (DON MARIANO MARCOS),Ind,MALE,On-Going
REGION IX,ZAMBOANGA DEL SUR,SOMINOT (DON MARIANO MARCOS),Res,MALE,Completed
REGION IX,ZAMBOANGA DEL SUR,SOMINOT (DON MARIANO MARCOS),Res,MALE,On-Going
REGION IX,ZAMBOANGA DEL SUR,SOMINOT (DON MARIANO MARCOS),Res,MALE,On-Going
REGION IX,ZAMBOANGA DEL SUR,SOMINOT (DON MARIANO MARCOS),Ind,FEMALE,On-Going
REGION I,ILOCOS SUR,GALIMUYOD,Res,FEMALE,On-Going
REGION I,ILOCOS SUR,GALIMUYOD,Res,FEMALE,On-Going
REGION I,ILOCOS SUR,GALIMUYOD,Com,FEMALE,Completed
REGION I,ILOCOS SUR,GALIMUYOD,Res,MALE,On-Going
REGION I,ILOCOS SUR,GALIMUYOD,Res,FEMALE,On-Going
REGION I,ILOCOS SUR,GALIMUYOD,Res,MALE,On-Going
REGION I,ILOCOS SUR,GALIMUYOD,Res,FEMALE,On-Going
REGION I,ILOCOS SUR,GALIMUYOD,Res,MALE,Completed
REGION I,ILOCOS SUR,GALIMUYOD,Ind,FEMALE,On-Going
REGION I,ILOCOS SUR,GALIMUYOD,Res,MALE,Completed
REGION I,ILOCOS SUR,GALIMUYOD,Res,FEMALE,On-Going
REGION I,ILOCOS SUR,GALIMUYOD,Res,MALE,On-Going
REGION I,ILOCOS SUR,GALIMUYOD,Res,MALE,On-Going
REGION I,ILOCOS SUR,GALIMUYOD,Res,MALE,On-Going
REGION I,ILOCOS SUR,GALIMUYOD,Res,FEMALE,On-Going
REGION I,ILOCOS SUR,GALIMUYOD,Res,MALE,Pending
REGION I,ILOCOS SUR,GALIMUYOD,Res,FEMALE,On-Going
REGION I,ILOCOS SUR,GALIMUYOD,Res,MALE,On-Going
REGION I,ILOCOS SUR,GALIMUYOD,Res,FEMALE,On-Going
REGION I,ILOCOS SUR,GALIMUYOD,Res,MALE,On-Going
REGION I,ILOCOS SUR,GALIMUYOD,Com,MALE,Completed
REGION I,ILOCOS SUR,GALIMUYOD,Res,MALE,On-Going
REGION I,ILOCOS SUR,GALIMUYOD,Ind,MALE,On-Going
REGION I,ILOCOS SUR,GALIMUYOD,Res,MALE,On-Going
REGION I,ILOCOS SUR,GALIMUYOD,Com,FEMALE,On-Going
REGION I,ILOCOS SUR,GALIMUYOD,Res,MALE,Completed
REGION I,ILOCOS SUR,GALIMUYOD,Ind,MALE,On-Going
REGION I,ILOCOS SUR,GALIMUYOD,Res,FEMALE,On-Going
REGION I,ILOCOS SUR,GALIMUYOD,Res,FEMALE,Completed
REGION I,ILOCOS SUR,GALIMUYOD,Res,FEMALE,On-Going
REGION I,ILOCOS SUR,GALIMUYOD,Res,FEMALE,Pending
REGION I,ILOCOS SUR,GALIMUYOD,Res,MALE,On-Going
REGION I,ILOCOS SUR,GALIMUYOD,Res,MALE,Completed
REGION I,ILOCOS SUR,GALIMUYOD,Res,MALE,Pending
REGION I,ILOCOS SUR,GALIMUYOD,Res,MALE,Cancelled
REGION I,ILOCOS SUR,GALIMUYOD,Res,FEMALE,On-Going
REGION I,ILOCOS SUR,GALIMUYOD,Res,FEMALE,On-Going
REGION I,ILOCOS SUR,GALIMUYOD,Res,FEMALE,On-Going
REGION I,ILOCOS SUR,GALIMUYOD,Res,FEMALE,Completed
REGION I,ILOCOS SUR,GALIMUYOD,Com,FEMALE,On-Going
REGION I,ILOCOS SUR,GALIMUYOD,Res,MALE,Completed
REGION I,ILOCOS SUR,GALIMUYOD,Ind,MALE,Completed
REGION I,ILOCOS SUR,GALIMUYOD,Res,MALE,On-Going
REGION I,ILOCOS SUR,GALIMUYOD,Res,MALE,On-Going
REGION I,ILOCOS SUR,GALIMUYOD,Res,FEMALE,On-Going
REGION I,ILOCOS SUR,GALIMUYOD,Res,FEMALE,On-Going
REGION I,ILOCOS SUR,GALIMUYOD,Res,MALE,On-Going
REGION IV-A,BATANGAS,BATANGAS CITY (CAPITAL),Res,MALE,On-Going
REGION IV-A,BATANGAS,BATANGAS CITY (CAPITAL),Res,MALE,On-Going
REGION IV-A,BATANGAS,BATANGAS CITY (CAPITAL),Res,FEMALE,Completed
REGION IV-A,BATANGAS,BATANGAS CITY (CAPITAL),Res,FEMALE,On-Going
REGION IV-A,BATANGAS,BATANGAS CITY (CAPITAL),Ind,FEMALE,On-Going
REGION IV-A,BATANGAS,BATANGAS CITY (CAPITAL),Res,FEMALE,Cancelled
REGION IV-A,BATANGAS,BATANGAS CITY (CAPITAL),Res,MALE,On-Going
REGION IV-A,BATANGAS,BATANGAS CITY (CAPITAL),Res,FEMALE,Completed
REGION IV-A,BATANGAS,BATANGAS CITY (CAPITAL),Res,FEMALE,Pending
REGION IV-A,BATANGAS,BATANGAS CITY (CAPITAL),Ind,MALE,On-Going
REGION IV-A,BATANGAS,BATANGAS CITY (CAPITAL),Res,FEMALE,On-Going
REGION IV-A,BATANGAS,BATANGAS CITY (CAPITAL),Res,MALE,On-Going
REGION IV-A,BATANGAS,BATANGAS CITY (CAPITAL),Res,FEMALE,On-Going
REGION IV-A,BATANGAS,BATANGAS CITY (CAPITAL),Res,FEMALE,On-Going
REGION IV-A,BATANGAS,BATANGAS CITY (CAPITAL),Res,MALE,On-Going
REGION IV-A,BATANGAS,BATANGAS CITY (CAPITAL),Ind,MALE,On-Going
REGION IV-A,BATANGAS,BATANGAS CITY (CAPITAL),Res,FEMALE,On-Going
REGION IV-A,BATANGAS,BATANGAS CITY (CAPITAL),Res,MALE,Completed
BARMM,TAWI-TAWI,MAPUN (CAGAYAN DE TAWI-TAWI),Res,FEMALE,On-Going
BARMM,TAWI-TAWI,MAPUN (CAGAYAN DE TAWI-TAWI),Res,MALE,On-Going
BARMM,TAWI-TAWI,MAPUN (CAGAYAN DE TAWI-TAWI),Res,MALE,On-Going
BARMM,TAWI-TAWI,MAPUN (CAGAYAN DE TAWI-TAWI),Res,MALE,Completed
BARMM,TAWI-TAWI,MAPUN (CAGAYAN DE TAWI-TAWI),Res,MALE,On-Going
BARMM,TAWI-TAWI,MAPUN (CAGAYAN DE TAWI-TAWI),Res,MALE,Completed
BARMM,TAWI-TAWI,MAPUN (CAGAYAN DE TAWI-TAWI),Res,MALE,On-Going
BARMM,TAWI-TAWI,MAPUN (CAGAYAN DE TAWI-TAWI),Ind,FEMALE,On-Going
BARMM,TAWI-TAWI,MAPUN (CAGAYAN DE TAWI-TAWI),Res,MALE,On-Going
BARMM,TAWI-TAWI,MAPUN (CAGAYAN DE TAWI-TAWI),Res,MALE,On-Going
BARMM,TAWI-TAWI,MAPUN (CAGAYAN DE TAWI-TAWI),Res,MALE,Cancelled
BARMM,TAWI-TAWI,MAPUN (CAGAYAN DE TAWI-TAWI),Res,MALE,On-Going
BARMM,TAWI-TAWI,MAPUN (CAGAYAN DE TAWI-TAWI),Res,MALE,On-Going
BARMM,TAWI-TAWI,MAPUN (CAGAYAN DE TAWI-TAWI),Res,FEMALE,On-Going
BARMM,TAWI-TAWI,MAPUN (CAGAYAN DE TAWI-TAWI),Res,MALE,On-Going
BARMM,TAWI-TAWI,MAPUN (CAGAYAN DE TAWI-TAWI),Res,MALE,On-Going
BARMM,TAWI-TAWI,MAPUN (CAGAYAN DE TAWI-TAWI),Res,FEMALE,On-Going
BARMM,TAWI-TAWI,MAPUN (CAGAYAN DE TAWI-TAWI),Res,FEMALE,On-Going
BARMM,TAWI-TAWI,MAPUN (CAGAYAN DE TAWI-TAWI),Res,FEMALE,On-Going
BARMM,TAWI-TAWI,MAPUN (CAGAYAN DE TAWI-TAWI),Res,MALE,Cancelled
BARMM,TAWI-TAWI,MAPUN (CAGAYAN DE TAWI-TAWI),Res,MALE,Completed
BARMM,TAWI-TAWI,MAPUN (CAGAYAN DE TAWI-TAWI),Res,FEMALE,On-Going
BARMM,TAWI-TAWI,MAPUN (CAGAYAN DE TAWI-TAWI),Res,MALE,Completed
BARMM,TAWI-TAWI,MAPUN (CAGAYAN DE TAWI-TAWI),Res,MALE,Completed
BARMM,TAWI-TAWI,MAPUN (CAGAYAN DE TAWI-TAWI),Res,FEMALE,On-Going
BARMM,TAWI-TAWI,MAPUN (CAGAYAN DE TAWI-TAWI),Res,MALE,Pending
BARMM,TAWI-TAWI,MAPUN (CAGAYAN DE TAWI-TAWI),Res,MALE,On-Going
BARMM,TAWI-TAWI,MAPUN (CAGAYAN DE TAWI-TAWI),Res,MALE,On-Going
BARMM,TAWI-TAWI,MAPUN (CAGAYAN DE TAWI-TAWI),Res,FEMALE,On-Going
BARMM,TAWI-TAWI,MAPUN (CAGAYAN DE TAWI-TAWI),Res,FEMALE,On-Going
BARMM,TAWI-TAWI,MAPUN (CAGAYAN DE TAWI-TAWI),Res,FEMALE,Cancelled
BARMM,TAWI-TAWI,MAPUN (CAGAYAN DE TAWI-TAWI),Com,FEMALE,On-Going
BARMM,TAWI-TAWI,MAPUN (CAGAYAN DE TAWI-TAWI),Res,MALE,On-Going
BARMM,TAWI-TAWI,MAPUN (CAGAYAN DE TAWI-TAWI),Res,FEMALE,On-Going
BARMM,TAWI-TAWI,MAPUN (CAGAYAN DE TAWI-TAWI),Ind,FEMALE,On-Going
BARMM,TAWI-TAWI,MAPUN (CAGAYAN DE TAWI-TAWI),Com,MALE,On-Going
BARMM,TAWI-TAWI,MAPUN (CAGAYAN DE TAWI-TAWI),Res,MALE,Completed
BARMM,TAWI-TAWI,MAPUN (CAGAYAN DE TAWI-TAWI),Com,MALE,Completed
BARMM,TAWI-TAWI,MAPUN (CAGAYAN DE TAWI-TAWI),Res,FEMALE,On-Going
REGION VI,ILOILO,BAROTAC NUEVO,Res,MALE,Completed
REGION VI,ILOILO,BAROTAC NUEVO,Res,MALE,Pending
REGION VI,ILOILO,BAROTAC NUEVO,Res,MALE,On-Going
REGION VI,ILOILO,BAROTAC NUEVO,Com,MALE,On-Going
REGION VI,ILOILO,BAROTAC NUEVO,Ind,MALE,On-Going
REGION VI,ILOILO,BAROTAC NUEVO,Ind,MALE,On-Going
REGION VI,ILOILO,BAROTAC NUEVO,Res,FEMALE,On-Going
REGION VI,ILOILO,BAROTAC NUEVO,Ind,MALE,On-Going
REGION VI,ILOILO,BAROTAC NUEVO,Res,FEMALE,On-Going
REGION VI,ILOILO,BAROTAC NUEVO,Res,FEMALE,On-Going
REGION VI,ILOILO,BAROTAC NUEVO,Com,FEMALE,On-Going
REGION VI,ILOILO,BAROTAC NUEVO,Res,MALE,On-Going
REGION VI,ILOILO,BAROTAC NUEVO,Res,MALE,On-Going
REGION VI,ILOILO,BAROTAC NUEVO,Res,FEMALE,On-Going
REGION VI,ILOILO,BAROTAC NUEVO,Res,FEMALE,On-Going
REGION VI,ILOILO,BAROTAC NUEVO,Res,FEMALE,On-Going
REGION VI,ILOILO,BAROTAC NUEVO,Res,FEMALE,Cancelled
REGION VI,ILOILO,BAROTAC NUEVO,Ind,MALE,Pending
REGION VI,ILOILO,BAROTAC NUEVO,Ind,MALE,On-Going
REGION VI,ILOILO,BAROTAC NUEVO,Res,MALE,On-Going
REGION VI,ILOILO,BAROTAC NUEVO,Res,MALE,Completed
REGION VI,ILOILO,BAROTAC NUEVO,Res,MALE,Cancelled
REGION VI,ILOILO,BAROTAC NUEVO,Res,MALE,On-Going
REGION VI,ILOILO,BAROTAC NUEVO,Res,FEMALE,On-Going
REGION VI,ILOILO,BAROTAC NUEVO,Res,MALE,On-Going
REGION VI,ILOILO,BAROTAC NUEVO,Res,MALE,Completed
REGION VI,ILOILO,BAROTAC NUEVO,Res,FEMALE,On-Going
REGION VI,ILOILO,BAROTAC NUEVO,Res,MALE,Completed
REGION VI,ILOILO,BAROTAC NUEVO,Res,FEMALE,On-Going
REGION VI,ILOILO,BAROTAC NUEVO,Res,MALE,On-Going
REGION VI,ILOILO,BAROTAC NUEVO,Res,FEMALE,On-Going
REGION VI,ILOILO,BAROTAC NUEVO,Res,MALE,Completed
REGION VI,ILOILO,BAROTAC NUEVO,Res,FEMALE,On-Going
REGION VI,ILOILO,BAROTAC NUEVO,Ind,MALE,On-Going
REGION VI,ILOILO,BAROTAC NUEVO,Res,FEMALE,On-Going
REGION VI,ILOILO,BAROTAC NUEVO,Res,MALE,On-Going
REGION VI,ILOILO,BAROTAC NUEVO,Res,FEMALE,On-Going
REGION VI,ILOILO,BAROTAC NUEVO,Res,FEMALE,On-Going
REGION VI,ILOILO,BAROTAC NUEVO,Res,MALE,On-Going
REGION VI,ILOILO,BAROTAC NUEVO,Ind,MALE,On-Going
REGION VI,ILOILO,BAROTAC NUEVO,Res,MALE,On-Going
REGION VI,ILOILO,BAROTAC NUEVO,Res,FEMALE,On-Going
REGION VI,ILOILO,BAROTAC NUEVO,Ind,MALE,On-Going
REGION VI,ILOILO,BAROTAC NUEVO,Res,MALE,Cancelled
REGION VI,ILOILO,BAROTAC NUEVO,Res,FEMALE,On-Going
REGION VI,ILOILO,BAROTAC NUEVO,Res,MALE,On-Going
REGION VI,ILOILO,BAROTAC NUEVO,Res,FEMALE,On-Going
REGION I,ILOCOS NORTE,LAOAG CITY (CAPITAL),Res,MALE,On-Going
REGION I,ILOCOS NORTE,LAOAG CITY (CAPITAL),Res,FEMALE,Cancelled
REGION I,ILOCOS NORTE,LAOAG CITY (CAPITAL),Res,FEMALE,On-Going
REGION I,ILOCOS NORTE,LAOAG CITY (CAPITAL),Res,MALE,Completed
REGION I,ILOCOS NORTE,LAOAG CITY (CAPITAL),Res,FEMALE,On-Going
REGION I,ILOCOS NORTE,LAOAG CITY (CAPITAL),Res,MALE,On-Going
REGION I,ILOCOS NORTE,LAOAG CITY (CAPITAL),Ind,FEMALE,On-Going
REGION I,ILOCOS NORTE,LAOAG CITY (CAPITAL),Com,MALE,On-Going
REGION I,ILOCOS NORTE,LAOAG CITY (CAPITAL),Ind,MALE,Completed
REGION I,ILOCOS NORTE,LAOAG CITY (CAPITAL),Res,FEMALE,On-Going
REGION I,ILOCOS NORTE,LAOAG CITY (CAPITAL),Res,FEMALE,On-Going
REGION I,ILOCOS NORTE,LAOAG CITY (CAPITAL),Res,FEMALE,On-Going
REGION I,ILOCOS NORTE,LAOAG CITY (CAPITAL),Com,MALE,On-Going
REGION I,ILOCOS NORTE,LAOAG CITY (CAPITAL),Res,FEMALE,Cancelled
REGION I,ILOCOS NORTE,LAOAG CITY (CAPITAL),Res,MALE,On-Going
REGION I,ILOCOS NORTE,LAOAG CITY (CAPITAL),Res,FEMALE,Completed
REGION I,ILOCOS NORTE,LAOAG CITY (CAPITAL),Res,MALE,Completed
REGION I,ILOCOS NORTE,LAOAG CITY (CAPITAL),Res,MALE,Completed
REGION I,ILOCOS NORTE,LAOAG CITY (CAPITAL),Res,MALE,Cancelled
REGION I,ILOCOS NORTE,LAOAG CITY (CAPITAL),Res,MALE,Completed
REGION I,ILOCOS NORTE,LAOAG CITY (CAPITAL),Res,MALE,Completed
REGION XI,DAVAO DEL NORTE,ASUNCION (SAUG),Res,FEMALE,Cancelled
REGION XI,DAVAO DEL NORTE,ASUNCION (SAUG),Res,FEMALE,On-Going
REGION XI,DAVAO DEL NORTE,ASUNCION (SAUG),Res,MALE,On-Going
REGION XI,DAVAO DEL NORTE,ASUNCION (SAUG),Res,FEMALE,On-Going
REGION XI,DAVAO DEL NORTE,ASUNCION (SAUG),Res,FEMALE,Pending
REGION XI,DAVAO DEL NORTE,ASUNCION (SAUG),Res,FEMALE,On-Going
REGION XI,DAVAO DEL NORTE,ASUNCION (SAUG),Res,MALE,Completed
REGION XI,DAVAO DEL NORTE,ASUNCION (SAUG),Res,MALE,Pending
REGION XI,DAVAO DEL NORTE,ASUNCION (SAUG),Ind,MALE,On-Going
REGION XI,DAVAO DEL NORTE,ASUNCION (SAUG),Res,MALE,On-Going
REGION XI,DAVAO DEL NORTE,ASUNCION (SAUG),Res,FEMALE,On-Going
REGION XI,DAVAO DEL NORTE,ASUNCION (SAUG),Res,FEMALE,On-Going
REGION XI,DAVAO DEL NORTE,ASUNCION (SAUG),Res,MALE,Completed
REGION XI,DAVAO DEL NORTE,ASUNCION (SAUG),Res,MALE,Completed
REGION XI,DAVAO DEL NORTE,ASUNCION (SAUG),Res,MALE,On-Going
REGION XI,DAVAO DEL NORTE,ASUNCION (SAUG),Com,MALE,On-Going
REGION XI,DAVAO DEL NORTE,ASUNCION (SAUG),Ind,MALE,On-Going
REGION XI,DAVAO DEL NORTE,ASUNCION (SAUG),Res,FEMALE,On-Going
REGION XI,DAVAO DEL NORTE,ASUNCION (SAUG),Res,MALE,On-Going
REGION XI,DAVAO DEL NORTE,ASUNCION (SAUG),Res,FEMALE,On-Going
REGION XI,DAVAO DEL NORTE,ASUNCION (SAUG),Com,FEMALE,On-Going
REGION XI,DAVAO DEL NORTE,ASUNCION (SAUG),Com,FEMALE,Pending
REGION XI,DAVAO DEL NORTE,ASUNCION (SAUG),Res,FEMALE,Completed
REGION XI,DAVAO DEL NORTE,ASUNCION (SAUG),Res,MALE,Completed
REGION XI,DAVAO DEL NORTE,ASUNCION (SAUG),Res,FEMALE,On-Going
REGION XI,DAVAO DEL NORTE,ASUNCION (SAUG),Res,MALE,On-Going
REGION XI,DAVAO DEL NORTE,ASUNCION (SAUG),Res,FEMALE,On-Going
REGION XI,DAVAO DEL NORTE,ASUNCION (SAUG),Res,FEMALE,On-Going
REGION XI,DAVAO DEL NORTE,ASUNCION (SAUG),Res,FEMALE,On-Going
REGION XI,DAVAO DEL NORTE,ASUNCION (SAUG),Res,MALE,On-Going
REGION XI,DAVAO DEL NORTE,ASUNCION (SAUG),Res,MALE,On-Going
REGION XI,DAVAO DEL NORTE,ASUNCION (SAUG),Res,MALE,On-Going
REGION XI,DAVAO DEL NORTE,ASUNCION (SAUG),Res,FEMALE,On-Going
REGION XI,DAVAO DEL NORTE,ASUNCION (SAUG),Res,FEMALE,On-Going
REGION XI,DAVAO DEL NORTE,ASUNCION (SAUG),Res,FEMALE,On-Going
REGION XI,DAVAO DEL NORTE,ASUNCION (SAUG),Res,FEMALE,Completed
REGION XI,DAVAO DEL NORTE,ASUNCION (SAUG),Res,MALE,On-Going
REGION XI,DAVAO DEL NORTE,ASUNCION (SAUG),Res,FEMALE,Cancelled
REGION XI,DAVAO DEL NORTE,ASUNCION (SAUG),Res,MALE,Completed
REGION XI,DAVAO DEL NORTE,ASUNCION (SAUG),Res,MALE,On-Going
REGION XI,DAVAO DEL NORTE,ASUNCION (SAUG),Res,MALE,On-Going
REGION XI,DAVAO DEL NORTE,ASUNCION (SAUG),Res,FEMALE,Completed
REGION III,TARLAC,PURA,Res,MALE,On-Going
REGION III,TARLAC,PURA,Res,MALE,On-Going
REGION III,TARLAC,PURA,Res,MALE,On-Going
REGION III,TARLAC,PURA,Res,FEMALE,Completed
REGION III,TARLAC,PURA,Res,MALE,On-Going
REGION III,TARLAC,PURA,Res,FEMALE,Completed
REGION III,TARLAC,PURA,Res,FEMALE,On-Going
REGION III,TARLAC,PURA,Com,FEMALE,On-Going
REGION III,TARLAC,PURA,Res,FEMALE,On-Going
REGION III,TARLAC,PURA,Res,FEMALE,Cancelled
REGION III,TARLAC,PURA,Res,MALE,On-Going
REGION III,TARLAC,PURA,Res,MALE,On-Going
REGION I,PANGASINAN,POZORRUBIO,Res,FEMALE,Pending
REGION I,PANGASINAN,POZORRUBIO,Res,MALE,On-Going
REGION I,PANGASINAN,POZORRUBIO,Res,FEMALE,Completed
REGION I,PANGASINAN,POZORRUBIO,Res,MALE,Completed
REGION I,PANGASINAN,POZORRUBIO,Res,FEMALE,Completed
REGION I,PANGASINAN,POZORRUBIO,Com,FEMALE,On-Going
REGION I,PANGASINAN,POZORRUBIO,Res,FEMALE,Completed
REGION I,PANGASINAN,POZORRUBIO,Res,MALE,Pending
REGION I,PANGASINAN,POZORRUBIO,Ind,FEMALE,Completed
REGION I,PANGASINAN,POZORRUBIO,Res,MALE,Completed
REGION I,PANGASINAN,POZORRUBIO,Res,FEMALE,On-Going
REGION I,PANGASINAN,POZORRUBIO,Res,FEMALE,Completed
REGION I,PANGASINAN,POZORRUBIO,Res,MALE,On-Going
REGION I,PANGASINAN,POZORRUBIO,Res,MALE,On-Going
REGION I,PANGASINAN,POZORRUBIO,Res,MALE,On-Going
REGION I,PANGASINAN,POZORRUBIO,Res,FEMALE,On-Going
REGION I,PANGASINAN,POZORRUBIO,Res,MALE,On-Going
REGION I,PANGASINAN,POZORRUBIO,Res,FEMALE,On-Going
REGION I,PANGASINAN,POZORRUBIO,Res,FEMALE,Completed
REGION I,PANGASINAN,POZORRUBIO,Res,MALE,Completed
REGION I,PANGASINAN,POZORRUBIO,Res,MALE,On-Going
REGION I,PANGASINAN,POZORRUBIO,Res,FEMALE,On-Going
REGION I,PANGASINAN,POZORRUBIO,Res,FEMALE,On-Going
REGION I,PANGASINAN,POZORRUBIO,Res,FEMALE,Cancelled
REGION I,PANGASINAN,POZORRUBIO,Com,MALE,On-Going
REGION I,PANGASINAN,POZORRUBIO,Ind,MALE,On-Going
REGION IV-A,LAGUNA,SANTA CRUZ (CAPITAL),Res,FEMALE,On-Going
REGION IV-A,LAGUNA,SANTA CRUZ (CAPITAL),Res,FEMALE,On-Going
REGION IV-A,LAGUNA,SANTA CRUZ (CAPITAL),Com,FEMALE,On-Going
REGION IV-A,LAGUNA,SANTA CRUZ (CAPITAL),Ind,MALE,On-Going
REGION IV-A,LAGUNA,SANTA CRUZ (CAPITAL),Ind,MALE,On-Going
REGION IV-A,LAGUNA,SANTA CRUZ (CAPITAL),Res,MALE,Completed
REGION IV-A,LAGUNA,SANTA CRUZ (CAPITAL),Ind,FEMALE,Completed
REGION IV-A,LAGUNA,SANTA CRUZ (CAPITAL),Res,FEMALE,Completed
REGION IV-A,LAGUNA,SANTA CRUZ (CAPITAL),Res,MALE,On-Going
REGION IV-A,LAGUNA,SANTA CRUZ (CAPITAL),Res,MALE,Cancelled
REGION IV-A,LAGUNA,SANTA CRUZ (CAPITAL),Com,FEMALE,On-Going
REGION IV-A,LAGUNA,SANTA CRUZ (CAPITAL),Res,FEMALE,Completed
REGION IV-A,LAGUNA,SANTA CRUZ (CAPITAL),Res,FEMALE,On-Going
REGION IV-A,LAGUNA,SANTA CRUZ (CAPITAL),Res,FEMALE,On-Going
REGION IV-A,LAGUNA,SANTA CRUZ (CAPITAL),Ind,FEMALE,On-Going
REGION IV-A,LAGUNA,SANTA CRUZ (CAPITAL),Ind,FEMALE,On-Going
REGION IV-A,LAGUNA,SANTA CRUZ (CAPITAL),Ind,MALE,On-Going
REGION IV-A,LAGUNA,SANTA CRUZ (CAPITAL),Res,FEMALE,On-Going
REGION IV-A,LAGUNA,SANTA CRUZ (CAPITAL),Res,MALE,On-Going
REGION IV-A,LAGUNA,SANTA CRUZ (CAPITAL),Res,FEMALE,On-Going
REGION IV-A,LAGUNA,SANTA CRUZ (CAPITAL),Res,FEMALE,Completed
REGION IV-A,LAGUNA,SANTA CRUZ (CAPITAL),Res,FEMALE,On-Going
REGION IV-A,LAGUNA,SANTA CRUZ (CAPITAL),Res,MALE,Cancelled
REGION IV-A,LAGUNA,SANTA CRUZ (CAPITAL),Res,MALE,On-Going
REGION IV-A,LAGUNA,SANTA CRUZ (CAPITAL),Res,FEMALE,Completed
REGION IV-A,LAGUNA,SANTA CRUZ (CAPITAL),Res,MALE,Completed
REGION IV-A,LAGUNA,SANTA CRUZ (CAPITAL),Res,FEMALE,On-Going
REGION IV-A,LAGUNA,SANTA CRUZ (CAPITAL),Com,MALE,On-Going
REGION IV-A,LAGUNA,SANTA CRUZ (CAPITAL),Res,FEMALE,Pending
REGION IV-A,LAGUNA,SANTA CRUZ (CAPITAL),Res,MALE,On-Going
REGION IV-A,LAGUNA,SANTA CRUZ (CAPITAL),Com,MALE,On-Going
REGION IV-A,LAGUNA,SANTA CRUZ (CAPITAL),Res,MALE,On-Going
REGION IV-A,LAGUNA,SANTA CRUZ (CAPITAL),Ind,FEMALE,On-Going
REGION IV-A,LAGUNA,SANTA CRUZ (CAPITAL),Res,MALE,On-Going
REGION IV-A,LAGUNA,SANTA CRUZ (CAPITAL),Res,MALE,On-Going
